partition_id,book,genre,start_token,text,word_count
TheWonderfulWizardOfOz_partition_a,TheWonderfulWizardOfOz,fantasy,7296,"at the tin legs, which hurt his teeth. “Did you groan?” asked Dorothy. “Yes,” answered the tin man, “I did. I’ve been groaning for more than a year, and no one has ever heard me before or come to help me.” “What can I do for you?” she inquired softly, for she was moved by the sad voice in which the man spoke. “Get an oil-can and oil my joints,” he answered. “They are rusted so badly that I cannot move them at all; if I am well oiled I shall soon be all right again. You will find an",100
TheWonderfulWizardOfOz_partition_b,TheWonderfulWizardOfOz,fantasy,1639,"her eyes growing bigger and bigger at the wonderful sights she saw. The cyclone had set the house down very gently—for a cyclone—in the midst of a country of marvelous beauty. There were lovely patches of greensward all about, with stately trees bearing rich and luscious fruits. Banks of gorgeous flowers were on every hand, and birds with rare and brilliant plumage sang and fluttered in the trees and bushes. A little way off was a small brook, rushing and sparkling along between green banks, and murmuring in a voice very grateful to a little girl who had lived so",100
TheWonderfulWizardOfOz_partition_c,TheWonderfulWizardOfOz,fantasy,18024,"him your message. He said he will grant you an audience, if you so desire; but each one of you must enter his presence alone, and he will admit but one each day. Therefore, as you must remain in the Palace for several days, I will have you shown to rooms where you may rest in comfort after your journey.” “Thank you,” replied the girl; “that is very kind of Oz.” The soldier now blew upon a green whistle, and at once a young girl, dressed in a pretty green silk gown, entered the room. She had lovely green hair",100
TheWonderfulWizardOfOz_partition_d,TheWonderfulWizardOfOz,fantasy,16049,"like something to eat besides fruit,” said the girl, “and I’m sure Toto is nearly starved. Let us stop at the next house and talk to the people.” So, when they came to a good-sized farmhouse, Dorothy walked boldly up to the door and knocked. A woman opened it just far enough to look out, and said, “What do you want, child, and why is that great Lion with you?” “We wish to pass the night with you, if you will allow us,” answered Dorothy; “and the Lion is my friend and comrade, and would not hurt you for the",100
TheWonderfulWizardOfOz_partition_e,TheWonderfulWizardOfOz,fantasy,14628,"must all serve him, and obey his slightest wish.” “We will!” cried all the mice, in a shrill chorus. And then they scampered in all directions, for Toto had awakened from his sleep, and seeing all these mice around him he gave one bark of delight and jumped right into the middle of the group. Toto had always loved to chase mice when he lived in Kansas, and he saw no harm in it. But the Tin Woodman caught the dog in his arms and held him tight, while he called to the mice, “Come back! Come back! Toto shall",100
TheWonderfulWizardOfOz_partition_f,TheWonderfulWizardOfOz,fantasy,9144,"Emerald City. But my father went there once, when I was a boy, and he said it was a long journey through a dangerous country, although nearer to the city where Oz dwells the country is beautiful. But I am not afraid so long as I have my oil-can, and nothing can hurt the Scarecrow, while you bear upon your forehead the mark of the Good Witch’s kiss, and that will protect you from harm.” “But Toto!” said the girl anxiously. “What will protect him?” “We must protect him ourselves if he is in danger,” replied the Tin Woodman. Just",100
TheWonderfulWizardOfOz_partition_g,TheWonderfulWizardOfOz,fantasy,6717,"said Dorothy. “Certainly; that is why I know it,” returned the Scarecrow. “If it required brains to figure it out, I never should have said it.” After an hour or so the light faded away, and they found themselves stumbling along in the darkness. Dorothy could not see at all, but Toto could, for some dogs see very well in the dark; and the Scarecrow declared he could see as well as by day. So she took hold of his arm and managed to get along fairly well. “If you see any house, or any place where we can pass",100
TheWonderfulWizardOfOz_partition_h,TheWonderfulWizardOfOz,fantasy,35741,"you mean by coming here and frightening my cow?” “I’m very sorry,” returned Dorothy. “Please forgive us.” But the pretty milkmaid was much too vexed to make any answer. She picked up the leg sulkily and led her cow away, the poor animal limping on three legs. As she left them the milkmaid cast many reproachful glances over her shoulder at the clumsy strangers, holding her nicked elbow close to her side. Dorothy was quite grieved at this mishap. “We must be very careful here,” said the kind-hearted Woodman, “or we may hurt these pretty little people so they will",100
TheWonderfulWizardOfOz_partition_i,TheWonderfulWizardOfOz,fantasy,5697,"I could eat, the straw I am stuffed with would come out, and that would spoil the shape of my head.” Dorothy saw at once that this was true, so she only nodded and went on eating her bread. “Tell me something about yourself and the country you came from,” said the Scarecrow, when she had finished her dinner. So she told him all about Kansas, and how gray everything was there, and how the cyclone had carried her to this queer Land of Oz. The Scarecrow listened carefully, and said, “I cannot understand why you should wish to leave",100
TheWonderfulWizardOfOz_partition_j,TheWonderfulWizardOfOz,fantasy,38698,"Winged Monkeys to carry you to the gates of the Emerald City,” said Glinda, “for it would be a shame to deprive the people of so wonderful a ruler.” “Am I really wonderful?” asked the Scarecrow. “You are unusual,” replied Glinda. Turning to the Tin Woodman, she asked, “What will become of you when Dorothy leaves this country?” He leaned on his axe and thought a moment. Then he said, “The Winkies were very kind to me, and wanted me to rule over them after the Wicked Witch died. I am fond of the Winkies, and if I could get",100
TheWonderfulWizardOfOz_partition_k,TheWonderfulWizardOfOz,fantasy,27651,"all the other Monkeys at once agreed to the condition, and that is how it happens that we are three times the slaves of the owner of the Golden Cap, whosoever he may be.” “And what became of them?” asked Dorothy, who had been greatly interested in the story. “Quelala being the first owner of the Golden Cap,” replied the Monkey, “he was the first to lay his wishes upon us. As his bride could not bear the sight of us, he called us all to him in the forest after he had married her and ordered us always to",100
TheWonderfulWizardOfOz_partition_l,TheWonderfulWizardOfOz,fantasy,2082,"who had been carried by a cyclone many miles from home; and she had never killed anything in all her life. But the little woman evidently expected her to answer; so Dorothy said, with hesitation, “You are very kind, but there must be some mistake. I have not killed anything.” “Your house did, anyway,” replied the little old woman, with a laugh, “and that is the same thing. See!” she continued, pointing to the corner of the house. “There are her two feet, still sticking out from under a block of wood.” Dorothy looked, and gave a little cry of",100
TheWonderfulWizardOfOz_partition_m,TheWonderfulWizardOfOz,fantasy,1952,"covered with wrinkles, her hair was nearly white, and she walked rather stiffly. When these people drew near the house where Dorothy was standing in the doorway, they paused and whispered among themselves, as if afraid to come farther. But the little old woman walked up to Dorothy, made a low bow and said, in a sweet voice: “You are welcome, most noble Sorceress, to the land of the Munchkins. We are so grateful to you for having killed the Wicked Witch of the East, and for setting our people free from bondage.” Dorothy listened to this speech with wonder.",100
TheWonderfulWizardOfOz_partition_n,TheWonderfulWizardOfOz,fantasy,6140,"what a mouth was for. I had the fun of watching them make my body and my arms and legs; and when they fastened on my head, at last, I felt very proud, for I thought I was just as good a man as anyone. “‘This fellow will scare the crows fast enough,’ said the farmer. ‘He looks just like a man.’ “‘Why, he is a man,’ said the other, and I quite agreed with him. The farmer carried me under his arm to the cornfield, and set me up on a tall stick, where you found me. He and",100
TheWonderfulWizardOfOz_partition_o,TheWonderfulWizardOfOz,fantasy,14328,"mouth was wide open, showing two rows of ugly teeth, while its red eyes glowed like balls of fire. As it came nearer the Tin Woodman saw that running before the beast was a little gray field mouse, and although he had no heart he knew it was wrong for the Wildcat to try to kill such a pretty, harmless creature. So the Woodman raised his axe, and as the Wildcat ran by he gave it a quick blow that cut the beast’s head clean off from its body, and it rolled over at his feet in two pieces. The",100
TheWonderfulWizardOfOz_partition_p,TheWonderfulWizardOfOz,fantasy,15247,"and the Queen made a curtsy, after which she became quite friendly with the little girl. The Scarecrow and the Woodman now began to fasten the mice to the truck, using the strings they had brought. One end of a string was tied around the neck of each mouse and the other end to the truck. Of course the truck was a thousand times bigger than any of the mice who were to draw it; but when all the mice had been harnessed, they were able to pull it quite easily. Even the Scarecrow and the Tin Woodman could sit",100
TheWonderfulWizardOfOz_partition_q,TheWonderfulWizardOfOz,fantasy,33118,"I am content in knowing I am as brave as any beast that ever lived, if not braver,” said the Lion modestly. “If Dorothy would only be contented to live in the Emerald City,” continued the Scarecrow, “we might all be happy together.” “But I don’t want to live here,” cried Dorothy. “I want to go to Kansas, and live with Aunt Em and Uncle Henry.” “Well, then, what can be done?” inquired the Woodman. The Scarecrow decided to think, and he thought so hard that the pins and needles began to stick out of his brains. Finally he said:",100
TheWonderfulWizardOfOz_partition_r,TheWonderfulWizardOfOz,fantasy,39453,"then she stopped so suddenly that she rolled over upon the grass several times before she knew where she was. At length, however, she sat up and looked about her. “Good gracious!” she cried. For she was sitting on the broad Kansas prairie, and just before her was the new farmhouse Uncle Henry built after the cyclone had carried away the old one. Uncle Henry was milking the cows in the barnyard, and Toto had jumped out of her arms and was running toward the barn, barking furiously. Dorothy stood up and found she was in her stocking-feet. For the",100
TheWonderfulWizardOfOz_partition_s,TheWonderfulWizardOfOz,fantasy,1739,"long on the dry, gray prairies. While she stood looking eagerly at the strange and beautiful sights, she noticed coming toward her a group of the queerest people she had ever seen. They were not as big as the grown folk she had always been used to; but neither were they very small. In fact, they seemed about as tall as Dorothy, who was a well-grown child for her age, although they were, so far as looks go, many years older. Three were men and one a woman, and all were oddly dressed. They wore round hats that rose to",100
TheWonderfulWizardOfOz_partition_t,TheWonderfulWizardOfOz,fantasy,36781,"of every variety. There were tigers and elephants and bears and wolves and foxes and all the others in the natural history, and for a moment Dorothy was afraid. But the Lion explained that the animals were holding a meeting, and he judged by their snarling and growling that they were in great trouble. As he spoke several of the beasts caught sight of him, and at once the great assemblage hushed as if by magic. The biggest of the tigers came up to the Lion and bowed, saying: “Welcome, O King of Beasts! You have come in good time",100
TheWonderfulWizardOfOz_partition_u,TheWonderfulWizardOfOz,fantasy,13031,"to cheer them, and had they not felt so sorry for the poor Scarecrow, they could have been very happy. They walked along as fast as they could, Dorothy only stopping once to pick a beautiful flower; and after a time the Tin Woodman cried out: “Look!” Then they all looked at the river and saw the Scarecrow perched upon his pole in the middle of the water, looking very lonely and sad. “What can we do to save him?” asked Dorothy. The Lion and the Woodman both shook their heads, for they did not know. So they sat down",100
TheWonderfulWizardOfOz_partition_v,TheWonderfulWizardOfOz,fantasy,35713,"“See what you have done! My cow has broken her leg, and I must take her to the mender’s shop and have it glued on again. What do you mean by coming here and frightening my cow?” “I’m very sorry,” returned Dorothy. “Please forgive us.” But the pretty milkmaid was much too vexed to make any answer. She picked up the leg sulkily and led her cow away, the poor animal limping on three legs. As she left them the milkmaid cast many reproachful glances over her shoulder at the clumsy strangers, holding her nicked elbow close to her side.",100
TheWonderfulWizardOfOz_partition_w,TheWonderfulWizardOfOz,fantasy,27493,"top of the water, and swam in to shore. But when Gayelette came running out to him she found his silks and velvet all ruined by the river. “The princess was angry, and she knew, of course, who did it. She had all the Winged Monkeys brought before her, and she said at first that their wings should be tied and they should be treated as they had treated Quelala, and dropped in the river. But my grandfather pleaded hard, for he knew the Monkeys would drown in the river with their wings tied, and Quelala said a kind word",100
TheWonderfulWizardOfOz_partition_x,TheWonderfulWizardOfOz,fantasy,14446,"Woodman it said, in a squeaky little voice: “Oh, thank you! Thank you ever so much for saving my life.” “Don’t speak of it, I beg of you,” replied the Woodman. “I have no heart, you know, so I am careful to help all those who may need a friend, even if it happens to be only a mouse.” “Only a mouse!” cried the little animal, indignantly. “Why, I am a Queen—the Queen of all the Field Mice!” “Oh, indeed,” said the Woodman, making a bow. “Therefore you have done a great deed, as well as a brave one, in",100
TheWonderfulWizardOfOz_partition_y,TheWonderfulWizardOfOz,fantasy,29439,"when oil was poured upon it the ball burned fiercely. “Really,” said the Scarecrow, “you ought to be ashamed of yourself for being such a humbug.” “I am—I certainly am,” answered the little man sorrowfully; “but it was the only thing I could do. Sit down, please, there are plenty of chairs; and I will tell you my story.” So they sat down and listened while he told the following tale. “I was born in Omaha—” “Why, that isn’t very far from Kansas!” cried Dorothy. “No, but it’s farther from here,” he said, shaking his head at her sadly. “When",100
TheWonderfulWizardOfOz_partition_z,TheWonderfulWizardOfOz,fantasy,38618,"shall need their service just those three times,” answered Glinda, smiling. Dorothy then gave her the Golden Cap, and the Witch said to the Scarecrow, “What will you do when Dorothy has left us?” “I will return to the Emerald City,” he replied, “for Oz has made me its ruler and the people like me. The only thing that worries me is how to cross the hill of the Hammer-Heads.” “By means of the Golden Cap I shall command the Winged Monkeys to carry you to the gates of the Emerald City,” said Glinda, “for it would be a shame",100
TheWonderfulWizardOfOz_partition_aa,TheWonderfulWizardOfOz,fantasy,18231,"the air, to fall back into a beautifully carved green marble basin. Beautiful green flowers stood in the windows, and there was a shelf with a row of little green books. When Dorothy had time to open these books she found them full of queer green pictures that made her laugh, they were so funny. In a wardrobe were many green dresses, made of silk and satin and velvet; and all of them fitted Dorothy exactly. “Make yourself perfectly at home,” said the green girl, “and if you wish for anything ring the bell. Oz will send for you tomorrow",100
TheWonderfulWizardOfOz_partition_ab,TheWonderfulWizardOfOz,fantasy,425,"were four walls, a floor and a roof, which made one room; and this room contained a rusty looking cookstove, a cupboard for the dishes, a table, three or four chairs, and the beds. Uncle Henry and Aunt Em had a big bed in one corner, and Dorothy a little bed in another corner. There was no garret at all, and no cellar—except a small hole dug in the ground, called a cyclone cellar, where the family could go in case one of those great whirlwinds arose, mighty enough to crush any building in its path. It was reached by",100
TheWonderfulWizardOfOz_partition_ac,TheWonderfulWizardOfOz,fantasy,10463,"do wrong; but I have no heart, and so I must be very careful. When Oz gives me a heart of course I needn’t mind so much.” Chapter VII The Journey to the Great Oz They were obliged to camp out that night under a large tree in the forest, for there were no houses near. The tree made a good, thick covering to protect them from the dew, and the Tin Woodman chopped a great pile of wood with his axe and Dorothy built a splendid fire that warmed her and made her feel less lonely. She and Toto",100
TheWonderfulWizardOfOz_partition_ad,TheWonderfulWizardOfOz,fantasy,27696,"interested in the story. “Quelala being the first owner of the Golden Cap,” replied the Monkey, “he was the first to lay his wishes upon us. As his bride could not bear the sight of us, he called us all to him in the forest after he had married her and ordered us always to keep where she could never again set eyes on a Winged Monkey, which we were glad to do, for we were all afraid of her. “This was all we ever had to do until the Golden Cap fell into the hands of the Wicked Witch",100
TheWonderfulWizardOfOz_partition_ae,TheWonderfulWizardOfOz,fantasy,22298,"bees cannot sting them.” This the Woodman did, and as Dorothy lay close beside the Lion and held Toto in her arms, the straw covered them entirely. The bees came and found no one but the Woodman to sting, so they flew at him and broke off all their stings against the tin, without hurting the Woodman at all. And as bees cannot live when their stings are broken that was the end of the black bees, and they lay scattered thick about the Woodman, like little heaps of fine coal. Then Dorothy and the Lion got up, and the",100
TheWonderfulWizardOfOz_partition_af,TheWonderfulWizardOfOz,fantasy,18210,"velvet counterpane. There was a tiny fountain in the middle of the room, that shot a spray of green perfume into the air, to fall back into a beautifully carved green marble basin. Beautiful green flowers stood in the windows, and there was a shelf with a row of little green books. When Dorothy had time to open these books she found them full of queer green pictures that made her laugh, they were so funny. In a wardrobe were many green dresses, made of silk and satin and velvet; and all of them fitted Dorothy exactly. “Make yourself perfectly",100
TheWonderfulWizardOfOz_partition_ag,TheWonderfulWizardOfOz,fantasy,10189,"friends. During the rest of that day there was no other adventure to mar the peace of their journey. Once, indeed, the Tin Woodman stepped upon a beetle that was crawling along the road, and killed the poor little thing. This made the Tin Woodman very unhappy, for he was always careful not to hurt any living creature; and as he walked along he wept several tears of sorrow and regret. These tears ran slowly down his face and over the hinges of his jaw, and there they rusted. When Dorothy presently asked him a question the Tin Woodman could",100
TheWonderfulWizardOfOz_partition_ah,TheWonderfulWizardOfOz,fantasy,14110,"in beautiful green fields before them. “We can do nothing for him,” said the Tin Woodman, sadly; “for he is much too heavy to lift. We must leave him here to sleep on forever, and perhaps he will dream that he has found courage at last.” “I’m sorry,” said the Scarecrow. “The Lion was a very good comrade for one so cowardly. But let us go on.” They carried the sleeping girl to a pretty spot beside the river, far enough from the poppy field to prevent her breathing any more of the poison of the flowers, and here they",100
TheWonderfulWizardOfOz_partition_ai,TheWonderfulWizardOfOz,fantasy,22059,"and he stood up and stretched out his arms. And when the crows saw him they were frightened, as these birds always are by scarecrows, and did not dare to come any nearer. But the King Crow said: “It is only a stuffed man. I will peck his eyes out.” The King Crow flew at the Scarecrow, who caught it by the head and twisted its neck until it died. And then another crow flew at him, and the Scarecrow twisted its neck also. There were forty crows, and forty times the Scarecrow twisted a neck, until at last all",100
TheWonderfulWizardOfOz_partition_aj,TheWonderfulWizardOfOz,fantasy,6698,"is at the other end of the road, we must go wherever it leads us.” “Anyone would know that,” said Dorothy. “Certainly; that is why I know it,” returned the Scarecrow. “If it required brains to figure it out, I never should have said it.” After an hour or so the light faded away, and they found themselves stumbling along in the darkness. Dorothy could not see at all, but Toto could, for some dogs see very well in the dark; and the Scarecrow declared he could see as well as by day. So she took hold of his arm",100
TheWonderfulWizardOfOz_partition_ak,TheWonderfulWizardOfOz,fantasy,6078,"remarked the Munchkin who was watching the farmer. “‘Blue paint is just the color for eyes.’ “‘I think I’ll make the other a little bigger,’” said the farmer. And when the second eye was done I could see much better than before. Then he made my nose and my mouth. But I did not speak, because at that time I didn’t know what a mouth was for. I had the fun of watching them make my body and my arms and legs; and when they fastened on my head, at last, I felt very proud, for I thought I was",100
TheWonderfulWizardOfOz_partition_al,TheWonderfulWizardOfOz,fantasy,24898,"to the castle, where Dorothy’s first act was to call all the Winkies together and tell them that they were no longer slaves. There was great rejoicing among the yellow Winkies, for they had been made to work hard during many years for the Wicked Witch, who had always treated them with great cruelty. They kept this day as a holiday, then and ever after, and spent the time in feasting and dancing. “If our friends, the Scarecrow and the Tin Woodman, were only with us,” said the Lion, “I should be quite happy.” “Don’t you suppose we could rescue",100
TheWonderfulWizardOfOz_partition_am,TheWonderfulWizardOfOz,fantasy,6338,"that I was quite an important person. By and by an old crow flew near me, and after looking at me carefully he perched upon my shoulder and said: “‘I wonder if that farmer thought to fool me in this clumsy manner. Any crow of sense could see that you are only stuffed with straw.’ Then he hopped down at my feet and ate all the corn he wanted. The other birds, seeing he was not harmed by me, came to eat the corn too, so in a short time there was a great flock of them about me. “I",100
TheWonderfulWizardOfOz_partition_an,TheWonderfulWizardOfOz,fantasy,23526,"them was, and that the little girl did not know of the wonderful power the Silver Shoes gave her. So the Wicked Witch laughed to herself, and thought, “I can still make her my slave, for she does not know how to use her power.” Then she said to Dorothy, harshly and severely: “Come with me; and see that you mind everything I tell you, for if you do not I will make an end of you, as I did of the Tin Woodman and the Scarecrow.” Dorothy followed her through many of the beautiful rooms in her castle until",100
TheWonderfulWizardOfOz_partition_ao,TheWonderfulWizardOfOz,fantasy,22541,"to the castle the Wicked Witch beat them well with a strap, and sent them back to their work, after which she sat down to think what she should do next. She could not understand how all her plans to destroy these strangers had failed; but she was a powerful Witch, as well as a wicked one, and she soon made up her mind how to act. There was, in her cupboard, a Golden Cap, with a circle of diamonds and rubies running round it. This Golden Cap had a charm. Whoever owned it could call three times upon the",100
TheWonderfulWizardOfOz_partition_ap,TheWonderfulWizardOfOz,fantasy,17335,"the City must wear spectacles night and day. They are all locked on, for Oz so ordered it when the City was first built, and I have the only key that will unlock them.” He opened the big box, and Dorothy saw that it was filled with spectacles of every size and shape. All of them had green glasses in them. The Guardian of the Gates found a pair that would just fit Dorothy and put them over her eyes. There were two golden bands fastened to them that passed around the back of her head, where they were locked",100
TheWonderfulWizardOfOz_partition_aq,TheWonderfulWizardOfOz,fantasy,2847,"East was proud of those silver shoes,” said one of the Munchkins, “and there is some charm connected with them; but what it is we never knew.” Dorothy carried the shoes into the house and placed them on the table. Then she came out again to the Munchkins and said: “I am anxious to get back to my aunt and uncle, for I am sure they will worry about me. Can you help me find my way?” The Munchkins and the Witch first looked at one another, and then at Dorothy, and then shook their heads. “At the East, not",100
TheWonderfulWizardOfOz_partition_ar,TheWonderfulWizardOfOz,fantasy,30108,"I heard your house had fallen on the Wicked Witch of the East. When you came to me, I was willing to promise anything if you would only do away with the other Witch; but, now that you have melted her, I am ashamed to say that I cannot keep my promises.” “I think you are a very bad man,” said Dorothy. “Oh, no, my dear; I’m really a very good man, but I’m a very bad Wizard, I must admit.” “Can’t you give me brains?” asked the Scarecrow. “You don’t need them. You are learning something every day. A",100
TheWonderfulWizardOfOz_partition_as,TheWonderfulWizardOfOz,fantasy,35142,"over the top of the wall the Scarecrow said, “Oh, my!” “Go on,” exclaimed Dorothy. So the Scarecrow climbed farther up and sat down on the top of the wall, and Dorothy put her head over and cried, “Oh, my!” just as the Scarecrow had done. Then Toto came up, and immediately began to bark, but Dorothy made him be still. The Lion climbed the ladder next, and the Tin Woodman came last; but both of them cried, “Oh, my!” as soon as they looked over the wall. When they were all sitting in a row on the top of",100
TheWonderfulWizardOfOz_partition_at,TheWonderfulWizardOfOz,fantasy,8180,"could earn enough money to build a better house for her; so I set to work harder than ever. But the girl lived with an old woman who did not want her to marry anyone, for she was so lazy she wished the girl to remain with her and do the cooking and the housework. So the old woman went to the Wicked Witch of the East, and promised her two sheep and a cow if she would prevent the marriage. Thereupon the Wicked Witch enchanted my axe, and when I was chopping away at my best one day, for",100
TheWonderfulWizardOfOz_partition_au,TheWonderfulWizardOfOz,fantasy,24807,"put it on her foot again. Then, being at last free to do as she chose, she ran out to the courtyard to tell the Lion that the Wicked Witch of the West had come to an end, and that they were no longer prisoners in a strange land. Chapter XIII The Rescue The Cowardly Lion was much pleased to hear that the Wicked Witch had been melted by a bucket of water, and Dorothy at once unlocked the gate of his prison and set him free. They went in together to the castle, where Dorothy’s first act was to",100
TheWonderfulWizardOfOz_partition_av,TheWonderfulWizardOfOz,fantasy,5164,"awfully sorry for you.” “Do you think,” he asked, “if I go to the Emerald City with you, that Oz would give me some brains?” “I cannot tell,” she returned, “but you may come with me, if you like. If Oz will not give you any brains you will be no worse off than you are now.” “That is true,” said the Scarecrow. “You see,” he continued confidentially, “I don’t mind my legs and arms and body being stuffed, because I cannot get hurt. If anyone treads on my toes or sticks a pin into me, it doesn’t matter, for",100
TheWonderfulWizardOfOz_partition_aw,TheWonderfulWizardOfOz,fantasy,36178,"sure I could love you dearly. Won’t you let me carry you back to Kansas, and stand you on Aunt Em’s mantel? I could carry you in my basket.” “That would make me very unhappy,” answered the china Princess. “You see, here in our country we live contentedly, and can talk and move around as we please. But whenever any of us are taken away our joints at once stiffen, and we can only stand straight and look pretty. Of course that is all that is expected of us when we are on mantels and cabinets and drawing-room tables, but",100
TheWonderfulWizardOfOz_partition_ax,TheWonderfulWizardOfOz,fantasy,19213,"they looked at Dorothy again. “Why should I do this for you?” asked Oz. “Because you are strong and I am weak; because you are a Great Wizard and I am only a little girl.” “But you were strong enough to kill the Wicked Witch of the East,” said Oz. “That just happened,” returned Dorothy simply; “I could not help it.” “Well,” said the Head, “I will give you my answer. You have no right to expect me to send you back to Kansas unless you do something for me in return. In this country everyone must pay for everything",100
TheWonderfulWizardOfOz_partition_ay,TheWonderfulWizardOfOz,fantasy,23700,"Lion like a horse; it would amuse her, she was sure, to make him draw her chariot whenever she wished to go to drive. But as she opened the gate the Lion gave a loud roar and bounded at her so fiercely that the Witch was afraid, and ran out and shut the gate again. “If I cannot harness you,” said the Witch to the Lion, speaking through the bars of the gate, “I can starve you. You shall have nothing to eat until you do as I wish.” So after that she took no food to the imprisoned Lion;",100
TheWonderfulWizardOfOz_partition_az,TheWonderfulWizardOfOz,fantasy,37837,"The Monkeys were as prompt as ever, and in a few moments the entire band stood before her. “What are your commands?” inquired the King of the Monkeys, bowing low. “Carry us over the hill to the country of the Quadlings,” answered the girl. “It shall be done,” said the King, and at once the Winged Monkeys caught the four travelers and Toto up in their arms and flew away with them. As they passed over the hill the Hammer-Heads yelled with vexation, and shot their heads high in the air, but they could not reach the Winged Monkeys, which",100
TheWonderfulWizardOfOz_partition_ba,TheWonderfulWizardOfOz,fantasy,12601,"certainly get to the Emerald City if we can,” the Scarecrow continued, and he pushed so hard on his long pole that it stuck fast in the mud at the bottom of the river. Then, before he could pull it out again—or let go—the raft was swept away, and the poor Scarecrow was left clinging to the pole in the middle of the river. “Good-bye!” he called after them, and they were very sorry to leave him. Indeed, the Tin Woodman began to cry, but fortunately remembered that he might rust, and so dried his tears on Dorothy’s apron. Of",100
TheWonderfulWizardOfOz_partition_bb,TheWonderfulWizardOfOz,fantasy,4558,"asked. “I do not know,” answered Boq gravely, “for I have never been there. It is better for people to keep away from Oz, unless they have business with him. But it is a long way to the Emerald City, and it will take you many days. The country here is rich and pleasant, but you must pass through rough and dangerous places before you reach the end of your journey.” This worried Dorothy a little, but she knew that only the Great Oz could help her get to Kansas again, so she bravely resolved not to turn back. She",100
TheWonderfulWizardOfOz_partition_bc,TheWonderfulWizardOfOz,fantasy,3003,"West. And that country, where the Winkies live, is ruled by the Wicked Witch of the West, who would make you her slave if you passed her way.” “The North is my home,” said the old lady, “and at its edge is the same great desert that surrounds this Land of Oz. I’m afraid, my dear, you will have to live with us.” Dorothy began to sob at this, for she felt lonely among all these strange people. Her tears seemed to grieve the kind-hearted Munchkins, for they immediately took out their handkerchiefs and began to weep also. As for",100
TheWonderfulWizardOfOz_partition_bd,TheWonderfulWizardOfOz,fantasy,14935,"to save him I promise that he shall treat you all with kindness.” “Very well,” said the Queen, “we trust you. But what shall we do?” “Are there many of these mice which call you Queen and are willing to obey you?” “Oh, yes; there are thousands,” she replied. “Then send for them all to come here as soon as possible, and let each one bring a long piece of string.” The Queen turned to the mice that attended her and told them to go at once and get all her people. As soon as they heard her orders they",100
TheWonderfulWizardOfOz_partition_be,TheWonderfulWizardOfOz,fantasy,18965,"her sharply and steadily. Then the mouth moved, and Dorothy heard a voice say: “I am Oz, the Great and Terrible. Who are you, and why do you seek me?” It was not such an awful voice as she had expected to come from the big Head; so she took courage and answered: “I am Dorothy, the Small and Meek. I have come to you for help.” The eyes looked at her thoughtfully for a full minute. Then said the voice: “Where did you get the silver shoes?” “I got them from the Wicked Witch of the East, when my",100
TheWonderfulWizardOfOz_partition_bf,TheWonderfulWizardOfOz,fantasy,5229,"he continued confidentially, “I don’t mind my legs and arms and body being stuffed, because I cannot get hurt. If anyone treads on my toes or sticks a pin into me, it doesn’t matter, for I can’t feel it. But I do not want people to call me a fool, and if my head stays stuffed with straw instead of with brains, as yours is, how am I ever to know anything?” “I understand how you feel,” said the little girl, who was truly sorry for him. “If you will come with me I’ll ask Oz to do all he",100
TheWonderfulWizardOfOz_partition_bg,TheWonderfulWizardOfOz,fantasy,15256,"became quite friendly with the little girl. The Scarecrow and the Woodman now began to fasten the mice to the truck, using the strings they had brought. One end of a string was tied around the neck of each mouse and the other end to the truck. Of course the truck was a thousand times bigger than any of the mice who were to draw it; but when all the mice had been harnessed, they were able to pull it quite easily. Even the Scarecrow and the Tin Woodman could sit on it, and were drawn swiftly by their queer",100
TheWonderfulWizardOfOz_partition_bh,TheWonderfulWizardOfOz,fantasy,6619,"roadside now, and the land was rough and untilled. Toward evening they came to a great forest, where the trees grew so big and close together that their branches met over the road of yellow brick. It was almost dark under the trees, for the branches shut out the daylight; but the travelers did not stop, and went on into the forest. “If this road goes in, it must come out,” said the Scarecrow, “and as the Emerald City is at the other end of the road, we must go wherever it leads us.” “Anyone would know that,” said Dorothy.",100
TheWonderfulWizardOfOz_partition_bi,TheWonderfulWizardOfOz,fantasy,24911,"together and tell them that they were no longer slaves. There was great rejoicing among the yellow Winkies, for they had been made to work hard during many years for the Wicked Witch, who had always treated them with great cruelty. They kept this day as a holiday, then and ever after, and spent the time in feasting and dancing. “If our friends, the Scarecrow and the Tin Woodman, were only with us,” said the Lion, “I should be quite happy.” “Don’t you suppose we could rescue them?” asked the girl anxiously. “We can try,” answered the Lion. So they",100
TheWonderfulWizardOfOz_partition_bj,TheWonderfulWizardOfOz,fantasy,18217,"in the middle of the room, that shot a spray of green perfume into the air, to fall back into a beautifully carved green marble basin. Beautiful green flowers stood in the windows, and there was a shelf with a row of little green books. When Dorothy had time to open these books she found them full of queer green pictures that made her laugh, they were so funny. In a wardrobe were many green dresses, made of silk and satin and velvet; and all of them fitted Dorothy exactly. “Make yourself perfectly at home,” said the green girl, “and",100
TheWonderfulWizardOfOz_partition_bk,TheWonderfulWizardOfOz,fantasy,29714,"a strange and beautiful country. “It came down gradually, and I was not hurt a bit. But I found myself in the midst of a strange people, who, seeing me come from the clouds, thought I was a great Wizard. Of course I let them think so, because they were afraid of me, and promised to do anything I wished them to. “Just to amuse myself, and keep the good people busy, I ordered them to build this City, and my Palace; and they did it all willingly and well. Then I thought, as the country was so green and",100
TheWonderfulWizardOfOz_partition_bl,TheWonderfulWizardOfOz,fantasy,23909,"they could find no way to get out of the castle, for it was constantly guarded by the yellow Winkies, who were the slaves of the Wicked Witch and too afraid of her not to do as she told them. The girl had to work hard during the day, and often the Witch threatened to beat her with the same old umbrella she always carried in her hand. But, in truth, she did not dare to strike Dorothy, because of the mark upon her forehead. The child did not know this, and was full of fear for herself and Toto.",100
TheWonderfulWizardOfOz_partition_bm,TheWonderfulWizardOfOz,fantasy,10659,"found his own supper, and no one ever knew what it was, for he didn’t mention it. And the Scarecrow found a tree full of nuts and filled Dorothy’s basket with them, so that she would not be hungry for a long time. She thought this was very kind and thoughtful of the Scarecrow, but she laughed heartily at the awkward way in which the poor creature picked up the nuts. His padded hands were so clumsy and the nuts were so small that he dropped almost as many as he put in the basket. But the Scarecrow did not",100
TheWonderfulWizardOfOz_partition_bn,TheWonderfulWizardOfOz,fantasy,24260,"and when she took her bath. The Witch was too much afraid of the dark to dare go in Dorothy’s room at night to take the shoes, and her dread of water was greater than her fear of the dark, so she never came near when Dorothy was bathing. Indeed, the old Witch never touched water, nor ever let water touch her in any way. But the wicked creature was very cunning, and she finally thought of a trick that would give her what she wanted. She placed a bar of iron in the middle of the kitchen floor, and",100
TheWonderfulWizardOfOz_partition_bo,TheWonderfulWizardOfOz,fantasy,23283,"“for she is protected by the Power of Good, and that is greater than the Power of Evil. All we can do is to carry her to the castle of the Wicked Witch and leave her there.” So, carefully and gently, they lifted Dorothy in their arms and carried her swiftly through the air until they came to the castle, where they set her down upon the front doorstep. Then the leader said to the Witch: “We have obeyed you as far as we were able. The Tin Woodman and the Scarecrow are destroyed, and the Lion is tied up",100
TheWonderfulWizardOfOz_partition_bp,TheWonderfulWizardOfOz,fantasy,13730,"scent of the flowers, he sleeps on and on forever. But Dorothy did not know this, nor could she get away from the bright red flowers that were everywhere about; so presently her eyes grew heavy and she felt she must sit down to rest and to sleep. But the Tin Woodman would not let her do this. “We must hurry and get back to the road of yellow brick before dark,” he said; and the Scarecrow agreed with him. So they kept walking until Dorothy could stand no longer. Her eyes closed in spite of herself and she forgot",100
TheWonderfulWizardOfOz_partition_bq,TheWonderfulWizardOfOz,fantasy,17496,"spectacles for the Scarecrow and the Tin Woodman and the Lion, and even on little Toto; and all were locked fast with the key. Then the Guardian of the Gates put on his own glasses and told them he was ready to show them to the Palace. Taking a big golden key from a peg on the wall, he opened another gate, and they all followed him through the portal into the streets of the Emerald City. Chapter XI The Wonderful City of Oz Even with eyes protected by the green spectacles, Dorothy and her friends were at first dazzled",100
TheWonderfulWizardOfOz_partition_br,TheWonderfulWizardOfOz,fantasy,4679,"she would stop to rest, and so climbed to the top of the fence beside the road and sat down. There was a great cornfield beyond the fence, and not far away she saw a Scarecrow, placed high on a pole to keep the birds from the ripe corn. Dorothy leaned her chin upon her hand and gazed thoughtfully at the Scarecrow. Its head was a small sack stuffed with straw, with eyes, nose, and mouth painted on it to represent a face. An old, pointed blue hat, that had belonged to some Munchkin, was perched on his head, and",100
TheWonderfulWizardOfOz_partition_bs,TheWonderfulWizardOfOz,fantasy,11215,"greatly pleased to see how easily he did it, and after the Scarecrow had got down from his back the Lion sprang across the ditch again. Dorothy thought she would go next; so she took Toto in her arms and climbed on the Lion’s back, holding tightly to his mane with one hand. The next moment it seemed as if she were flying through the air; and then, before she had time to think about it, she was safe on the other side. The Lion went back a third time and got the Tin Woodman, and then they all sat",100
TheWonderfulWizardOfOz_partition_bt,TheWonderfulWizardOfOz,fantasy,35005,"Lion also curled himself up to sleep and Toto lay beside him. The Scarecrow watched the Woodman while he worked, and said to him: “I cannot think why this wall is here, nor what it is made of.” “Rest your brains and do not worry about the wall,” replied the Woodman. “When we have climbed over it, we shall know what is on the other side.” After a time the ladder was finished. It looked clumsy, but the Tin Woodman was sure it was strong and would answer their purpose. The Scarecrow waked Dorothy and the Lion and Toto, and",100
TheWonderfulWizardOfOz_partition_bu,TheWonderfulWizardOfOz,fantasy,16043,"to pass the night.” “I should like something to eat besides fruit,” said the girl, “and I’m sure Toto is nearly starved. Let us stop at the next house and talk to the people.” So, when they came to a good-sized farmhouse, Dorothy walked boldly up to the door and knocked. A woman opened it just far enough to look out, and said, “What do you want, child, and why is that great Lion with you?” “We wish to pass the night with you, if you will allow us,” answered Dorothy; “and the Lion is my friend and comrade, and",100
TheWonderfulWizardOfOz_partition_bv,TheWonderfulWizardOfOz,fantasy,10708,"and thoughtful of the Scarecrow, but she laughed heartily at the awkward way in which the poor creature picked up the nuts. His padded hands were so clumsy and the nuts were so small that he dropped almost as many as he put in the basket. But the Scarecrow did not mind how long it took him to fill the basket, for it enabled him to keep away from the fire, as he feared a spark might get into his straw and burn him up. So he kept a good distance away from the flames, and only came near to",100
TheWonderfulWizardOfOz_partition_bw,TheWonderfulWizardOfOz,fantasy,30294,"with brains. I cannot tell you how to use them, however; you must find that out for yourself.” “Oh, thank you—thank you!” cried the Scarecrow. “I’ll find a way to use them, never fear!” “But how about my courage?” asked the Lion anxiously. “You have plenty of courage, I am sure,” answered Oz. “All you need is confidence in yourself. There is no living thing that is not afraid when it faces danger. The True courage is in facing danger when you are afraid, and that kind of courage you have in plenty.” “Perhaps I have, but I’m scared just",100
TheWonderfulWizardOfOz_partition_bx,TheWonderfulWizardOfOz,fantasy,24867,"hear that the Wicked Witch had been melted by a bucket of water, and Dorothy at once unlocked the gate of his prison and set him free. They went in together to the castle, where Dorothy’s first act was to call all the Winkies together and tell them that they were no longer slaves. There was great rejoicing among the yellow Winkies, for they had been made to work hard during many years for the Wicked Witch, who had always treated them with great cruelty. They kept this day as a holiday, then and ever after, and spent the time",100
TheWonderfulWizardOfOz_partition_by,TheWonderfulWizardOfOz,fantasy,17691,"green clothes and had greenish skins. They looked at Dorothy and her strangely assorted company with wondering eyes, and the children all ran away and hid behind their mothers when they saw the Lion; but no one spoke to them. Many shops stood in the street, and Dorothy saw that everything in them was green. Green candy and green pop-corn were offered for sale, as well as green shoes, green hats, and green clothes of all sorts. At one place a man was selling green lemonade, and when the children bought it Dorothy could see that they paid for it",100
TheWonderfulWizardOfOz_partition_bz,TheWonderfulWizardOfOz,fantasy,36500,"full of bogs and marshes and covered with tall, rank grass. It was difficult to walk without falling into muddy holes, for the grass was so thick that it hid them from sight. However, by carefully picking their way, they got safely along until they reached solid ground. But here the country seemed wilder than ever, and after a long and tiresome walk through the underbrush they entered another forest, where the trees were bigger and older than any they had ever seen. “This forest is perfectly delightful,” declared the Lion, looking around him with joy. “Never have I seen",100
TheWonderfulWizardOfOz_partition_ca,TheWonderfulWizardOfOz,fantasy,14392,"raised his axe, and as the Wildcat ran by he gave it a quick blow that cut the beast’s head clean off from its body, and it rolled over at his feet in two pieces. The field mouse, now that it was freed from its enemy, stopped short; and coming slowly up to the Woodman it said, in a squeaky little voice: “Oh, thank you! Thank you ever so much for saving my life.” “Don’t speak of it, I beg of you,” replied the Woodman. “I have no heart, you know, so I am careful to help all those who",100
TheWonderfulWizardOfOz_partition_cb,TheWonderfulWizardOfOz,fantasy,21252,"“There is no road,” answered the Guardian of the Gates. “No one ever wishes to go that way.” “How, then, are we to find her?” inquired the girl. “That will be easy,” replied the man, “for when she knows you are in the country of the Winkies she will find you, and make you all her slaves.” “Perhaps not,” said the Scarecrow, “for we mean to destroy her.” “Oh, that is different,” said the Guardian of the Gates. “No one has ever destroyed her before, so I naturally thought she would make slaves of you, as she has of the",100
TheWonderfulWizardOfOz_partition_cc,TheWonderfulWizardOfOz,fantasy,3665,"of Emeralds. Dorothy had only one other dress, but that happened to be clean and was hanging on a peg beside her bed. It was gingham, with checks of white and blue; and although the blue was somewhat faded with many washings, it was still a pretty frock. The girl washed herself carefully, dressed herself in the clean gingham, and tied her pink sunbonnet on her head. She took a little basket and filled it with bread from the cupboard, laying a white cloth over the top. Then she looked down at her feet and noticed how old and worn",100
TheWonderfulWizardOfOz_partition_cd,TheWonderfulWizardOfOz,fantasy,15010,"the mice that attended her and told them to go at once and get all her people. As soon as they heard her orders they ran away in every direction as fast as possible. “Now,” said the Scarecrow to the Tin Woodman, “you must go to those trees by the riverside and make a truck that will carry the Lion.” So the Woodman went at once to the trees and began to work; and he soon made a truck out of the limbs of trees, from which he chopped away all the leaves and branches. He fastened it together with",100
TheWonderfulWizardOfOz_partition_ce,TheWonderfulWizardOfOz,fantasy,2103,"But the little woman evidently expected her to answer; so Dorothy said, with hesitation, “You are very kind, but there must be some mistake. I have not killed anything.” “Your house did, anyway,” replied the little old woman, with a laugh, “and that is the same thing. See!” she continued, pointing to the corner of the house. “There are her two feet, still sticking out from under a block of wood.” Dorothy looked, and gave a little cry of fright. There, indeed, just under the corner of the great beam the house rested on, two feet were sticking out, shod",100
TheWonderfulWizardOfOz_partition_cf,TheWonderfulWizardOfOz,fantasy,20673,"these were the words it spoke: “I am Oz, the Great and Terrible. Who are you, and why do you seek me?” And the Lion answered, “I am a Cowardly Lion, afraid of everything. I came to you to beg that you give me courage, so that in reality I may become the King of Beasts, as men call me.” “Why should I give you courage?” demanded Oz. “Because of all Wizards you are the greatest, and alone have power to grant my request,” answered the Lion. The Ball of Fire burned fiercely for a time, and the voice said,",100
TheWonderfulWizardOfOz_partition_cg,TheWonderfulWizardOfOz,fantasy,26290,"it again in time to reach the Emerald City, I shall never get my brains.” “Nor I my heart,” declared the Tin Woodman. “It seems to me I can scarcely wait till I get to Oz, and you must admit this is a very long journey.” “You see,” said the Cowardly Lion, with a whimper, “I haven’t the courage to keep tramping forever, without getting anywhere at all.” Then Dorothy lost heart. She sat down on the grass and looked at her companions, and they sat down and looked at her, and Toto found that for the first time in",100
TheWonderfulWizardOfOz_partition_ch,TheWonderfulWizardOfOz,fantasy,17546,"golden key from a peg on the wall, he opened another gate, and they all followed him through the portal into the streets of the Emerald City. Chapter XI The Wonderful City of Oz Even with eyes protected by the green spectacles, Dorothy and her friends were at first dazzled by the brilliancy of the wonderful City. The streets were lined with beautiful houses all built of green marble and studded everywhere with sparkling emeralds. They walked over a pavement of the same green marble, and where the blocks were joined together were rows of emeralds, set closely, and glittering",100
TheWonderfulWizardOfOz_partition_ci,TheWonderfulWizardOfOz,fantasy,4337,"you wear silver shoes and have killed the Wicked Witch. Besides, you have white in your frock, and only witches and sorceresses wear white.” “My dress is blue and white checked,” said Dorothy, smoothing out the wrinkles in it. “It is kind of you to wear that,” said Boq. “Blue is the color of the Munchkins, and white is the witch color. So we know you are a friendly witch.” Dorothy did not know what to say to this, for all the people seemed to think her a witch, and she knew very well she was only an ordinary little",100
TheWonderfulWizardOfOz_partition_cj,TheWonderfulWizardOfOz,fantasy,13826,"herself and she forgot where she was and fell among the poppies, fast asleep. “What shall we do?” asked the Tin Woodman. “If we leave her here she will die,” said the Lion. “The smell of the flowers is killing us all. I myself can scarcely keep my eyes open, and the dog is asleep already.” It was true; Toto had fallen down beside his little mistress. But the Scarecrow and the Tin Woodman, not being made of flesh, were not troubled by the scent of the flowers. “Run fast,” said the Scarecrow to the Lion, “and get out of",100
TheWonderfulWizardOfOz_partition_ck,TheWonderfulWizardOfOz,fantasy,37170,"the Lion found him, and it looked so ugly that its foe turned up his nose in disgust. Its legs were quite as long as the tiger had said, and its body covered with coarse black hair. It had a great mouth, with a row of sharp teeth a foot long; but its head was joined to the pudgy body by a neck as slender as a wasp’s waist. This gave the Lion a hint of the best way to attack the creature, and as he knew it was easier to fight it asleep than awake, he gave a great",100
TheWonderfulWizardOfOz_partition_cl,TheWonderfulWizardOfOz,fantasy,20622,"Oz had by accident caught on fire and was burning up; but when he tried to go nearer, the heat was so intense that it singed his whiskers, and he crept back tremblingly to a spot nearer the door. Then a low, quiet voice came from the Ball of Fire, and these were the words it spoke: “I am Oz, the Great and Terrible. Who are you, and why do you seek me?” And the Lion answered, “I am a Cowardly Lion, afraid of everything. I came to you to beg that you give me courage, so that in reality",100
TheWonderfulWizardOfOz_partition_cm,TheWonderfulWizardOfOz,fantasy,13934,"can. We will bring the little girl with us, but if you should fall asleep you are too big to be carried.” So the Lion aroused himself and bounded forward as fast as he could go. In a moment he was out of sight. “Let us make a chair with our hands and carry her,” said the Scarecrow. So they picked up Toto and put the dog in Dorothy’s lap, and then they made a chair with their hands for the seat and their arms for the arms and carried the sleeping girl between them through the flowers. On and",100
TheWonderfulWizardOfOz_partition_cn,TheWonderfulWizardOfOz,fantasy,32717,"there now, for all we know. But the people remembered him lovingly, and said to one another: “Oz was always our friend. When he was here he built for us this beautiful Emerald City, and now he is gone he has left the Wise Scarecrow to rule over us.” Still, for many days they grieved over the loss of the Wonderful Wizard, and would not be comforted. Chapter XVIII Away to the South Dorothy wept bitterly at the passing of her hope to get home to Kansas again; but when she thought it all over she was glad she had",100
TheWonderfulWizardOfOz_partition_co,TheWonderfulWizardOfOz,fantasy,25928,"of the travelers made the Winkies a pretty speech in return, and all shook hands with them until their arms ached. Dorothy went to the Witch’s cupboard to fill her basket with food for the journey, and there she saw the Golden Cap. She tried it on her own head and found that it fitted her exactly. She did not know anything about the charm of the Golden Cap, but she saw that it was pretty, so she made up her mind to wear it and carry her sunbonnet in the basket. Then, being prepared for the journey, they all",100
TheWonderfulWizardOfOz_partition_cp,TheWonderfulWizardOfOz,fantasy,30071,"not thought I was more powerful than they themselves, they would surely have destroyed me. As it was, I lived in deadly fear of them for many years; so you can imagine how pleased I was when I heard your house had fallen on the Wicked Witch of the East. When you came to me, I was willing to promise anything if you would only do away with the other Witch; but, now that you have melted her, I am ashamed to say that I cannot keep my promises.” “I think you are a very bad man,” said Dorothy. “Oh,",100
TheWonderfulWizardOfOz_partition_cq,TheWonderfulWizardOfOz,fantasy,9363,"slapped the Lion upon his nose as hard as she could, while she cried out: “Don’t you dare to bite Toto! You ought to be ashamed of yourself, a big beast like you, to bite a poor little dog!” “I didn’t bite him,” said the Lion, as he rubbed his nose with his paw where Dorothy had hit it. “No, but you tried to,” she retorted. “You are nothing but a big coward.” “I know it,” said the Lion, hanging his head in shame. “I’ve always known it. But how can I help it?” “I don’t know, I’m sure. To",100
TheWonderfulWizardOfOz_partition_cr,TheWonderfulWizardOfOz,fantasy,17359,"and I have the only key that will unlock them.” He opened the big box, and Dorothy saw that it was filled with spectacles of every size and shape. All of them had green glasses in them. The Guardian of the Gates found a pair that would just fit Dorothy and put them over her eyes. There were two golden bands fastened to them that passed around the back of her head, where they were locked together by a little key that was at the end of a chain the Guardian of the Gates wore around his neck. When they",100
TheWonderfulWizardOfOz_partition_cs,TheWonderfulWizardOfOz,fantasy,9150,"there once, when I was a boy, and he said it was a long journey through a dangerous country, although nearer to the city where Oz dwells the country is beautiful. But I am not afraid so long as I have my oil-can, and nothing can hurt the Scarecrow, while you bear upon your forehead the mark of the Good Witch’s kiss, and that will protect you from harm.” “But Toto!” said the girl anxiously. “What will protect him?” “We must protect him ourselves if he is in danger,” replied the Tin Woodman. Just as he spoke there came from",100
TheWonderfulWizardOfOz_partition_ct,TheWonderfulWizardOfOz,fantasy,16162,"“Oh, yes,” said the girl, “and he is a great coward, too. He will be more afraid of you than you are of him.” “Well,” said the woman, after thinking it over and taking another peep at the Lion, “if that is the case you may come in, and I will give you some supper and a place to sleep.” So they all entered the house, where there were, besides the woman, two children and a man. The man had hurt his leg, and was lying on the couch in a corner. They seemed greatly surprised to see so strange",100
TheWonderfulWizardOfOz_partition_cu,TheWonderfulWizardOfOz,fantasy,36789,"and bears and wolves and foxes and all the others in the natural history, and for a moment Dorothy was afraid. But the Lion explained that the animals were holding a meeting, and he judged by their snarling and growling that they were in great trouble. As he spoke several of the beasts caught sight of him, and at once the great assemblage hushed as if by magic. The biggest of the tigers came up to the Lion and bowed, saying: “Welcome, O King of Beasts! You have come in good time to fight our enemy and bring peace to",100
TheWonderfulWizardOfOz_partition_cv,TheWonderfulWizardOfOz,fantasy,35322,"sheep and horses and pigs and chickens, all made of china, were standing about in groups. But the strangest of all were the people who lived in this queer country. There were milkmaids and shepherdesses, with brightly colored bodices and golden spots all over their gowns; and princesses with most gorgeous frocks of silver and gold and purple; and shepherds dressed in knee breeches with pink and yellow and blue stripes down them, and golden buckles on their shoes; and princes with jeweled crowns upon their heads, wearing ermine robes and satin doublets; and funny clowns in ruffled gowns, with",100
TheWonderfulWizardOfOz_partition_cw,TheWonderfulWizardOfOz,fantasy,17219,"the Scarecrow; “it is important. And we have been told that Oz is a good Wizard.” “So he is,” said the green man, “and he rules the Emerald City wisely and well. But to those who are not honest, or who approach him from curiosity, he is most terrible, and few have ever dared ask to see his face. I am the Guardian of the Gates, and since you demand to see the Great Oz I must take you to his Palace. But first you must put on the spectacles.” “Why?” asked Dorothy. “Because if you did not wear spectacles",100
TheWonderfulWizardOfOz_partition_cx,TheWonderfulWizardOfOz,fantasy,38311,"admitted at once. Chapter XXIII Glinda The Good Witch Grants Dorothy’s Wish Before they went to see Glinda, however, they were taken to a room of the Castle, where Dorothy washed her face and combed her hair, and the Lion shook the dust out of his mane, and the Scarecrow patted himself into his best shape, and the Woodman polished his tin and oiled his joints. When they were all quite presentable they followed the soldier girl into a big room where the Witch Glinda sat upon a throne of rubies. She was both beautiful and young to their eyes.",100
TheWonderfulWizardOfOz_partition_cy,TheWonderfulWizardOfOz,fantasy,28077,"little room and locked the spectacles from the great box on all their eyes, just as he had done before. Afterward they passed on through the gate into the Emerald City. When the people heard from the Guardian of the Gates that Dorothy had melted the Wicked Witch of the West, they all gathered around the travelers and followed them in a great crowd to the Palace of Oz. The soldier with the green whiskers was still on guard before the door, but he let them in at once, and they were again met by the beautiful green girl, who",100
TheWonderfulWizardOfOz_partition_cz,TheWonderfulWizardOfOz,fantasy,38242,"“Why have you come to the South Country?” “To see the Good Witch who rules here,” she answered. “Will you take me to her?” “Let me have your name, and I will ask Glinda if she will receive you.” They told who they were, and the girl soldier went into the Castle. After a few moments she came back to say that Dorothy and the others were to be admitted at once. Chapter XXIII Glinda The Good Witch Grants Dorothy’s Wish Before they went to see Glinda, however, they were taken to a room of the Castle, where Dorothy washed",100
TheWonderfulWizardOfOz_partition_da,TheWonderfulWizardOfOz,fantasy,26175,"fields. They kept on walking, however, and at night the moon came out and shone brightly. So they lay down among the sweet smelling yellow flowers and slept soundly until morning—all but the Scarecrow and the Tin Woodman. The next morning the sun was behind a cloud, but they started on, as if they were quite sure which way they were going. “If we walk far enough,” said Dorothy, “I am sure we shall sometime come to some place.” But day by day passed away, and they still saw nothing before them but the scarlet fields. The Scarecrow began to",100
TheWonderfulWizardOfOz_partition_db,TheWonderfulWizardOfOz,fantasy,23723,"drive. But as she opened the gate the Lion gave a loud roar and bounded at her so fiercely that the Witch was afraid, and ran out and shut the gate again. “If I cannot harness you,” said the Witch to the Lion, speaking through the bars of the gate, “I can starve you. You shall have nothing to eat until you do as I wish.” So after that she took no food to the imprisoned Lion; but every day she came to the gate at noon and asked, “Are you ready to be harnessed like a horse?” And the",100
TheWonderfulWizardOfOz_partition_dc,TheWonderfulWizardOfOz,fantasy,14373,"knew it was wrong for the Wildcat to try to kill such a pretty, harmless creature. So the Woodman raised his axe, and as the Wildcat ran by he gave it a quick blow that cut the beast’s head clean off from its body, and it rolled over at his feet in two pieces. The field mouse, now that it was freed from its enemy, stopped short; and coming slowly up to the Woodman it said, in a squeaky little voice: “Oh, thank you! Thank you ever so much for saving my life.” “Don’t speak of it, I beg of",100
TheWonderfulWizardOfOz_partition_dd,TheWonderfulWizardOfOz,fantasy,9065,"there came a deep growl from some wild animal hidden among the trees. These sounds made the little girl’s heart beat fast, for she did not know what made them; but Toto knew, and he walked close to Dorothy’s side, and did not even bark in return. “How long will it be,” the child asked of the Tin Woodman, “before we are out of the forest?” “I cannot tell,” was the answer, “for I have never been to the Emerald City. But my father went there once, when I was a boy, and he said it was a long journey",100
TheWonderfulWizardOfOz_partition_de,TheWonderfulWizardOfOz,fantasy,33392,"flew away through the window, followed by all his band. Dorothy was ready to cry with disappointment. “I have wasted the charm of the Golden Cap to no purpose,” she said, “for the Winged Monkeys cannot help me.” “It is certainly too bad!” said the tender-hearted Woodman. The Scarecrow was thinking again, and his head bulged out so horribly that Dorothy feared it would burst. “Let us call in the soldier with the green whiskers,” he said, “and ask his advice.” So the soldier was summoned and entered the Throne Room timidly, for while Oz was alive he never was",100
TheWonderfulWizardOfOz_partition_df,TheWonderfulWizardOfOz,fantasy,32343,"word to his people that he was going to make a visit to a great brother Wizard who lived in the clouds. The news spread rapidly throughout the city and everyone came to see the wonderful sight. Oz ordered the balloon carried out in front of the Palace, and the people gazed upon it with much curiosity. The Tin Woodman had chopped a big pile of wood, and now he made a fire of it, and Oz held the bottom of the balloon over the fire so that the hot air that arose from it would be caught in the",100
TheWonderfulWizardOfOz_partition_dg,TheWonderfulWizardOfOz,fantasy,5957,"when the farmer made my head, one of the first things he did was to paint my ears, so that I heard what was going on. There was another Munchkin with him, and the first thing I heard was the farmer saying, ‘How do you like those ears?’ “‘They aren’t straight,’” answered the other. “‘Never mind,’” said the farmer. “‘They are ears just the same,’” which was true enough. “‘Now I’ll make the eyes,’” said the farmer. So he painted my right eye, and as soon as it was finished I found myself looking at him and at everything around",100
TheWonderfulWizardOfOz_partition_dh,TheWonderfulWizardOfOz,fantasy,3087,"kind-hearted Munchkins, for they immediately took out their handkerchiefs and began to weep also. As for the little old woman, she took off her cap and balanced the point on the end of her nose, while she counted “One, two, three” in a solemn voice. At once the cap changed to a slate, on which was written in big, white chalk marks: “LET DOROTHY GO TO THE CITY OF EMERALDS” The little old woman took the slate from her nose, and having read the words on it, asked, “Is your name Dorothy, my dear?” “Yes,” answered the child, looking up",100
TheWonderfulWizardOfOz_partition_di,TheWonderfulWizardOfOz,fantasy,7185,"They turned and walked through the forest a few steps, when Dorothy discovered something shining in a ray of sunshine that fell between the trees. She ran to the place and then stopped short, with a little cry of surprise. One of the big trees had been partly chopped through, and standing beside it, with an uplifted axe in his hands, was a man made entirely of tin. His head and arms and legs were jointed upon his body, but he stood perfectly motionless, as if he could not stir at all. Dorothy looked at him in amazement, and so",100
TheWonderfulWizardOfOz_partition_dj,TheWonderfulWizardOfOz,fantasy,10016,"give me a heart,” said the Tin Woodman. “Or send me back to Kansas,” said Dorothy. “Then, if you don’t mind, I’ll go with you,” said the Lion, “for my life is simply unbearable without a bit of courage.” “You will be very welcome,” answered Dorothy, “for you will help to keep away the other wild beasts. It seems to me they must be more cowardly than you are if they allow you to scare them so easily.” “They really are,” said the Lion, “but that doesn’t make me any braver, and as long as I know myself to be",100
TheWonderfulWizardOfOz_partition_dk,TheWonderfulWizardOfOz,fantasy,10484,"course I needn’t mind so much.” Chapter VII The Journey to the Great Oz They were obliged to camp out that night under a large tree in the forest, for there were no houses near. The tree made a good, thick covering to protect them from the dew, and the Tin Woodman chopped a great pile of wood with his axe and Dorothy built a splendid fire that warmed her and made her feel less lonely. She and Toto ate the last of their bread, and now she did not know what they would do for breakfast. “If you wish,”",100
TheWonderfulWizardOfOz_partition_dl,TheWonderfulWizardOfOz,fantasy,27666,"happens that we are three times the slaves of the owner of the Golden Cap, whosoever he may be.” “And what became of them?” asked Dorothy, who had been greatly interested in the story. “Quelala being the first owner of the Golden Cap,” replied the Monkey, “he was the first to lay his wishes upon us. As his bride could not bear the sight of us, he called us all to him in the forest after he had married her and ordered us always to keep where she could never again set eyes on a Winged Monkey, which we were",100
TheWonderfulWizardOfOz_partition_dm,TheWonderfulWizardOfOz,fantasy,39086,"my whole life in the farmer’s cornfield.” “And I should not have had my lovely heart,” said the Tin Woodman. “I might have stood and rusted in the forest till the end of the world.” “And I should have lived a coward forever,” declared the Lion, “and no beast in all the forest would have had a good word to say to me.” “This is all true,” said Dorothy, “and I am glad I was of use to these good friends. But now that each of them has had what he most desired, and each is happy in having a",100
TheWonderfulWizardOfOz_partition_dn,TheWonderfulWizardOfOz,fantasy,4163,"Dorothy was tired with her long walk and began to wonder where she should pass the night, she came to a house rather larger than the rest. On the green lawn before it many men and women were dancing. Five little fiddlers played as loudly as possible, and the people were laughing and singing, while a big table near by was loaded with delicious fruits and nuts, pies and cakes, and many other good things to eat. The people greeted Dorothy kindly, and invited her to supper and to pass the night with them; for this was the home of",100
TheWonderfulWizardOfOz_partition_do,TheWonderfulWizardOfOz,fantasy,25216,"into shape again, and solder him together where he is broken?” The tinsmiths looked the Woodman over carefully and then answered that they thought they could mend him so he would be as good as ever. So they set to work in one of the big yellow rooms of the castle and worked for three days and four nights, hammering and twisting and bending and soldering and polishing and pounding at the legs and body and head of the Tin Woodman, until at last he was straightened out into his old form, and his joints worked as well as ever.",100
TheWonderfulWizardOfOz_partition_dp,TheWonderfulWizardOfOz,fantasy,25009,"So they called the yellow Winkies and asked them if they would help to rescue their friends, and the Winkies said that they would be delighted to do all in their power for Dorothy, who had set them free from bondage. So she chose a number of the Winkies who looked as if they knew the most, and they all started away. They traveled that day and part of the next until they came to the rocky plain where the Tin Woodman lay, all battered and bent. His axe was near him, but the blade was rusted and the handle",100
TheWonderfulWizardOfOz_partition_dq,TheWonderfulWizardOfOz,fantasy,39052,"could have gone back to your Aunt Em the very first day you came to this country.” “But then I should not have had my wonderful brains!” cried the Scarecrow. “I might have passed my whole life in the farmer’s cornfield.” “And I should not have had my lovely heart,” said the Tin Woodman. “I might have stood and rusted in the forest till the end of the world.” “And I should have lived a coward forever,” declared the Lion, “and no beast in all the forest would have had a good word to say to me.” “This is all",100
TheWonderfulWizardOfOz_partition_dr,TheWonderfulWizardOfOz,fantasy,30674,"him, would find a way to send her back to Kansas, and if he did she was willing to forgive him everything. Chapter XVI The Magic Art of the Great Humbug Next morning the Scarecrow said to his friends: “Congratulate me. I am going to Oz to get my brains at last. When I return I shall be as other men are.” “I have always liked you as you were,” said Dorothy simply. “It is kind of you to like a Scarecrow,” he replied. “But surely you will think more of me when you hear the splendid thoughts my new",100
TheWonderfulWizardOfOz_partition_ds,TheWonderfulWizardOfOz,fantasy,34676,"up to another tree, as he spoke, but its branches immediately seized him and tossed him back again. “This is strange,” exclaimed Dorothy. “What shall we do?” “The trees seem to have made up their minds to fight us, and stop our journey,” remarked the Lion. “I believe I will try it myself,” said the Woodman, and shouldering his axe, he marched up to the first tree that had handled the Scarecrow so roughly. When a big branch bent down to seize him the Woodman chopped at it so fiercely that he cut it in two. At once the tree",100
TheWonderfulWizardOfOz_partition_dt,TheWonderfulWizardOfOz,fantasy,16476,"real Oz is, when he is in his own form, no living person can tell.” “That is very strange,” said Dorothy, “but we must try, in some way, to see him, or we shall have made our journey for nothing.” “Why do you wish to see the terrible Oz?” asked the man. “I want him to give me some brains,” said the Scarecrow eagerly. “Oh, Oz could do that easily enough,” declared the man. “He has more brains than he needs.” “And I want him to give me a heart,” said the Tin Woodman. “That will not trouble him,” continued",100
TheWonderfulWizardOfOz_partition_du,TheWonderfulWizardOfOz,fantasy,36256,"pretty. Of course that is all that is expected of us when we are on mantels and cabinets and drawing-room tables, but our lives are much pleasanter here in our own country.” “I would not make you unhappy for all the world!” exclaimed Dorothy. “So I’ll just say good-bye.” “Good-bye,” replied the Princess. They walked carefully through the china country. The little animals and all the people scampered out of their way, fearing the strangers would break them, and after an hour or so the travelers reached the other side of the country and came to another china wall. It",100
TheWonderfulWizardOfOz_partition_dv,TheWonderfulWizardOfOz,fantasy,752,"upon her heart whenever Dorothy’s merry voice reached her ears; and she still looked at the little girl with wonder that she could find anything to laugh at. Uncle Henry never laughed. He worked hard from morning till night and did not know what joy was. He was gray also, from his long beard to his rough boots, and he looked stern and solemn, and rarely spoke. It was Toto that made Dorothy laugh, and saved her from growing as gray as her other surroundings. Toto was not gray; he was a little black dog, with long silky hair and",100
TheWonderfulWizardOfOz_partition_dw,TheWonderfulWizardOfOz,fantasy,7507,"gave a sigh of satisfaction and lowered his axe, which he leaned against the tree. “This is a great comfort,” he said. “I have been holding that axe in the air ever since I rusted, and I’m glad to be able to put it down at last. Now, if you will oil the joints of my legs, I shall be all right once more.” So they oiled his legs until he could move them freely; and he thanked them again and again for his release, for he seemed a very polite creature, and very grateful. “I might have stood there",100
TheWonderfulWizardOfOz_partition_dx,TheWonderfulWizardOfOz,fantasy,35190,"came up, and immediately began to bark, but Dorothy made him be still. The Lion climbed the ladder next, and the Tin Woodman came last; but both of them cried, “Oh, my!” as soon as they looked over the wall. When they were all sitting in a row on the top of the wall, they looked down and saw a strange sight. Before them was a great stretch of country having a floor as smooth and shining and white as the bottom of a big platter. Scattered around were many houses made entirely of china and painted in the brightest",100
TheWonderfulWizardOfOz_partition_dy,TheWonderfulWizardOfOz,fantasy,17486,"City, so she said nothing. Then the green man fitted spectacles for the Scarecrow and the Tin Woodman and the Lion, and even on little Toto; and all were locked fast with the key. Then the Guardian of the Gates put on his own glasses and told them he was ready to show them to the Palace. Taking a big golden key from a peg on the wall, he opened another gate, and they all followed him through the portal into the streets of the Emerald City. Chapter XI The Wonderful City of Oz Even with eyes protected by the",100
TheWonderfulWizardOfOz_partition_dz,TheWonderfulWizardOfOz,fantasy,22293,"to the Woodman, “and the bees cannot sting them.” This the Woodman did, and as Dorothy lay close beside the Lion and held Toto in her arms, the straw covered them entirely. The bees came and found no one but the Woodman to sting, so they flew at him and broke off all their stings against the tin, without hurting the Woodman at all. And as bees cannot live when their stings are broken that was the end of the black bees, and they lay scattered thick about the Woodman, like little heaps of fine coal. Then Dorothy and the",100
TheWonderfulWizardOfOz_partition_ea,TheWonderfulWizardOfOz,fantasy,7310,"answered the tin man, “I did. I’ve been groaning for more than a year, and no one has ever heard me before or come to help me.” “What can I do for you?” she inquired softly, for she was moved by the sad voice in which the man spoke. “Get an oil-can and oil my joints,” he answered. “They are rusted so badly that I cannot move them at all; if I am well oiled I shall soon be all right again. You will find an oil-can on a shelf in my cottage.” Dorothy at once ran back to the",100
TheWonderfulWizardOfOz_partition_eb,TheWonderfulWizardOfOz,fantasy,19234,"weak; because you are a Great Wizard and I am only a little girl.” “But you were strong enough to kill the Wicked Witch of the East,” said Oz. “That just happened,” returned Dorothy simply; “I could not help it.” “Well,” said the Head, “I will give you my answer. You have no right to expect me to send you back to Kansas unless you do something for me in return. In this country everyone must pay for everything he gets. If you wish me to use my magic power to send you home again you must do something for",100
TheWonderfulWizardOfOz_partition_ec,TheWonderfulWizardOfOz,fantasy,28492,"they looked about and saw no one at all in the room. They kept close to the door and closer to one another, for the stillness of the empty room was more dreadful than any of the forms they had seen Oz take. Presently they heard a solemn Voice, that seemed to come from somewhere near the top of the great dome, and it said: “I am Oz, the Great and Terrible. Why do you seek me?” They looked again in every part of the room, and then, seeing no one, Dorothy asked, “Where are you?” “I am everywhere,” answered",100
TheWonderfulWizardOfOz_partition_ed,TheWonderfulWizardOfOz,fantasy,10365,"“to look where I step. For if I should kill another bug or beetle I should surely cry again, and crying rusts my jaws so that I cannot speak.” Thereafter he walked very carefully, with his eyes on the road, and when he saw a tiny ant toiling by he would step over it, so as not to harm it. The Tin Woodman knew very well he had no heart, and therefore he took great care never to be cruel or unkind to anything. “You people with hearts,” he said, “have something to guide you, and need never do wrong;",100
TheWonderfulWizardOfOz_partition_ee,TheWonderfulWizardOfOz,fantasy,29735,"the midst of a strange people, who, seeing me come from the clouds, thought I was a great Wizard. Of course I let them think so, because they were afraid of me, and promised to do anything I wished them to. “Just to amuse myself, and keep the good people busy, I ordered them to build this City, and my Palace; and they did it all willingly and well. Then I thought, as the country was so green and beautiful, I would call it the Emerald City; and to make the name fit better I put green spectacles on all",100
TheWonderfulWizardOfOz_partition_ef,TheWonderfulWizardOfOz,fantasy,212,"stories fantastic, marvelous and manifestly unreal. The winged fairies of Grimm and Andersen have brought more happiness to childish hearts than all other human creations. Yet the old time fairy tale, having served for generations, may now be classed as “historical” in the children’s library; for the time has come for a series of newer “wonder tales” in which the stereotyped genie, dwarf and fairy are eliminated, together with all the horrible and blood-curdling incidents devised by their authors to point a fearsome moral to each tale. Modern education includes morality; therefore the modern child seeks only entertainment in its",100
TheWonderfulWizardOfOz_partition_eg,TheWonderfulWizardOfOz,fantasy,17261,"him from curiosity, he is most terrible, and few have ever dared ask to see his face. I am the Guardian of the Gates, and since you demand to see the Great Oz I must take you to his Palace. But first you must put on the spectacles.” “Why?” asked Dorothy. “Because if you did not wear spectacles the brightness and glory of the Emerald City would blind you. Even those who live in the City must wear spectacles night and day. They are all locked on, for Oz so ordered it when the City was first built, and I",100
TheWonderfulWizardOfOz_partition_eh,TheWonderfulWizardOfOz,fantasy,32806,"when she thought it all over she was glad she had not gone up in a balloon. And she also felt sorry at losing Oz, and so did her companions. The Tin Woodman came to her and said: “Truly I should be ungrateful if I failed to mourn for the man who gave me my lovely heart. I should like to cry a little because Oz is gone, if you will kindly wipe away my tears, so that I shall not rust.” “With pleasure,” she answered, and brought a towel at once. Then the Tin Woodman wept for several minutes,",100
TheWonderfulWizardOfOz_partition_ei,TheWonderfulWizardOfOz,fantasy,11708,"said the Cowardly Lion, beginning to tremble. “Quick!” cried the Scarecrow. “Let us cross over.” So Dorothy went first, holding Toto in her arms, the Tin Woodman followed, and the Scarecrow came next. The Lion, although he was certainly afraid, turned to face the Kalidahs, and then he gave so loud and terrible a roar that Dorothy screamed and the Scarecrow fell over backward, while even the fierce beasts stopped short and looked at him in surprise. But, seeing they were bigger than the Lion, and remembering that there were two of them and only one of him, the Kalidahs",100
TheWonderfulWizardOfOz_partition_ej,TheWonderfulWizardOfOz,fantasy,33271,"Winged Monkeys flew in through the open window and stood beside her. “This is the second time you have called us,” said the Monkey King, bowing before the little girl. “What do you wish?” “I want you to fly with me to Kansas,” said Dorothy. But the Monkey King shook his head. “That cannot be done,” he said. “We belong to this country alone, and cannot leave it. There has never been a Winged Monkey in Kansas yet, and I suppose there never will be, for they don’t belong there. We shall be glad to serve you in any way",100
TheWonderfulWizardOfOz_partition_ek,TheWonderfulWizardOfOz,fantasy,6973,"in his corner, waiting for her. “We must go and search for water,” she said to him. “Why do you want water?” he asked. “To wash my face clean after the dust of the road, and to drink, so the dry bread will not stick in my throat.” “It must be inconvenient to be made of flesh,” said the Scarecrow thoughtfully, “for you must sleep, and eat and drink. However, you have brains, and it is worth a lot of bother to be able to think properly.” They left the cottage and walked through the trees until they found a",100
TheWonderfulWizardOfOz_partition_el,TheWonderfulWizardOfOz,fantasy,19558,"Tin Woodman were waiting to hear what Oz had said to her. “There is no hope for me,” she said sadly, “for Oz will not send me home until I have killed the Wicked Witch of the West; and that I can never do.” Her friends were sorry, but could do nothing to help her; so Dorothy went to her own room and lay down on the bed and cried herself to sleep. The next morning the soldier with the green whiskers came to the Scarecrow and said: “Come with me, for Oz has sent for you.” So the Scarecrow",100
TheWonderfulWizardOfOz_partition_em,TheWonderfulWizardOfOz,fantasy,33270,"of Winged Monkeys flew in through the open window and stood beside her. “This is the second time you have called us,” said the Monkey King, bowing before the little girl. “What do you wish?” “I want you to fly with me to Kansas,” said Dorothy. But the Monkey King shook his head. “That cannot be done,” he said. “We belong to this country alone, and cannot leave it. There has never been a Winged Monkey in Kansas yet, and I suppose there never will be, for they don’t belong there. We shall be glad to serve you in any",100
TheWonderfulWizardOfOz_partition_en,TheWonderfulWizardOfOz,fantasy,13035,"had they not felt so sorry for the poor Scarecrow, they could have been very happy. They walked along as fast as they could, Dorothy only stopping once to pick a beautiful flower; and after a time the Tin Woodman cried out: “Look!” Then they all looked at the river and saw the Scarecrow perched upon his pole in the middle of the water, looking very lonely and sad. “What can we do to save him?” asked Dorothy. The Lion and the Woodman both shook their heads, for they did not know. So they sat down upon the bank and",100
TheWonderfulWizardOfOz_partition_eo,TheWonderfulWizardOfOz,fantasy,24504,"not,” retorted the Witch, “for it is now my shoe, and not yours.” “You are a wicked creature!” cried Dorothy. “You have no right to take my shoe from me.” “I shall keep it, just the same,” said the Witch, laughing at her, “and someday I shall get the other one from you, too.” This made Dorothy so very angry that she picked up the bucket of water that stood near and dashed it over the Witch, wetting her from head to foot. Instantly the wicked woman gave a loud cry of fear, and then, as Dorothy looked at her",100
TheWonderfulWizardOfOz_partition_ep,TheWonderfulWizardOfOz,fantasy,10587,"“I will go into the forest and kill a deer for you. You can roast it by the fire, since your tastes are so peculiar that you prefer cooked food, and then you will have a very good breakfast.” “Don’t! Please don’t,” begged the Tin Woodman. “I should certainly weep if you killed a poor deer, and then my jaws would rust again.” But the Lion went away into the forest and found his own supper, and no one ever knew what it was, for he didn’t mention it. And the Scarecrow found a tree full of nuts and filled",100
TheWonderfulWizardOfOz_partition_eq,TheWonderfulWizardOfOz,fantasy,35348,"in this queer country. There were milkmaids and shepherdesses, with brightly colored bodices and golden spots all over their gowns; and princesses with most gorgeous frocks of silver and gold and purple; and shepherds dressed in knee breeches with pink and yellow and blue stripes down them, and golden buckles on their shoes; and princes with jeweled crowns upon their heads, wearing ermine robes and satin doublets; and funny clowns in ruffled gowns, with round red spots upon their cheeks and tall, pointed caps. And, strangest of all, these people were all made of china, even to their clothes, and",100
TheWonderfulWizardOfOz_partition_er,TheWonderfulWizardOfOz,fantasy,34757,"seize him the Woodman chopped at it so fiercely that he cut it in two. At once the tree began shaking all its branches as if in pain, and the Tin Woodman passed safely under it. “Come on!” he shouted to the others. “Be quick!” They all ran forward and passed under the tree without injury, except Toto, who was caught by a small branch and shaken until he howled. But the Woodman promptly chopped off the branch and set the little dog free. The other trees of the forest did nothing to keep them back, so they made up",100
TheWonderfulWizardOfOz_partition_es,TheWonderfulWizardOfOz,fantasy,37,"III. How Dorothy Saved the Scarecrow Chapter IV. The Road Through the Forest Chapter V. The Rescue of the Tin Woodman Chapter VI. The Cowardly Lion Chapter VII. The Journey to the Great Oz Chapter VIII. The Deadly Poppy Field Chapter IX. The Queen of the Field Mice Chapter X. The Guardian of the Gates Chapter XI. The Emerald City of Oz Chapter XII. The Search for the Wicked Witch Chapter XIII. The Rescue Chapter XIV. The Winged Monkeys Chapter XV. The Discovery of Oz, the Terrible Chapter XVI. The Magic Art of the Great Humbug Chapter XVII. How the",100
TheWonderfulWizardOfOz_partition_et,TheWonderfulWizardOfOz,fantasy,39252,"to knock the heels together three times and command the shoes to carry you wherever you wish to go.” “If that is so,” said the child joyfully, “I will ask them to carry me back to Kansas at once.” She threw her arms around the Lion’s neck and kissed him, patting his big head tenderly. Then she kissed the Tin Woodman, who was weeping in a way most dangerous to his joints. But she hugged the soft, stuffed body of the Scarecrow in her arms instead of kissing his painted face, and found she was crying herself at this sorrowful",100
TheWonderfulWizardOfOz_partition_eu,TheWonderfulWizardOfOz,fantasy,21243,"to the Wicked Witch of the West?” asked Dorothy. “There is no road,” answered the Guardian of the Gates. “No one ever wishes to go that way.” “How, then, are we to find her?” inquired the girl. “That will be easy,” replied the man, “for when she knows you are in the country of the Winkies she will find you, and make you all her slaves.” “Perhaps not,” said the Scarecrow, “for we mean to destroy her.” “Oh, that is different,” said the Guardian of the Gates. “No one has ever destroyed her before, so I naturally thought she would",100
TheWonderfulWizardOfOz_partition_ev,TheWonderfulWizardOfOz,fantasy,32021,"“But there is another way to make it float, which is to fill it with hot air. Hot air isn’t as good as gas, for if the air should get cold the balloon would come down in the desert, and we should be lost.” “We!” exclaimed the girl. “Are you going with me?” “Yes, of course,” replied Oz. “I am tired of being such a humbug. If I should go out of this Palace my people would soon discover I am not a Wizard, and then they would be vexed with me for having deceived them. So I have to",100
TheWonderfulWizardOfOz_partition_ew,TheWonderfulWizardOfOz,fantasy,1276,"felt as if she were being rocked gently, like a baby in a cradle. Toto did not like it. He ran about the room, now here, now there, barking loudly; but Dorothy sat quite still on the floor and waited to see what would happen. Once Toto got too near the open trap door, and fell in; and at first the little girl thought she had lost him. But soon she saw one of his ears sticking up through the hole, for the strong pressure of the air was keeping him up so that he could not fall. She crept",100
TheWonderfulWizardOfOz_partition_ex,TheWonderfulWizardOfOz,fantasy,7331,"before or come to help me.” “What can I do for you?” she inquired softly, for she was moved by the sad voice in which the man spoke. “Get an oil-can and oil my joints,” he answered. “They are rusted so badly that I cannot move them at all; if I am well oiled I shall soon be all right again. You will find an oil-can on a shelf in my cottage.” Dorothy at once ran back to the cottage and found the oil-can, and then she returned and asked anxiously, “Where are your joints?” “Oil my neck, first,” replied",100
TheWonderfulWizardOfOz_partition_ey,TheWonderfulWizardOfOz,fantasy,23788,"wish.” So after that she took no food to the imprisoned Lion; but every day she came to the gate at noon and asked, “Are you ready to be harnessed like a horse?” And the Lion would answer, “No. If you come in this yard, I will bite you.” The reason the Lion did not have to do as the Witch wished was that every night, while the woman was asleep, Dorothy carried him food from the cupboard. After he had eaten he would lie down on his bed of straw, and Dorothy would lie beside him and put her",100
TheWonderfulWizardOfOz_partition_ez,TheWonderfulWizardOfOz,fantasy,20153,"for Oz had taken the shape of a most terrible Beast. It was nearly as big as an elephant, and the green throne seemed hardly strong enough to hold its weight. The Beast had a head like that of a rhinoceros, only there were five eyes in its face. There were five long arms growing out of its body, and it also had five long, slim legs. Thick, woolly hair covered every part of it, and a more dreadful-looking monster could not be imagined. It was fortunate the Tin Woodman had no heart at that moment, for it would have",100
TheWonderfulWizardOfOz_partition_fa,TheWonderfulWizardOfOz,fantasy,15692,"get me out?” Then they told him of the field mice, and how they had generously saved him from death; and the Cowardly Lion laughed, and said: “I have always thought myself very big and terrible; yet such little things as flowers came near to killing me, and such small animals as mice have saved my life. How strange it all is! But, comrades, what shall we do now?” “We must journey on until we find the road of yellow brick again,” said Dorothy, “and then we can keep on to the Emerald City.” So, the Lion being fully refreshed,",100
TheWonderfulWizardOfOz_partition_fb,TheWonderfulWizardOfOz,fantasy,3796,"to show he knew what she meant. At that moment Dorothy saw lying on the table the silver shoes that had belonged to the Witch of the East. “I wonder if they will fit me,” she said to Toto. “They would be just the thing to take a long walk in, for they could not wear out.” She took off her old leather shoes and tried on the silver ones, which fitted her as well as if they had been made for her. Finally she picked up her basket. “Come along, Toto,” she said. “We will go to the Emerald",100
TheWonderfulWizardOfOz_partition_fc,TheWonderfulWizardOfOz,fantasy,15785,"City.” So, the Lion being fully refreshed, and feeling quite himself again, they all started upon the journey, greatly enjoying the walk through the soft, fresh grass; and it was not long before they reached the road of yellow brick and turned again toward the Emerald City where the Great Oz dwelt. The road was smooth and well paved, now, and the country about was beautiful, so that the travelers rejoiced in leaving the forest far behind, and with it the many dangers they had met in its gloomy shades. Once more they could see fences built beside the road;",100
TheWonderfulWizardOfOz_partition_fd,TheWonderfulWizardOfOz,fantasy,37182,"turned up his nose in disgust. Its legs were quite as long as the tiger had said, and its body covered with coarse black hair. It had a great mouth, with a row of sharp teeth a foot long; but its head was joined to the pudgy body by a neck as slender as a wasp’s waist. This gave the Lion a hint of the best way to attack the creature, and as he knew it was easier to fight it asleep than awake, he gave a great spring and landed directly upon the monster’s back. Then, with one blow",100
TheWonderfulWizardOfOz_partition_fe,TheWonderfulWizardOfOz,fantasy,5161,"said Dorothy, “I’m awfully sorry for you.” “Do you think,” he asked, “if I go to the Emerald City with you, that Oz would give me some brains?” “I cannot tell,” she returned, “but you may come with me, if you like. If Oz will not give you any brains you will be no worse off than you are now.” “That is true,” said the Scarecrow. “You see,” he continued confidentially, “I don’t mind my legs and arms and body being stuffed, because I cannot get hurt. If anyone treads on my toes or sticks a pin into me, it",100
TheWonderfulWizardOfOz_partition_ff,TheWonderfulWizardOfOz,fantasy,5613,"There were fewer houses and fewer fruit trees, and the farther they went the more dismal and lonesome the country became. At noon they sat down by the roadside, near a little brook, and Dorothy opened her basket and got out some bread. She offered a piece to the Scarecrow, but he refused. “I am never hungry,” he said, “and it is a lucky thing I am not, for my mouth is only painted, and if I should cut a hole in it so I could eat, the straw I am stuffed with would come out, and that would spoil",100
TheWonderfulWizardOfOz_partition_fg,TheWonderfulWizardOfOz,fantasy,31849,"desert, and then it should be easy to find your way home.” “How can I cross the desert?” she inquired. “Well, I’ll tell you what I think,” said the little man. “You see, when I came to this country it was in a balloon. You also came through the air, being carried by a cyclone. So I believe the best way to get across the desert will be through the air. Now, it is quite beyond my powers to make a cyclone; but I’ve been thinking the matter over, and I believe I can make a balloon.” “How?” asked Dorothy.",100
TheWonderfulWizardOfOz_partition_fh,TheWonderfulWizardOfOz,fantasy,4535,"curiosity to all the people, for they had never seen a dog before. “How far is it to the Emerald City?” the girl asked. “I do not know,” answered Boq gravely, “for I have never been there. It is better for people to keep away from Oz, unless they have business with him. But it is a long way to the Emerald City, and it will take you many days. The country here is rich and pleasant, but you must pass through rough and dangerous places before you reach the end of your journey.” This worried Dorothy a little, but",100
TheWonderfulWizardOfOz_partition_fi,TheWonderfulWizardOfOz,fantasy,34911,"the wood. Then, to their surprise, they found before them a high wall which seemed to be made of white china. It was smooth, like the surface of a dish, and higher than their heads. “What shall we do now?” asked Dorothy. “I will make a ladder,” said the Tin Woodman, “for we certainly must climb over the wall.” Chapter XX The Dainty China Country While the Woodman was making a ladder from wood which he found in the forest Dorothy lay down and slept, for she was tired by the long walk. The Lion also curled himself up to",100
TheWonderfulWizardOfOz_partition_fj,TheWonderfulWizardOfOz,fantasy,8241,"the Wicked Witch of the East, and promised her two sheep and a cow if she would prevent the marriage. Thereupon the Wicked Witch enchanted my axe, and when I was chopping away at my best one day, for I was anxious to get the new house and my wife as soon as possible, the axe slipped all at once and cut off my left leg. “This at first seemed a great misfortune, for I knew a one-legged man could not do very well as a wood-chopper. So I went to a tinsmith and had him make me a new",100
TheWonderfulWizardOfOz_partition_fk,TheWonderfulWizardOfOz,fantasy,8414,"enchanted axe cut off my arms, one after the other; but, nothing daunted, I had them replaced with tin ones. The Wicked Witch then made the axe slip and cut off my head, and at first I thought that was the end of me. But the tinsmith happened to come along, and he made me a new head out of tin. “I thought I had beaten the Wicked Witch then, and I worked harder than ever; but I little knew how cruel my enemy could be. She thought of a new way to kill my love for the beautiful Munchkin",100
TheWonderfulWizardOfOz_partition_fl,TheWonderfulWizardOfOz,fantasy,31148,"I can put your heart in the right place. I hope it won’t hurt you.” “Oh, no,” answered the Woodman. “I shall not feel it at all.” So Oz brought a pair of tinsmith’s shears and cut a small, square hole in the left side of the Tin Woodman’s breast. Then, going to a chest of drawers, he took out a pretty heart, made entirely of silk and stuffed with sawdust. “Isn’t it a beauty?” he asked. “It is, indeed!” replied the Woodman, who was greatly pleased. “But is it a kind heart?” “Oh, very!” answered Oz. He put the",100
TheWonderfulWizardOfOz_partition_fm,TheWonderfulWizardOfOz,fantasy,36031,"of red and yellow and green he was completely covered with cracks, running every which way and showing plainly that he had been mended in many places. The Clown put his hands in his pockets, and after puffing out his cheeks and nodding his head at them saucily, he said: “My lady fair, Why do you stare At poor old Mr. Joker? You’re quite as stiff And prim as if You’d eaten up a poker!” “Be quiet, sir!” said the Princess. “Can’t you see these are strangers, and should be treated with respect?” “Well, that’s respect, I expect,” declared the",100
TheWonderfulWizardOfOz_partition_fn,TheWonderfulWizardOfOz,fantasy,10821,"her very snug and warm, and she slept soundly until morning. When it was daylight, the girl bathed her face in a little rippling brook, and soon after they all started toward the Emerald City. This was to be an eventful day for the travelers. They had hardly been walking an hour when they saw before them a great ditch that crossed the road and divided the forest as far as they could see on either side. It was a very wide ditch, and when they crept up to the edge and looked into it they could see it was",100
TheWonderfulWizardOfOz_partition_fo,TheWonderfulWizardOfOz,fantasy,17370,"opened the big box, and Dorothy saw that it was filled with spectacles of every size and shape. All of them had green glasses in them. The Guardian of the Gates found a pair that would just fit Dorothy and put them over her eyes. There were two golden bands fastened to them that passed around the back of her head, where they were locked together by a little key that was at the end of a chain the Guardian of the Gates wore around his neck. When they were on, Dorothy could not take them off had she wished,",100
TheWonderfulWizardOfOz_partition_fp,TheWonderfulWizardOfOz,fantasy,34581,"for the party to pass underneath. So he walked forward to the tree, but just as he came under the first branches they bent down and twined around him, and the next minute he was raised from the ground and flung headlong among his fellow travelers. This did not hurt the Scarecrow, but it surprised him, and he looked rather dizzy when Dorothy picked him up. “Here is another space between the trees,” called the Lion. “Let me try it first,” said the Scarecrow, “for it doesn’t hurt me to get thrown about.” He walked up to another tree, as",100
TheWonderfulWizardOfOz_partition_fq,TheWonderfulWizardOfOz,fantasy,27730,"of us, he called us all to him in the forest after he had married her and ordered us always to keep where she could never again set eyes on a Winged Monkey, which we were glad to do, for we were all afraid of her. “This was all we ever had to do until the Golden Cap fell into the hands of the Wicked Witch of the West, who made us enslave the Winkies, and afterward drive Oz himself out of the Land of the West. Now the Golden Cap is yours, and three times you have the right",100
TheWonderfulWizardOfOz_partition_fr,TheWonderfulWizardOfOz,fantasy,13880,"asleep already.” It was true; Toto had fallen down beside his little mistress. But the Scarecrow and the Tin Woodman, not being made of flesh, were not troubled by the scent of the flowers. “Run fast,” said the Scarecrow to the Lion, “and get out of this deadly flower bed as soon as you can. We will bring the little girl with us, but if you should fall asleep you are too big to be carried.” So the Lion aroused himself and bounded forward as fast as he could go. In a moment he was out of sight. “Let us",100
TheWonderfulWizardOfOz_partition_fs,TheWonderfulWizardOfOz,fantasy,35343,"were the people who lived in this queer country. There were milkmaids and shepherdesses, with brightly colored bodices and golden spots all over their gowns; and princesses with most gorgeous frocks of silver and gold and purple; and shepherds dressed in knee breeches with pink and yellow and blue stripes down them, and golden buckles on their shoes; and princes with jeweled crowns upon their heads, wearing ermine robes and satin doublets; and funny clowns in ruffled gowns, with round red spots upon their cheeks and tall, pointed caps. And, strangest of all, these people were all made of china,",100
TheWonderfulWizardOfOz_partition_ft,TheWonderfulWizardOfOz,fantasy,13182,"the Cowardly Lion; and we are going to the Emerald City.” “This isn’t the road,” said the Stork, as she twisted her long neck and looked sharply at the queer party. “I know it,” returned Dorothy, “but we have lost the Scarecrow, and are wondering how we shall get him again.” “Where is he?” asked the Stork. “Over there in the river,” answered the little girl. “If he wasn’t so big and heavy I would get him for you,” remarked the Stork. “He isn’t heavy a bit,” said Dorothy eagerly, “for he is stuffed with straw; and if you will",100
TheWonderfulWizardOfOz_partition_fu,TheWonderfulWizardOfOz,fantasy,20428,"return sorrowfully to his friends and tell them of the terrible Beast he had seen. They all wondered greatly at the many forms the Great Wizard could take upon himself, and the Lion said: “If he is a Beast when I go to see him, I shall roar my loudest, and so frighten him that he will grant all I ask. And if he is the lovely Lady, I shall pretend to spring upon her, and so compel her to do my bidding. And if he is the great Head, he will be at my mercy; for I will roll",100
TheWonderfulWizardOfOz_partition_fv,TheWonderfulWizardOfOz,fantasy,26148,"sun was over their heads, they did not know which was east and which was west, and that was the reason they were lost in the great fields. They kept on walking, however, and at night the moon came out and shone brightly. So they lay down among the sweet smelling yellow flowers and slept soundly until morning—all but the Scarecrow and the Tin Woodman. The next morning the sun was behind a cloud, but they started on, as if they were quite sure which way they were going. “If we walk far enough,” said Dorothy, “I am sure we",100
TheWonderfulWizardOfOz_partition_fw,TheWonderfulWizardOfOz,fantasy,24472,"she known how to do so. The little girl, seeing she had lost one of her pretty shoes, grew angry, and said to the Witch, “Give me back my shoe!” “I will not,” retorted the Witch, “for it is now my shoe, and not yours.” “You are a wicked creature!” cried Dorothy. “You have no right to take my shoe from me.” “I shall keep it, just the same,” said the Witch, laughing at her, “and someday I shall get the other one from you, too.” This made Dorothy so very angry that she picked up the bucket of water",100
TheWonderfulWizardOfOz_partition_fx,TheWonderfulWizardOfOz,fantasy,28711,"really destroyed?” asked the Voice, and Dorothy thought it trembled a little. “Yes,” she answered, “I melted her with a bucket of water.” “Dear me,” said the Voice, “how sudden! Well, come to me tomorrow, for I must have time to think it over.” “You’ve had plenty of time already,” said the Tin Woodman angrily. “We shan’t wait a day longer,” said the Scarecrow. “You must keep your promises to us!” exclaimed Dorothy. The Lion thought it might be as well to frighten the Wizard, so he gave a large, loud roar, which was so fierce and dreadful that Toto",100
TheWonderfulWizardOfOz_partition_fy,TheWonderfulWizardOfOz,fantasy,33919,"me. But I should like to start as soon as possible.” “We shall go tomorrow morning,” returned the Scarecrow. “So now let us all get ready, for it will be a long journey.” Chapter XIX Attacked by the Fighting Trees The next morning Dorothy kissed the pretty green girl good-bye, and they all shook hands with the soldier with the green whiskers, who had walked with them as far as the gate. When the Guardian of the Gate saw them again he wondered greatly that they could leave the beautiful City to get into new trouble. But he at once",100
TheWonderfulWizardOfOz_partition_fz,TheWonderfulWizardOfOz,fantasy,29588,"was. “After a time,” continued Oz, “I tired of that, and became a balloonist.” “What is that?” asked Dorothy. “A man who goes up in a balloon on circus day, so as to draw a crowd of people together and get them to pay to see the circus,” he explained. “Oh,” she said, “I know.” “Well, one day I went up in a balloon and the ropes got twisted, so that I couldn’t come down again. It went way up above the clouds, so far that a current of air struck it and carried it many, many miles away. For",100
TheWonderfulWizardOfOz_partition_ga,TheWonderfulWizardOfOz,fantasy,7930,"side of the road. Indeed he was obliged to call to her to help him up again. “Why didn’t you walk around the hole?” asked the Tin Woodman. “I don’t know enough,” replied the Scarecrow cheerfully. “My head is stuffed with straw, you know, and that is why I am going to Oz to ask him for some brains.” “Oh, I see,” said the Tin Woodman. “But, after all, brains are not the best things in the world.” “Have you any?” inquired the Scarecrow. “No, my head is quite empty,” answered the Woodman. “But once I had brains, and a",100
TheWonderfulWizardOfOz_partition_gb,TheWonderfulWizardOfOz,fantasy,16246,"was lying on the couch in a corner. They seemed greatly surprised to see so strange a company, and while the woman was busy laying the table the man asked: “Where are you all going?” “To the Emerald City,” said Dorothy, “to see the Great Oz.” “Oh, indeed!” exclaimed the man. “Are you sure that Oz will see you?” “Why not?” she replied. “Why, it is said that he never lets anyone come into his presence. I have been to the Emerald City many times, and it is a beautiful and wonderful place; but I have never been permitted to",100
TheWonderfulWizardOfOz_partition_gc,TheWonderfulWizardOfOz,fantasy,14725,"back! Toto shall not hurt you.” At this the Queen of the Mice stuck her head out from underneath a clump of grass and asked, in a timid voice, “Are you sure he will not bite us?” “I will not let him,” said the Woodman; “so do not be afraid.” One by one the mice came creeping back, and Toto did not bark again, although he tried to get out of the Woodman’s arms, and would have bitten him had he not known very well he was made of tin. Finally one of the biggest mice spoke. “Is there anything",100
TheWonderfulWizardOfOz_partition_gd,TheWonderfulWizardOfOz,fantasy,4196,"many men and women were dancing. Five little fiddlers played as loudly as possible, and the people were laughing and singing, while a big table near by was loaded with delicious fruits and nuts, pies and cakes, and many other good things to eat. The people greeted Dorothy kindly, and invited her to supper and to pass the night with them; for this was the home of one of the richest Munchkins in the land, and his friends were gathered with him to celebrate their freedom from the bondage of the Wicked Witch. Dorothy ate a hearty supper and was",100
TheWonderfulWizardOfOz_partition_ge,TheWonderfulWizardOfOz,fantasy,22156,"at last all were lying dead beside him. Then he called to his companions to rise, and again they went upon their journey. When the Wicked Witch looked out again and saw all her crows lying in a heap, she got into a terrible rage, and blew three times upon her silver whistle. Forthwith there was heard a great buzzing in the air, and a swarm of black bees came flying toward her. “Go to the strangers and sting them to death!” commanded the Witch, and the bees turned and flew rapidly until they came to where Dorothy and her",100
TheWonderfulWizardOfOz_partition_gf,TheWonderfulWizardOfOz,fantasy,1378,"hole, caught Toto by the ear, and dragged him into the room again, afterward closing the trap door so that no more accidents could happen. Hour after hour passed away, and slowly Dorothy got over her fright; but she felt quite lonely, and the wind shrieked so loudly all about her that she nearly became deaf. At first she had wondered if she would be dashed to pieces when the house fell again; but as the hours passed and nothing terrible happened, she stopped worrying and resolved to wait calmly and see what the future would bring. At last she",100
TheWonderfulWizardOfOz_partition_gg,TheWonderfulWizardOfOz,fantasy,38555,"your dear heart,” she said, “I am sure I can tell you of a way to get back to Kansas.” Then she added, “But, if I do, you must give me the Golden Cap.” “Willingly!” exclaimed Dorothy; “indeed, it is of no use to me now, and when you have it you can command the Winged Monkeys three times.” “And I think I shall need their service just those three times,” answered Glinda, smiling. Dorothy then gave her the Golden Cap, and the Witch said to the Scarecrow, “What will you do when Dorothy has left us?” “I will return",100
TheWonderfulWizardOfOz_partition_gh,TheWonderfulWizardOfOz,fantasy,36301,"I’ll just say good-bye.” “Good-bye,” replied the Princess. They walked carefully through the china country. The little animals and all the people scampered out of their way, fearing the strangers would break them, and after an hour or so the travelers reached the other side of the country and came to another china wall. It was not so high as the first, however, and by standing upon the Lion’s back they all managed to scramble to the top. Then the Lion gathered his legs under him and jumped on the wall; but just as he jumped, he upset a china",100
TheWonderfulWizardOfOz_partition_gi,TheWonderfulWizardOfOz,fantasy,15080,"began to work; and he soon made a truck out of the limbs of trees, from which he chopped away all the leaves and branches. He fastened it together with wooden pegs and made the four wheels out of short pieces of a big tree trunk. So fast and so well did he work that by the time the mice began to arrive the truck was all ready for them. They came from all directions, and there were thousands of them: big mice and little mice and middle-sized mice; and each one brought a piece of string in his mouth.",100
TheWonderfulWizardOfOz_partition_gj,TheWonderfulWizardOfOz,fantasy,38564,"can tell you of a way to get back to Kansas.” Then she added, “But, if I do, you must give me the Golden Cap.” “Willingly!” exclaimed Dorothy; “indeed, it is of no use to me now, and when you have it you can command the Winged Monkeys three times.” “And I think I shall need their service just those three times,” answered Glinda, smiling. Dorothy then gave her the Golden Cap, and the Witch said to the Scarecrow, “What will you do when Dorothy has left us?” “I will return to the Emerald City,” he replied, “for Oz has",100
TheWonderfulWizardOfOz_partition_gk,TheWonderfulWizardOfOz,fantasy,14432,"it was freed from its enemy, stopped short; and coming slowly up to the Woodman it said, in a squeaky little voice: “Oh, thank you! Thank you ever so much for saving my life.” “Don’t speak of it, I beg of you,” replied the Woodman. “I have no heart, you know, so I am careful to help all those who may need a friend, even if it happens to be only a mouse.” “Only a mouse!” cried the little animal, indignantly. “Why, I am a Queen—the Queen of all the Field Mice!” “Oh, indeed,” said the Woodman, making a bow.",100
TheWonderfulWizardOfOz_partition_gl,TheWonderfulWizardOfOz,fantasy,471,"and Dorothy a little bed in another corner. There was no garret at all, and no cellar—except a small hole dug in the ground, called a cyclone cellar, where the family could go in case one of those great whirlwinds arose, mighty enough to crush any building in its path. It was reached by a trap door in the middle of the floor, from which a ladder led down into the small, dark hole. When Dorothy stood in the doorway and looked around, she could see nothing but the great gray prairie on every side. Not a tree nor a",100
TheWonderfulWizardOfOz_partition_gm,TheWonderfulWizardOfOz,fantasy,4652,"resolved not to turn back. She bade her friends good-bye, and again started along the road of yellow brick. When she had gone several miles she thought she would stop to rest, and so climbed to the top of the fence beside the road and sat down. There was a great cornfield beyond the fence, and not far away she saw a Scarecrow, placed high on a pole to keep the birds from the ripe corn. Dorothy leaned her chin upon her hand and gazed thoughtfully at the Scarecrow. Its head was a small sack stuffed with straw, with eyes,",100
TheWonderfulWizardOfOz_partition_gn,TheWonderfulWizardOfOz,fantasy,3858,"leather shoes and tried on the silver ones, which fitted her as well as if they had been made for her. Finally she picked up her basket. “Come along, Toto,” she said. “We will go to the Emerald City and ask the Great Oz how to get back to Kansas again.” She closed the door, locked it, and put the key carefully in the pocket of her dress. And so, with Toto trotting along soberly behind her, she started on her journey. There were several roads nearby, but it did not take her long to find the one paved with",100
TheWonderfulWizardOfOz_partition_go,TheWonderfulWizardOfOz,fantasy,15003,"piece of string.” The Queen turned to the mice that attended her and told them to go at once and get all her people. As soon as they heard her orders they ran away in every direction as fast as possible. “Now,” said the Scarecrow to the Tin Woodman, “you must go to those trees by the riverside and make a truck that will carry the Lion.” So the Woodman went at once to the trees and began to work; and he soon made a truck out of the limbs of trees, from which he chopped away all the leaves",100
TheWonderfulWizardOfOz_partition_gp,TheWonderfulWizardOfOz,fantasy,4417,"all the people seemed to think her a witch, and she knew very well she was only an ordinary little girl who had come by the chance of a cyclone into a strange land. When she had tired watching the dancing, Boq led her into the house, where he gave her a room with a pretty bed in it. The sheets were made of blue cloth, and Dorothy slept soundly in them till morning, with Toto curled up on the blue rug beside her. She ate a hearty breakfast, and watched a wee Munchkin baby, who played with Toto and",100
TheWonderfulWizardOfOz_partition_gq,TheWonderfulWizardOfOz,fantasy,2058,"mean by calling her a sorceress, and saying she had killed the Wicked Witch of the East? Dorothy was an innocent, harmless little girl, who had been carried by a cyclone many miles from home; and she had never killed anything in all her life. But the little woman evidently expected her to answer; so Dorothy said, with hesitation, “You are very kind, but there must be some mistake. I have not killed anything.” “Your house did, anyway,” replied the little old woman, with a laugh, “and that is the same thing. See!” she continued, pointing to the corner of",100
TheWonderfulWizardOfOz_partition_gr,TheWonderfulWizardOfOz,fantasy,21654,"them to pieces.” “Are you not going to make them your slaves?” asked the leader of the wolves. “No,” she answered, “one is of tin, and one of straw; one is a girl and another a Lion. None of them is fit to work, so you may tear them into small pieces.” “Very well,” said the wolf, and he dashed away at full speed, followed by the others. It was lucky the Scarecrow and the Woodman were wide awake and heard the wolves coming. “This is my fight,” said the Woodman, “so get behind me and I will meet them",100
PrideAndPrejudice_partition_a,PrideAndPrejudice,romance,9287,"him; there had been no formality, no stiffness; he had soon felt acquainted with all the room; and as to Miss Bennet, he could not conceive an angel more beautiful. Darcy, on the contrary, had seen a collection of people in whom there was little beauty and no fashion, for none of whom he had felt the smallest interest, and from none received either attention or pleasure. Miss Bennet he acknowledged to be pretty; but she smiled too much. Mrs. Hurst and her sister allowed it to be so; but still they admired her and liked her, and pronounced her",100
PrideAndPrejudice_partition_b,PrideAndPrejudice,romance,67391,"his best friend, could not escape the observation of a young man of nearly the same age with himself, and who had opportunities of seeing him in unguarded moments, which Mr. Darcy could not have. Here again I shall give you pain--to what degree you only can tell. But whatever may be the sentiments which Mr. Wickham has created, a suspicion of their nature shall not prevent me from unfolding his real character. It adds even another motive. My excellent father died about five years ago; and his attachment to Mr. Wickham was to the last so steady, that in",100
PrideAndPrejudice_partition_c,PrideAndPrejudice,romance,31195,"looks.” “It is difficult, indeed--it is distressing. One does not know what to think.” “I beg your pardon;--one knows exactly what to think.” But Jane could think with certainty on only one point,--that Mr. Bingley, if he _had been_ imposed on, would have much to suffer when the affair became public. The two young ladies were summoned from the shrubbery, where this conversation passed, by the arrival of some of the very persons of whom they had been speaking; Mr. Bingley and his sisters came to give their personal invitation for the long expected ball at Netherfield, which was fixed",100
PrideAndPrejudice_partition_d,PrideAndPrejudice,romance,36500,"preferment. I cannot acquit him of that duty; nor could I think well of the man who should omit an occasion of testifying his respect towards anybody connected with the family.” And with a bow to Mr. Darcy, he concluded his speech, which had been spoken so loud as to be heard by half the room. Many stared--many smiled; but no one looked more amused than Mr. Bennet himself, while his wife seriously commended Mr. Collins for having spoken so sensibly, and observed, in a half-whisper to Lady Lucas, that he was a remarkably clever, good kind of young man.",100
PrideAndPrejudice_partition_e,PrideAndPrejudice,romance,87684,"of the beautiful oaks and Spanish chestnuts which were scattered over the intermediate lawn. In this room they were received by Miss Darcy, who was sitting there with Mrs. Hurst and Miss Bingley, and the lady with whom she lived in London. Georgiana’s reception of them was very civil, but attended with all that embarrassment which, though proceeding from shyness and the fear of doing wrong, would easily give to those who felt themselves inferior the belief of her being proud and reserved. Mrs. Gardiner and her niece, however, did her justice, and pitied her. By Mrs. Hurst and Miss",100
PrideAndPrejudice_partition_f,PrideAndPrejudice,romance,63624,"she did not mean to be unhappy about him. While settling this point, she was suddenly roused by the sound of the door-bell; and her spirits were a little fluttered by the idea of its being Colonel Fitzwilliam himself, who had once before called late in the evening, and might now come to inquire particularly after her. But this idea was soon banished, and her spirits were very differently affected, when, to her utter amazement, she saw Mr. Darcy walk into the room. In a hurried manner he immediately began an inquiry after her health, imputing his visit to a",100
PrideAndPrejudice_partition_g,PrideAndPrejudice,romance,28080,"did not play at whist, and with ready delight was he received at the other table between Elizabeth and Lydia. At first there seemed danger of Lydia’s engrossing him entirely, for she was a most determined talker; but being likewise extremely fond of lottery tickets, she soon grew too much interested in the game, too eager in making bets and exclaiming after prizes, to have attention for anyone in particular. Allowing for the common demands of the game, Mr. Wickham was therefore at leisure to talk to Elizabeth, and she was very willing to hear him, though what she chiefly",100
PrideAndPrejudice_partition_h,PrideAndPrejudice,romance,70678,"assure you, I feel it exceedingly,” said Lady Catherine; “I believe nobody feels the loss of friends so much as I do. But I am particularly attached to these young men; and know them to be so much attached to me! They were excessively sorry to go! But so they always are. The dear Colonel rallied his spirits tolerably till just at last; but Darcy seemed to feel it most acutely--more, I think, than last year. His attachment to Rosings certainly increases.” Mr. Collins had a compliment and an allusion to throw in here, which were kindly smiled on by",100
PrideAndPrejudice_partition_i,PrideAndPrejudice,romance,17342,"move in a very confined and unvarying society.” “But people themselves alter so much, that there is something new to be observed in them for ever.” “Yes, indeed,” cried Mrs. Bennet, offended by his manner of mentioning a country neighbourhood. “I assure you there is quite as much of _that_ going on in the country as in town.” Everybody was surprised; and Darcy, after looking at her for a moment, turned silently away. Mrs. Bennet, who fancied she had gained a complete victory over him, continued her triumph,-- “I cannot see that London has any great advantage over the country,",100
PrideAndPrejudice_partition_j,PrideAndPrejudice,romance,94811,"the servants, while they waited at table, and judged it better that _one_ only of the household, and the one whom they could most trust, should comprehend all her fears and solicitude on the subject. In the dining-room they were soon joined by Mary and Kitty, who had been too busily engaged in their separate apartments to make their appearance before. One came from her books, and the other from her toilette. The faces of both, however, were tolerably calm; and no change was visible in either, except that the loss of her favourite sister, or the anger which she",100
PrideAndPrejudice_partition_k,PrideAndPrejudice,romance,122619,"at Pemberley.” Another entreaty that she would be serious, however, produced the desired effect; and she soon satisfied Jane by her solemn assurances of attachment. When convinced on that article, Miss Bennet had nothing further to wish. “Now I am quite happy,” said she, “for you will be as happy as myself. I always had a value for him. Were it for nothing but his love of you, I must always have esteemed him; but now, as Bingley’s friend and your husband, there can be only Bingley and yourself more dear to me. But, Lizzy, you have been very sly,",100
PrideAndPrejudice_partition_l,PrideAndPrejudice,romance,115655,"from Charlotte, as it seemed the only probable motive for her calling. But no letter appeared, and she was completely puzzled. Mrs. Bennet, with great civility, begged her Ladyship to take some refreshment: but Lady Catherine very resolutely, and not very politely, declined eating anything; and then, rising up, said to Elizabeth,-- “Miss Bennet, there seemed to be a prettyish kind of a little wilderness on one side of your lawn. I should be glad to take a turn in it, if you will favour me with your company.” “Go, my dear,” cried her mother, “and show her Ladyship about",100
PrideAndPrejudice_partition_m,PrideAndPrejudice,romance,74847,"collected in one individual! Nor was Darcy’s vindication, though grateful to her feelings, capable of consoling her for such discovery. Most earnestly did she labour to prove the probability of error, and seek to clear one, without involving the other. “This will not do,” said Elizabeth; “you never will be able to make both of them good for anything. Take your choice, but you must be satisfied with only one. There is but such a quantity of merit between them; just enough to make one good sort of man; and of late it has been shifting about pretty much. For",100
PrideAndPrejudice_partition_n,PrideAndPrejudice,romance,75525,"be all found out, and then we may laugh at their stupidity in not knowing it before. At present I will say nothing about it.” “You are quite right. To have his errors made public might ruin him for ever. He is now, perhaps, sorry for what he has done, and anxious to re-establish a character. We must not make him desperate.” The tumult of Elizabeth’s mind was allayed by this conversation. She had got rid of two of the secrets which had weighed on her for a fortnight, and was certain of a willing listener in Jane, whenever she",100
PrideAndPrejudice_partition_o,PrideAndPrejudice,romance,61953,"the power of choice. I do not know anybody who seems more to enjoy the power of doing what he likes than Mr. Darcy.” “He likes to have his own way very well,” replied Colonel Fitzwilliam. “But so we all do. It is only that he has better means of having it than many others, because he is rich, and many others are poor. I speak feelingly. A younger son, you know, must be inured to self-denial and dependence.” “In my opinion, the younger son of an earl can know very little of either. Now, seriously, what have you ever",100
PrideAndPrejudice_partition_p,PrideAndPrejudice,romance,31850,"the better pleased with his gallantry, from the idea it suggested of something more. It now first struck her, that _she_ was selected from among her sisters as worthy of being the mistress of Hunsford Parsonage, and of assisting to form a quadrille table at Rosings, in the absence of more eligible visitors. The idea soon reached to conviction, as she observed his increasing civilities towards herself, and heard his frequent attempt at a compliment on her wit and vivacity; and though more astonished than gratified herself by this effect of her charms, it was not long before her mother",100
PrideAndPrejudice_partition_q,PrideAndPrejudice,romance,102841,"mother.--Yours, etc. “E. GARDINER.” Mr. Bennet and his daughters saw all the advantages of Wickham’s removal from the ----shire, as clearly as Mr. Gardiner could do. But Mrs. Bennet was not so well pleased with it. Lydia’s being settled in the north, just when she had expected most pleasure and pride in her company, for she had by no means given up her plan of their residing in Hertfordshire, was a severe disappointment; and, besides, it was such a pity that Lydia should be taken from a regiment where she was acquainted with everybody, and had so many favourites. “She",100
PrideAndPrejudice_partition_r,PrideAndPrejudice,romance,61993,"do. It is only that he has better means of having it than many others, because he is rich, and many others are poor. I speak feelingly. A younger son, you know, must be inured to self-denial and dependence.” “In my opinion, the younger son of an earl can know very little of either. Now, seriously, what have you ever known of self-denial and dependence? When have you been prevented by want of money from going wherever you chose or procuring anything you had a fancy for?” “These are home questions--and perhaps I cannot say that I have experienced many",100
PrideAndPrejudice_partition_s,PrideAndPrejudice,romance,105840,"found. Wickham, indeed, had gone to her on their first arrival in London; and had she been able to receive them into her house, they would have taken up their abode with her. At length, however, our kind friend procured the wished-for direction. They were in ---- Street. He saw Wickham, and afterwards insisted on seeing Lydia. His first object with her, he acknowledged, had been to persuade her to quit her present disgraceful situation, and return to her friends as soon as they could be prevailed on to receive her, offering his assistance as far as it would go.",100
PrideAndPrejudice_partition_t,PrideAndPrejudice,romance,53354,"new and interesting to Elizabeth; and her spirits were in a state of enjoyment; for she had seen her sister looking so well as to banish all fear for her health, and the prospect of her northern tour was a constant source of delight. When they left the high road for the lane to Hunsford, every eye was in search of the Parsonage, and every turning expected to bring it in view. The paling of Rosings park was their boundary on one side. Elizabeth smiled at the recollection of all that she had heard of its inhabitants. At length the",100
PrideAndPrejudice_partition_u,PrideAndPrejudice,romance,24957,"is a very agreeable woman. It is a pity that great ladies in general are not more like her. Does she live near you, sir?” “The garden in which stands my humble abode is separated only by a lane from Rosings Park, her Ladyship’s residence.” “I think you said she was a widow, sir? has she any family?” “She has one only daughter, the heiress of Rosings, and of very extensive property.” “Ah,” cried Mrs. Bennet, shaking her head, “then she is better off than many girls. And what sort of young lady is she? Is she handsome?” “She is",100
PrideAndPrejudice_partition_v,PrideAndPrejudice,romance,12363,"was determined; nor did Sir William at all shake her purpose by his attempt at persuasion. “You excel so much in the dance, Miss Eliza, that it is cruel to deny me the happiness of seeing you; and though this gentleman dislikes the amusement in general, he can have no objection, I am sure, to oblige us for one half hour.” “Mr. Darcy is all politeness,” said Elizabeth, smiling. “He is, indeed: but considering the inducement, my dear Miss Eliza, we cannot wonder at his complaisance; for who would object to such a partner?” Elizabeth looked archly, and turned away.",100
PrideAndPrejudice_partition_w,PrideAndPrejudice,romance,12704,"absolutely settled. You will have a charming mother-in-law, indeed, and of course she will be always at Pemberley with you.” He listened to her with perfect indifference, while she chose to entertain herself in this manner; and as his composure convinced her that all was safe, her wit flowed along. [Illustration: “A note for Miss Bennet” [_Copyright 1894 by George Allen._]] CHAPTER VII. [Illustration] Mr. Bennet’s property consisted almost entirely in an estate of two thousand a year, which, unfortunately for his daughters, was entailed, in default of heirs male, on a distant relation; and their mother’s fortune, though ample",100
PrideAndPrejudice_partition_x,PrideAndPrejudice,romance,86374,"opinion of people with whom any intercourse a few months ago would have been a disgrace; when she saw him thus civil, not only to herself, but to the very relations whom he had openly disdained, and recollected their last lively scene in Hunsford Parsonage, the difference, the change was so great, and struck so forcibly on her mind, that she could hardly restrain her astonishment from being visible. Never, even in the company of his dear friends at Netherfield, or his dignified relations at Rosings, had she seen him so desirous to please, so free from self-consequence or unbending",100
PrideAndPrejudice_partition_y,PrideAndPrejudice,romance,56498,"all the masters that were necessary. Those who chose to be idle certainly might.” “Ay, no doubt: but that is what a governess will prevent; and if I had known your mother, I should have advised her most strenuously to engage one. I always say that nothing is to be done in education without steady and regular instruction, and nobody but a governess can give it. It is wonderful how many families I have been the means of supplying in that way. I am always glad to get a young person well placed out. Four nieces of Mrs. Jenkinson are",100
PrideAndPrejudice_partition_z,PrideAndPrejudice,romance,46438,"Jane very soon communicated the chief of all this, heard it in silent indignation. Her heart was divided between concern for her sister and resentment against all others. To Caroline’s assertion of her brother’s being partial to Miss Darcy, she paid no credit. That he was really fond of Jane, she doubted no more than she had ever done; and much as she had always been disposed to like him, she could not think without anger, hardly without contempt, on that easiness of temper, that want of proper resolution, which now made him the slave of his designing friends, and",100
PrideAndPrejudice_partition_aa,PrideAndPrejudice,romance,55519,"found herself quite equal to the scene, and could observe the three ladies before her composedly. Lady Catherine was a tall, large woman, with strongly-marked features, which might once have been handsome. Her air was not conciliating, nor was her manner of receiving them such as to make her visitors forget their inferior rank. She was not rendered formidable by silence: but whatever she said was spoken in so authoritative a tone as marked her self-importance, and brought Mr. Wickham immediately to Elizabeth’s mind; and, from the observation of the day altogether, she believed Lady Catherine to be exactly what",100
PrideAndPrejudice_partition_ab,PrideAndPrejudice,romance,53883,"every walk and cross walk, and scarcely allowing them an interval to utter the praises he asked for, every view was pointed out with a minuteness which left beauty entirely behind. He could number the fields in every direction, and could tell how many trees there were in the most distant clump. But of all the views which his garden, or which the country or the kingdom could boast, none were to be compared with the prospect of Rosings, afforded by an opening in the trees that bordered the park nearly opposite the front of his house. It was a",100
PrideAndPrejudice_partition_ac,PrideAndPrejudice,romance,61213,"Parsonage it was more difficult to understand. It could not be for society, as he frequently sat there ten minutes together without opening his lips; and when he did speak, it seemed the effect of necessity rather than of choice--a sacrifice to propriety, not a pleasure to himself. He seldom appeared really animated. Mrs. Collins knew not what to make of him. Colonel Fitzwilliam’s occasionally laughing at his stupidity proved that he was generally different, which her own knowledge of him could not have told her; and as she would have liked to believe this change the effect of love,",100
PrideAndPrejudice_partition_ad,PrideAndPrejudice,romance,113224,"did not wink at you.” She then sat still five minutes longer; but unable to waste such a precious occasion, she suddenly got up, and saying to Kitty,-- “Come here, my love, I want to speak to you,” took her out of the room. Jane instantly gave a look at Elizabeth which spoke her distress at such premeditation, and her entreaty that _she_ would not give in to it. In a few minutes, Mrs. Bennet half opened the door and called out,-- “Lizzy, my dear, I want to speak with you.” Elizabeth was forced to go. “We may as well",100
PrideAndPrejudice_partition_ae,PrideAndPrejudice,romance,95561,"what we knew of him, this could not have happened!” “Perhaps it would have been better,” replied her sister. “But to expose the former faults of any person, without knowing what their present feelings were, seemed unjustifiable.” “We acted with the best intentions.” “Could Colonel Forster repeat the particulars of Lydia’s note to his wife?” “He brought it with him for us to see.” Jane then took it from her pocket-book, and gave it to Elizabeth. These were the contents:-- /* NIND “My dear Harriet, */ “You will laugh when you know where I am gone, and I cannot help",100
PrideAndPrejudice_partition_af,PrideAndPrejudice,romance,7100,"altogether: Mr. Bingley, his two sisters, the husband of the eldest, and another young man. Mr. Bingley was good-looking and gentlemanlike: he had a pleasant countenance, and easy, unaffected manners. His sisters were fine women, with an air of decided fashion. His brother-in-law, Mr. Hurst, merely looked the gentleman; but his friend Mr. Darcy soon drew the attention of the room by his fine, tall person, handsome features, noble mien, and the report, which was in general circulation within five minutes after his entrance, of his having ten thousand a year. The gentlemen pronounced him to be a fine figure",100
PrideAndPrejudice_partition_ag,PrideAndPrejudice,romance,88259,"saw that the suspicions of the whole party were awakened against them, and that there was scarcely an eye which did not watch his behaviour when he first came into the room. In no countenance was attentive curiosity so strongly marked as in Miss Bingley’s, in spite of the smiles which overspread her face whenever she spoke to one of its objects; for jealousy had not yet made her desperate, and her attentions to Mr. Darcy were by no means over. Miss Darcy, on her brother’s entrance, exerted herself much more to talk; and Elizabeth saw that he was anxious",100
PrideAndPrejudice_partition_ah,PrideAndPrejudice,romance,85649,"and her appearance womanly and graceful. She was less handsome than her brother, but there was sense and good-humour in her face, and her manners were perfectly unassuming and gentle. Elizabeth, who had expected to find in her as acute and unembarrassed an observer as ever Mr. Darcy had been, was much relieved by discerning such different feelings. They had not been long together before Darcy told her that Bingley was also coming to wait on her; and she had barely time to express her satisfaction, and prepare for such a visitor, when Bingley’s quick step was heard on the",100
PrideAndPrejudice_partition_ai,PrideAndPrejudice,romance,84696,"call him proud, _I_ have seen nothing of it.” “I was never more surprised than by his behaviour to us. It was more than civil; it was really attentive; and there was no necessity for such attention. His acquaintance with Elizabeth was very trifling.” “To be sure, Lizzy,” said her aunt, “he is not so handsome as Wickham; or rather he has not Wickham’s countenance, for his features are perfectly good. But how came you to tell us that he was so disagreeable?” Elizabeth excused herself as well as she could: said that she had liked him better when they",100
PrideAndPrejudice_partition_aj,PrideAndPrejudice,romance,12899,"duty to their aunt, and to a milliner’s shop just over the way. The two youngest of the family, Catherine and Lydia, were particularly frequent in these attentions: their minds were more vacant than their sisters’, and when nothing better offered, a walk to Meryton was necessary to amuse their morning hours and furnish conversation for the evening; and, however bare of news the country in general might be, they always contrived to learn some from their aunt. At present, indeed, they were well supplied both with news and happiness by the recent arrival of a militia regiment in the",100
PrideAndPrejudice_partition_ak,PrideAndPrejudice,romance,7944,"to the event of an evening which had raised such splendid expectations. He had rather hoped that all his wife’s views on the stranger would be disappointed; but he soon found that he had a very different story to hear. “Oh, my dear Mr. Bennet,” as she entered the room, “we have had a most delightful evening, a most excellent ball. I wish you had been there. Jane was so admired, nothing could be like it. Everybody said how well she looked; and Mr. Bingley thought her quite beautiful, and danced with her twice. Only think of _that_, my dear:",100
PrideAndPrejudice_partition_al,PrideAndPrejudice,romance,52772,"complimented her on bearing it so well. “But, my dear Elizabeth,” she added, “what sort of girl is Miss King? I should be sorry to think our friend mercenary.” “Pray, my dear aunt, what is the difference in matrimonial affairs, between the mercenary and the prudent motive? Where does discretion end, and avarice begin? Last Christmas you were afraid of his marrying me, because it would be imprudent; and now, because he is trying to get a girl with only ten thousand pounds, you want to find out that he is mercenary.” “If you will only tell me what sort",100
PrideAndPrejudice_partition_am,PrideAndPrejudice,romance,95448,"Lydia’s last letter she had prepared her for such a step. She had known, it seems, of their being in love with each other many weeks.” “But not before they went to Brighton?” “No, I believe not.” “And did Colonel Forster appear to think ill of Wickham himself? Does he know his real character?” “I must confess that he did not speak so well of Wickham as he formerly did. He believed him to be imprudent and extravagant; and since this sad affair has taken place, it is said that he left Meryton greatly in debt: but I hope this",100
PrideAndPrejudice_partition_an,PrideAndPrejudice,romance,44473,"as most people can boast on entering the marriage state.” Elizabeth quietly answered “undoubtedly;” and, after an awkward pause, they returned to the rest of the family. Charlotte did not stay much longer; and Elizabeth was then left to reflect on what she had heard. It was a long time before she became at all reconciled to the idea of so unsuitable a match. The strangeness of Mr. Collins’s making two offers of marriage within three days was nothing in comparison of his being now accepted. She had always felt that Charlotte’s opinion of matrimony was not exactly like her",100
PrideAndPrejudice_partition_ao,PrideAndPrejudice,romance,104935,"said Lydia; “for if you did, I should certainly tell you all, and then Wickham would be so angry.” On such encouragement to ask, Elizabeth was forced to put it out of her power, by running away. But to live in ignorance on such a point was impossible; or at least it was impossible not to try for information. Mr. Darcy had been at her sister’s wedding. It was exactly a scene, and exactly among people, where he had apparently least to do, and least temptation to go. Conjectures as to the meaning of it, rapid and wild, hurried into",100
PrideAndPrejudice_partition_ap,PrideAndPrejudice,romance,112941,"etc., etc.; and if she would give him leave, would take an early opportunity of waiting on them. “Can you come to-morrow?” Yes, he had no engagement at all for to-morrow; and her invitation was accepted with alacrity. He came, and in such very good time, that the ladies were none of them dressed. In ran Mrs. Bennet to her daughters’ room, in her dressing-gown, and with her hair half finished, crying out,-- “My dear Jane, make haste and hurry down. He is come--Mr. Bingley is come. He is, indeed. Make haste, make haste. Here, Sarah, come to Miss Bennet",100
PrideAndPrejudice_partition_aq,PrideAndPrejudice,romance,14322,"was shown into the breakfast parlour, where all but Jane were assembled, and where her appearance created a great deal of surprise. That she should have walked three miles so early in the day in such dirty weather, and by herself, was almost incredible to Mrs. Hurst and Miss Bingley; and Elizabeth was convinced that they held her in contempt for it. She was received, however, very politely by them; and in their brother’s manners there was something better than politeness--there was good-humour and kindness. Mr. Darcy said very little, and Mr. Hurst nothing at all. The former was divided",100
PrideAndPrejudice_partition_ar,PrideAndPrejudice,romance,32591,"were over, she returned to Charlotte Lucas, and was in conversation with her, when she found herself suddenly addressed by Mr. Darcy, who took her so much by surprise in his application for her hand, that, without knowing what she did, she accepted him. He walked away again immediately, and she was left to fret over her own want of presence of mind: Charlotte tried to console her. “I dare say you will find him very agreeable.” “Heaven forbid! _That_ would be the greatest misfortune of all! To find a man agreeable whom one is determined to hate! Do not",100
PrideAndPrejudice_partition_as,PrideAndPrejudice,romance,25112,"that progress in many accomplishments which she could not otherwise have failed of, as I am informed by the lady who superintended her education, and who still resides with them. But she is perfectly amiable, and often condescends to drive by my humble abode in her little phaeton and ponies.” “Has she been presented? I do not remember her name among the ladies at court.” “Her indifferent state of health unhappily prevents her being in town; and by that means, as I told Lady Catherine myself one day, has deprived the British Court of its brightest ornament. Her Ladyship seemed",100
PrideAndPrejudice_partition_at,PrideAndPrejudice,romance,24931,"suggest some herself,--some shelves in the closets upstairs. “That is all very proper and civil, I am sure,” said Mrs. Bennet, “and I dare say she is a very agreeable woman. It is a pity that great ladies in general are not more like her. Does she live near you, sir?” “The garden in which stands my humble abode is separated only by a lane from Rosings Park, her Ladyship’s residence.” “I think you said she was a widow, sir? has she any family?” “She has one only daughter, the heiress of Rosings, and of very extensive property.” “Ah,” cried",100
PrideAndPrejudice_partition_au,PrideAndPrejudice,romance,70292,"and as she considered that Jane’s disappointment had, in fact, been the work of her nearest relations, and reflected how materially the credit of both must be hurt by such impropriety of conduct, she felt depressed beyond anything she had ever known before. After wandering along the lane for two hours, giving way to every variety of thought, reconsidering events, determining probabilities, and reconciling herself, as well as she could, to a change so sudden and so important, fatigue, and a recollection of her long absence, made her at length return home; and she entered the house with the wish",100
PrideAndPrejudice_partition_av,PrideAndPrejudice,romance,58800,"What are you telling Miss Bennet? Let me hear what it is.” “We were talking of music, madam,” said he, when no longer able to avoid a reply. “Of music! Then pray speak aloud. It is of all subjects my delight. I must have my share in the conversation, if you are speaking of music. There are few people in England, I suppose, who have more true enjoyment of music than myself, or a better natural taste. If I had ever learnt, I should have been a great proficient. And so would Anne, if her health had allowed her to",100
PrideAndPrejudice_partition_aw,PrideAndPrejudice,romance,18373,"Colonel Forster it will be quite a shame if he does not.” Mrs. Bennet and her daughters then departed, and Elizabeth returned instantly to Jane, leaving her own and her relations’ behaviour to the remarks of the two ladies and Mr. Darcy; the latter of whom, however, could not be prevailed on to join in their censure of _her_, in spite of all Miss Bingley’s witticisms on _fine eyes_. [Illustration] CHAPTER X. [Illustration] The day passed much as the day before had done. Mrs. Hurst and Miss Bingley had spent some hours of the morning with the invalid, who continued,",100
PrideAndPrejudice_partition_ax,PrideAndPrejudice,romance,55296,"what the glazing altogether had originally cost Sir Lewis de Bourgh. When they ascended the steps to the hall, Maria’s alarm was every moment increasing, and even Sir William did not look perfectly calm. Elizabeth’s courage did not fail her. She had heard nothing of Lady Catherine that spoke her awful from any extraordinary talents or miraculous virtue, and the mere stateliness of money and rank she thought she could witness without trepidation. From the entrance hall, of which Mr. Collins pointed out, with a rapturous air, the fine proportion and finished ornaments, they followed the servants through an antechamber",100
PrideAndPrejudice_partition_ay,PrideAndPrejudice,romance,24050,"hopes of finding him quite the reverse. There is a mixture of servility and self-importance in his letter which promises well. I am impatient to see him.” “In point of composition,” said Mary, “his letter does not seem defective. The idea of the olive branch perhaps is not wholly new, yet I think it is well expressed.” To Catherine and Lydia neither the letter nor its writer were in any degree interesting. It was next to impossible that their cousin should come in a scarlet coat, and it was now some weeks since they had received pleasure from the society",100
PrideAndPrejudice_partition_az,PrideAndPrejudice,romance,36509,"could I think well of the man who should omit an occasion of testifying his respect towards anybody connected with the family.” And with a bow to Mr. Darcy, he concluded his speech, which had been spoken so loud as to be heard by half the room. Many stared--many smiled; but no one looked more amused than Mr. Bennet himself, while his wife seriously commended Mr. Collins for having spoken so sensibly, and observed, in a half-whisper to Lady Lucas, that he was a remarkably clever, good kind of young man. To Elizabeth it appeared, that had her family made",100
PrideAndPrejudice_partition_ba,PrideAndPrejudice,romance,60637,"I call it a very easy distance.” “I should never have considered the distance as one of the _advantages_ of the match,” cried Elizabeth. “I should never have said Mrs. Collins was settled _near_ her family.” “It is a proof of your own attachment to Hertfordshire. Anything beyond the very neighbourhood of Longbourn, I suppose, would appear far.” As he spoke there was a sort of smile, which Elizabeth fancied she understood; he must be supposing her to be thinking of Jane and Netherfield, and she blushed as she answered,-- “I do not mean to say that a woman may",100
PrideAndPrejudice_partition_bb,PrideAndPrejudice,romance,32742,"consequence. Elizabeth made no answer, and took her place in the set, amazed at the dignity to which she was arrived in being allowed to stand opposite to Mr. Darcy, and reading in her neighbours’ looks their equal amazement in beholding it. They stood for some time without speaking a word; and she began to imagine that their silence was to last through the two dances, and, at first, was resolved not to break it; till suddenly fancying that it would be the greater punishment to her partner to oblige him to talk, she made some slight observation on the",100
PrideAndPrejudice_partition_bc,PrideAndPrejudice,romance,114620,"there every winter. Bingley, from this time, was of course a daily visitor at Longbourn; coming frequently before breakfast, and always remaining till after supper; unless when some barbarous neighbour, who could not be enough detested, had given him an invitation to dinner, which he thought himself obliged to accept. Elizabeth had now but little time for conversation with her sister; for while he was present Jane had no attention to bestow on anyone else: but she found herself considerably useful to both of them, in those hours of separation that must sometimes occur. In the absence of Jane, he",100
PrideAndPrejudice_partition_bd,PrideAndPrejudice,romance,121014,"contentment arising from them is not of philosophy, but, what is much better, of ignorance. But with _me_, it is not so. Painful recollections will intrude, which cannot, which ought not to be repelled. I have been a selfish being all my life, in practice, though not in principle. As a child I was taught what was _right_, but I was not taught to correct my temper. I was given good principles, but left to follow them in pride and conceit. Unfortunately an only son (for many years an only _child_), I was spoiled by my parents, who, though good",100
PrideAndPrejudice_partition_be,PrideAndPrejudice,romance,9880,"his ill-treatment, for he is such a disagreeable man that it would be quite a misfortune to be liked by him. Mrs. Long told me last night that he sat close to her for half an hour without once opening his lips.” [Illustration: “Without once opening his lips” [_Copyright 1894 by George Allen._]] “Are you quite sure, ma’am? Is not there a little mistake?” said Jane. “I certainly saw Mr. Darcy speaking to her.” “Ay, because she asked him at last how he liked Netherfield, and he could not help answering her; but she said he seemed very angry at",100
PrideAndPrejudice_partition_bf,PrideAndPrejudice,romance,58082,"the carriage turned into the park, hurried home with the great intelligence. On the following morning he hastened to Rosings to pay his respects. There were two nephews of Lady Catherine to require them, for Mr. Darcy had brought with him a Colonel Fitzwilliam, the younger son of his uncle, Lord ----; and, to the great surprise of all the party, when Mr. Collins returned, the gentlemen accompanied him. Charlotte had seen them from her husband’s room, crossing the road, and immediately running into the other, told the girls what an honour they might expect, adding,-- “I may thank you,",100
PrideAndPrejudice_partition_bg,PrideAndPrejudice,romance,105909,"to quit her present disgraceful situation, and return to her friends as soon as they could be prevailed on to receive her, offering his assistance as far as it would go. But he found Lydia absolutely resolved on remaining where she was. She cared for none of her friends; she wanted no help of his; she would not hear of leaving Wickham. She was sure they should be married some time or other, and it did not much signify when. Since such were her feelings, it only remained, he thought, to secure and expedite a marriage, which, in his very",100
PrideAndPrejudice_partition_bh,PrideAndPrejudice,romance,112898,"remarkably good spirits. Mrs. Bennet invited him to dine with them; but, with many expressions of concern, he confessed himself engaged elsewhere. “Next time you call,” said she, “I hope we shall be more lucky.” He should be particularly happy at any time, etc., etc.; and if she would give him leave, would take an early opportunity of waiting on them. “Can you come to-morrow?” Yes, he had no engagement at all for to-morrow; and her invitation was accepted with alacrity. He came, and in such very good time, that the ladies were none of them dressed. In ran Mrs.",100
PrideAndPrejudice_partition_bi,PrideAndPrejudice,romance,112193,"quite alone? Have all her friends left her?” “Mrs. Annesley is with her. The others have been gone on to Scarborough these three weeks.” She could think of nothing more to say; but if he wished to converse with her, he might have better success. He stood by her, however, for some minutes, in silence; and, at last, on the young lady’s whispering to Elizabeth again, he walked away. When the tea things were removed, and the card tables placed, the ladies all rose; and Elizabeth was then hoping to be soon joined by him, when all her views were",100
PrideAndPrejudice_partition_bj,PrideAndPrejudice,romance,72132,"the frequent means of varying the humble home scene, I think we may flatter ourselves that your Hunsford visit cannot have been entirely irksome. Our situation with regard to Lady Catherine’s family is, indeed, the sort of extraordinary advantage and blessing which few can boast. You see on what a footing we are. You see how continually we are engaged there. In truth, I must acknowledge, that, with all the disadvantages of this humble parsonage, I should not think anyone abiding in it an object of compassion, while they are sharers of our intimacy at Rosings.” Words were insufficient for",100
PrideAndPrejudice_partition_bk,PrideAndPrejudice,romance,12833,"had a sister married to a Mr. Philips, who had been a clerk to their father and succeeded him in the business, and a brother settled in London in a respectable line of trade. The village of Longbourn was only one mile from Meryton; a most convenient distance for the young ladies, who were usually tempted thither three or four times a week, to pay their duty to their aunt, and to a milliner’s shop just over the way. The two youngest of the family, Catherine and Lydia, were particularly frequent in these attentions: their minds were more vacant than",100
PrideAndPrejudice_partition_bl,PrideAndPrejudice,romance,6630,"him to dinner. [Illustration: “I’m the tallest”] [Illustration: “He rode a black horse” ] CHAPTER III. [Illustration] Not all that Mrs. Bennet, however, with the assistance of her five daughters, could ask on the subject, was sufficient to draw from her husband any satisfactory description of Mr. Bingley. They attacked him in various ways, with barefaced questions, ingenious suppositions, and distant surmises; but he eluded the skill of them all; and they were at last obliged to accept the second-hand intelligence of their neighbour, Lady Lucas. Her report was highly favourable. Sir William had been delighted with him. He was",100
PrideAndPrejudice_partition_bm,PrideAndPrejudice,romance,85477,"discomposure; but, amongst other causes of disquiet, she dreaded lest the partiality of the brother should have said too much in her favour; and, more than commonly anxious to please, she naturally suspected that every power of pleasing would fail her. She retreated from the window, fearful of being seen; and as she walked up and down the room, endeavouring to compose herself, saw such looks of inquiring surprise in her uncle and aunt as made everything worse. Miss Darcy and her brother appeared, and this formidable introduction took place. With astonishment did Elizabeth see that her new acquaintance was",100
PrideAndPrejudice_partition_bn,PrideAndPrejudice,romance,70855,"for your kind invitation,” replied Elizabeth; “but it is not in my power to accept it. I must be in town next Saturday.” “Why, at that rate, you will have been here only six weeks. I expected you to stay two months. I told Mrs. Collins so before you came. There can be no occasion for your going so soon. Mrs. Bennet could certainly spare you for another fortnight.” “But my father cannot. He wrote last week to hurry my return.” [Illustration: “Dawson” [_Copyright 1894 by George Allen._]] “Oh, your father, of course, may spare you, if your mother can.",100
PrideAndPrejudice_partition_bo,PrideAndPrejudice,romance,109579,"the paddock, and ride towards the house. Her daughters were eagerly called to partake of her joy. Jane resolutely kept her place at the table; but Elizabeth, to satisfy her mother, went to the window--she looked--she saw Mr. Darcy with him, and sat down again by her sister. “There is a gentleman with him, mamma,” said Kitty; “who can it be?” “Some acquaintance or other, my dear, I suppose; I am sure I do not know.” “La!” replied Kitty, “it looks just like that man that used to be with him before. Mr. what’s his name--that tall, proud man.” “Good",100
PrideAndPrejudice_partition_bp,PrideAndPrejudice,romance,1934,"Miss Austen was an English girl, brought up in a country retirement, at the time when ladies went back into the house if there was a white frost which might pierce their kid shoes, when a sudden cold was the subject of the gravest fears, when their studies, their ways, their conduct were subject to all those fantastic limits and restrictions against which Mary Wollstonecraft protested with better general sense than particular taste or judgment. Miss Austen, too, drew back when the white frost touched her shoes; but I think she would have made a pretty good journey even in",100
PrideAndPrejudice_partition_bq,PrideAndPrejudice,romance,127008,"of Georgiana, almost as attentive to Darcy as heretofore, and paid off every arrear of civility to Elizabeth. Pemberley was now Georgiana’s home; and the attachment of the sisters was exactly what Darcy had hoped to see. They were able to love each other, even as well as they intended. Georgiana had the highest opinion in the world of Elizabeth; though at first she often listened with an astonishment bordering on alarm at her lively, sportive manner of talking to her brother. He, who had always inspired in herself a respect which almost overcame her affection, she now saw the",100
PrideAndPrejudice_partition_br,PrideAndPrejudice,romance,12224,"was struck with the notion of doing a very gallant thing, and called out to her,-- “My dear Miss Eliza, why are not you dancing? Mr. Darcy, you must allow me to present this young lady to you as a very desirable partner. You cannot refuse to dance, I am sure, when so much beauty is before you.” And, taking her hand, he would have given it to Mr. Darcy, who, though extremely surprised, was not unwilling to receive it, when she instantly drew back, and said with some discomposure to Sir William,-- “Indeed, sir, I have not the least",100
PrideAndPrejudice_partition_bs,PrideAndPrejudice,romance,121420,"lessen your ill opinion, by letting you see that your reproofs had been attended to. How soon any other wishes introduced themselves, I can hardly tell, but I believe in about half an hour after I had seen you.” He then told her of Georgiana’s delight in her acquaintance, and of her disappointment at its sudden interruption; which naturally leading to the cause of that interruption, she soon learnt that his resolution of following her from Derbyshire in quest of her sister had been formed before he quitted the inn, and that his gravity and thoughtfulness there had arisen from",100
PrideAndPrejudice_partition_bt,PrideAndPrejudice,romance,98771,"interrupting you, but I was in hopes you might have got some good news from town, so I took the liberty of coming to ask.” “What do you mean, Hill? We have heard nothing from town.” “Dear madam,” cried Mrs. Hill, in great astonishment, “don’t you know there is an express come for master from Mr. Gardiner? He has been here this half hour, and master has had a letter.” Away ran the girls, too eager to get in to have time for speech. They ran through the vestibule into the breakfast-room; from thence to the library;--their father was in",100
PrideAndPrejudice_partition_bu,PrideAndPrejudice,romance,111240,"round” ] CHAPTER LIV. [Illustration] As soon as they were gone, Elizabeth walked out to recover her spirits; or, in other words, to dwell without interruption on those subjects which must deaden them more. Mr. Darcy’s behaviour astonished and vexed her. “Why, if he came only to be silent, grave, and indifferent,” said she, “did he come at all?” She could settle it in no way that gave her pleasure. “He could be still amiable, still pleasing to my uncle and aunt, when he was in town; and why not to me? If he fears me, why come hither? If",100
PrideAndPrejudice_partition_bv,PrideAndPrejudice,romance,30982,"can form no idea. Interested people have perhaps misrepresented each to the other. It is, in short, impossible for us to conjecture the causes or circumstances which may have alienated them, without actual blame on either side.” “Very true, indeed; and now, my dear Jane, what have you got to say in behalf of the interested people who have probably been concerned in the business? Do clear _them_, too, or we shall be obliged to think ill of somebody.” “Laugh as much as you choose, but you will not laugh me out of my opinion. My dearest Lizzy, do but",100
PrideAndPrejudice_partition_bw,PrideAndPrejudice,romance,21798,"a subject. Mr. Darcy may hug himself.” “Mr. Darcy is not to be laughed at!” cried Elizabeth. “That is an uncommon advantage, and uncommon I hope it will continue, for it would be a great loss to _me_ to have many such acquaintance. I dearly love a laugh.” “Miss Bingley,” said he, “has given me credit for more than can be. The wisest and best of men,--nay, the wisest and best of their actions,--may be rendered ridiculous by a person whose first object in life is a joke.” “Certainly,” replied Elizabeth, “there are such people, but I hope I am",100
PrideAndPrejudice_partition_bx,PrideAndPrejudice,romance,53269,"like other travellers, without being able to give one accurate idea of anything. We _will_ know where we have gone--we _will_ recollect what we have seen. Lakes, mountains, and rivers, shall not be jumbled together in our imaginations; nor, when we attempt to describe any particular scene, will we begin quarrelling about its relative situation. Let _our_ first effusions be less insupportable than those of the generality of travellers.” [Illustration: “At the door” ] CHAPTER XXVIII. [Illustration] Every object in the next day’s journey was new and interesting to Elizabeth; and her spirits were in a state of enjoyment; for",100
PrideAndPrejudice_partition_by,PrideAndPrejudice,romance,63653,"fluttered by the idea of its being Colonel Fitzwilliam himself, who had once before called late in the evening, and might now come to inquire particularly after her. But this idea was soon banished, and her spirits were very differently affected, when, to her utter amazement, she saw Mr. Darcy walk into the room. In a hurried manner he immediately began an inquiry after her health, imputing his visit to a wish of hearing that she were better. She answered him with cold civility. He sat down for a few moments, and then getting up walked about the room. Elizabeth",100
PrideAndPrejudice_partition_bz,PrideAndPrejudice,romance,63092,"most affectionate, generous heart in the world; and no one could say how lasting an evil he might have inflicted. “There were some very strong objections against the lady,” were Colonel Fitzwilliam’s words; and these strong objections probably were, her having one uncle who was a country attorney, and another who was in business in London. “To Jane herself,” she exclaimed, “there could be no possibility of objection,--all loveliness and goodness as she is! Her understanding excellent, her mind improved, and her manners captivating. Neither could anything be urged against my father, who, though with some peculiarities, has abilities which",100
PrideAndPrejudice_partition_ca,PrideAndPrejudice,romance,28016,"coffee and muffin. When the card tables were placed, he had an opportunity of obliging her, in return, by sitting down to whist. “I know little of the game at present,” said he, “but I shall be glad to improve myself; for in my situation of life----” Mrs. Philips was very thankful for his compliance, but could not wait for his reason. Mr. Wickham did not play at whist, and with ready delight was he received at the other table between Elizabeth and Lydia. At first there seemed danger of Lydia’s engrossing him entirely, for she was a most determined",100
PrideAndPrejudice_partition_cb,PrideAndPrejudice,romance,113331,"her mother as soon as she was in the hall. “Kitty and I are going upstairs to sit in my dressing-room.” Elizabeth made no attempt to reason with her mother, but remained quietly in the hall till she and Kitty were out of sight, then returned into the drawing-room. Mrs. Bennet’s schemes for this day were ineffectual. Bingley was everything that was charming, except the professed lover of her daughter. His ease and cheerfulness rendered him a most agreeable addition to their evening party; and he bore with the ill-judged officiousness of the mother, and heard all her silly remarks",100
PrideAndPrejudice_partition_cc,PrideAndPrejudice,romance,52565,"Jane was at a drawing-room window watching their arrival: when they entered the passage, she was there to welcome them, and Elizabeth, looking earnestly in her face, was pleased to see it healthful and lovely as ever. On the stairs were a troop of little boys and girls, whose eagerness for their cousin’s appearance would not allow them to wait in the drawing-room, and whose shyness, as they had not seen her for a twelvemonth, prevented their coming lower. All was joy and kindness. The day passed most pleasantly away; the morning in bustle and shopping, and the evening at",100
PrideAndPrejudice_partition_cd,PrideAndPrejudice,romance,118284,"what he should do, which had often seemed likely, the advice and entreaty of so near a relation might settle every doubt, and determine him at once to be as happy as dignity unblemished could make him. In that case he would return no more. Lady Catherine might see him in her way through town; and his engagement to Bingley of coming again to Netherfield must give way. “If, therefore, an excuse for not keeping his promise should come to his friend within a few days,” she added, “I shall know how to understand it. I shall then give over",100
PrideAndPrejudice_partition_ce,PrideAndPrejudice,romance,7685,"he looked for a moment at Elizabeth, till, catching her eye, he withdrew his own, and coldly said, “She is tolerable: but not handsome enough to tempt _me_; and I am in no humour at present to give consequence to young ladies who are slighted by other men. You had better return to your partner and enjoy her smiles, for you are wasting your time with me.” Mr. Bingley followed his advice. Mr. Darcy walked off; and Elizabeth remained with no very cordial feelings towards him. She told the story, however, with great spirit among her friends; for she had",100
PrideAndPrejudice_partition_cf,PrideAndPrejudice,romance,21579,"to ask nothing about it.” Miss Bingley, however, was incapable of disappointing Mr. Darcy in anything, and persevered, therefore, in requiring an explanation of his two motives. “I have not the smallest objection to explaining them,” said he, as soon as she allowed him to speak. “You either choose this method of passing the evening because you are in each other’s confidence, and have secret affairs to discuss, or because you are conscious that your figures appear to the greatest advantage in walking: if the first, I should be completely in your way; and if the second, I can admire",100
PrideAndPrejudice_partition_cg,PrideAndPrejudice,romance,49672,"character of its late possessor, she was delighting both him and herself. On being made acquainted with the present Mr. Darcy’s treatment of him, she tried to remember something of that gentleman’s reputed disposition, when quite a lad, which might agree with it; and was confident, at last, that she recollected having heard Mr. Fitzwilliam Darcy formerly spoken of as a very proud, ill-natured boy. [Illustration: “Will you come and see me?” ] CHAPTER XXVI. [Illustration] Mrs. Gardiner’s caution to Elizabeth was punctually and kindly given on the first favourable opportunity of speaking to her alone: after honestly telling her",100
PrideAndPrejudice_partition_ch,PrideAndPrejudice,romance,282,"admittedly theatrical, the hero and heroine are insipid, and the author has almost wickedly destroyed all romantic interest by expressly admitting that Edmund only took Fanny because Mary shocked him, and that Fanny might very likely have taken Crawford if he had been a little more assiduous; yet the matchless rehearsal-scenes and the characters of Mrs. Norris and others have secured, I believe, a considerable party for it._ Sense and Sensibility _has perhaps the fewest out-and-out admirers; but it does not want them._ _I suppose, however, that the majority of at least competent votes would, all things considered, be divided",100
PrideAndPrejudice_partition_ci,PrideAndPrejudice,romance,51173,"behaviour was, my confidence was as natural as your suspicion. I do not at all comprehend her reason for wishing to be intimate with me; but, if the same circumstances were to happen again, I am sure I should be deceived again. Caroline did not return my visit till yesterday; and not a note, not a line, did I receive in the meantime. When she did come, it was very evident that she had no pleasure in it; she made a slight, formal apology for not calling before, said not a word of wishing to see me again, and was,",100
PrideAndPrejudice_partition_cj,PrideAndPrejudice,romance,34760,"that there is now in the room a near relation to my patroness. I happened to overhear the gentleman himself mentioning to the young lady who does the honours of this house the names of his cousin Miss De Bourgh, and of her mother, Lady Catherine. How wonderfully these sort of things occur! Who would have thought of my meeting with--perhaps--a nephew of Lady Catherine de Bourgh in this assembly! I am most thankful that the discovery is made in time for me to pay my respects to him, which I am now going to do, and trust he will",100
PrideAndPrejudice_partition_ck,PrideAndPrejudice,romance,121440,"introduced themselves, I can hardly tell, but I believe in about half an hour after I had seen you.” He then told her of Georgiana’s delight in her acquaintance, and of her disappointment at its sudden interruption; which naturally leading to the cause of that interruption, she soon learnt that his resolution of following her from Derbyshire in quest of her sister had been formed before he quitted the inn, and that his gravity and thoughtfulness there had arisen from no other struggles than what such a purpose must comprehend. She expressed her gratitude again, but it was too painful",100
PrideAndPrejudice_partition_cl,PrideAndPrejudice,romance,102769,"in all his debts; I hope at least he has not deceived us. Haggerston has our directions, and all will be completed in a week. They will then join his regiment, unless they are first invited to Longbourn; and I understand from Mrs. Gardiner that my niece is very desirous of seeing you all before she leaves the south. She is well, and begs to be dutifully remembered to you and her mother.--Yours, etc. “E. GARDINER.” Mr. Bennet and his daughters saw all the advantages of Wickham’s removal from the ----shire, as clearly as Mr. Gardiner could do. But Mrs.",100
PrideAndPrejudice_partition_cm,PrideAndPrejudice,romance,102908,"in Hertfordshire, was a severe disappointment; and, besides, it was such a pity that Lydia should be taken from a regiment where she was acquainted with everybody, and had so many favourites. “She is so fond of Mrs. Forster,” said she, “it will be quite shocking to send her away! And there are several of the young men, too, that she likes very much. The officers may not be so pleasant in General----’s regiment.” His daughter’s request, for such it might be considered, of being admitted into her family again, before she set off for the north, received at first",100
PrideAndPrejudice_partition_cn,PrideAndPrejudice,romance,59638,"is ill-qualified to recommend himself to strangers?” “I can answer your question,” said Fitzwilliam, “without applying to him. It is because he will not give himself the trouble.” “I certainly have not the talent which some people possess,” said Darcy, “of conversing easily with those I have never seen before. I cannot catch their tone of conversation, or appear interested in their concerns, as I often see done.” “My fingers,” said Elizabeth, “do not move over this instrument in the masterly manner which I see so many women’s do. They have not the same force or rapidity, and do not",100
PrideAndPrejudice_partition_co,PrideAndPrejudice,romance,37388,"observances which he supposed a regular part of the business. On finding Mrs. Bennet, Elizabeth, and one of the younger girls together, soon after breakfast, he addressed the mother in these words,-- “May I hope, madam, for your interest with your fair daughter Elizabeth, when I solicit for the honour of a private audience with her in the course of this morning?” Before Elizabeth had time for anything but a blush of surprise, Mrs. Bennet instantly answered,-- “Oh dear! Yes, certainly. I am sure Lizzy will be very happy--I am sure she can have no objection. Come, Kitty, I want",100
PrideAndPrejudice_partition_cp,PrideAndPrejudice,romance,55444,"any of those apologies and thanks which he would have thought necessary. In spite of having been at St. James’s, Sir William was so completely awed by the grandeur surrounding him, that he had but just courage enough to make a very low bow, and take his seat without saying a word; and his daughter, frightened almost out of her senses, sat on the edge of her chair, not knowing which way to look. Elizabeth found herself quite equal to the scene, and could observe the three ladies before her composedly. Lady Catherine was a tall, large woman, with strongly-marked",100
PrideAndPrejudice_partition_cq,PrideAndPrejudice,romance,91303,"of her situation by the voice of her companion, who, in a manner which, though it spoke compassion, spoke likewise restraint, said,-- “I am afraid you have been long desiring my absence, nor have I anything to plead in excuse of my stay, but real, though unavailing concern. Would to Heaven that anything could be either said or done on my part, that might offer consolation to such distress! But I will not torment you with vain wishes, which may seem purposely to ask for your thanks. This unfortunate affair will, I fear, prevent my sister’s having the pleasure of",100
PrideAndPrejudice_partition_cr,PrideAndPrejudice,romance,125477,"than you did in your last. I thank you again and again, for not going to the Lakes. How could I be so silly as to wish it! Your idea of the ponies is delightful. We will go round the park every day. I am the happiest creature in the world. Perhaps other people have said so before, but no one with such justice. I am happier even than Jane; she only smiles, I laugh. Mr. Darcy sends you all the love in the world that can be spared from me. You are all to come to Pemberley at Christmas.",100
PrideAndPrejudice_partition_cs,PrideAndPrejudice,romance,95748,"greater when I write to them, and sign my name Lydia Wickham. What a good joke it will be! I can hardly write for laughing. Pray make my excuses to Pratt for not keeping my engagement, and dancing with him to-night. Tell him I hope he will excuse me when he knows all, and tell him I will dance with him at the next ball we meet with great pleasure. I shall send for my clothes when I get to Longbourn; but I wish you would tell Sally to mend a great slit in my worked muslin gown before they",100
PrideAndPrejudice_partition_ct,PrideAndPrejudice,romance,102676,"fairly; and I hope among different people, where they may each have a character to preserve, they will both be more prudent. I have written to Colonel Forster, to inform him of our present arrangements, and to request that he will satisfy the various creditors of Mr. Wickham in and near Brighton with assurances of speedy payment, for which I have pledged myself. And will you give yourself the trouble of carrying similar assurances to his creditors in Meryton, of whom I shall subjoin a list, according to his information? He has given in all his debts; I hope at",100
PrideAndPrejudice_partition_cu,PrideAndPrejudice,romance,72845,"had the power of revealing what would so exceedingly astonish Jane, and must, at the same time, so highly gratify whatever of her own vanity she had not yet been able to reason away, was such a temptation to openness as nothing could have conquered, but the state of indecision in which she remained as to the extent of what she should communicate, and her fear, if she once entered on the subject, of being hurried into repeating something of Bingley, which might only grieve her sister further. [Illustration: “How nicely we are crammed in” ] CHAPTER XXXIX. [Illustration] It",100
PrideAndPrejudice_partition_cv,PrideAndPrejudice,romance,86752,"from her uncle and aunt, she stayed with them only long enough to hear their favourable opinion of Bingley, and then hurried away to dress. But she had no reason to fear Mr. and Mrs. Gardiner’s curiosity; it was not their wish to force her communication. It was evident that she was much better acquainted with Mr. Darcy than they had before any idea of; it was evident that he was very much in love with her. They saw much to interest, but nothing to justify inquiry. Of Mr. Darcy it was now a matter of anxiety to think well;",100
PrideAndPrejudice_partition_cw,PrideAndPrejudice,romance,94163,"together, received them exactly as might be expected; with tears and lamentations of regret, invectives against the villainous conduct of Wickham, and complaints of her own sufferings and ill-usage; blaming everybody but the person to whose ill-judging indulgence the errors of her daughter must be principally owing. “If I had been able,” said she, “to carry my point in going to Brighton with all my family, _this_ would not have happened: but poor dear Lydia had nobody to take care of her. Why did the Forsters ever let her go out of their sight? I am sure there was some",100
PrideAndPrejudice_partition_cx,PrideAndPrejudice,romance,63788,"will not be repressed. You must allow me to tell you how ardently I admire and love you.” Elizabeth’s astonishment was beyond expression. She stared, coloured, doubted, and was silent. This he considered sufficient encouragement, and the avowal of all that he felt and had long felt for her immediately followed. He spoke well; but there were feelings besides those of the heart to be detailed, and he was not more eloquent on the subject of tenderness than of pride. His sense of her inferiority, of its being a degradation, of the family obstacles which judgment had always opposed to",100
PrideAndPrejudice_partition_cy,PrideAndPrejudice,romance,20289,"of their supposed marriage, and planning his happiness in such an alliance. “I hope,” said she, as they were walking together in the shrubbery the next day, “you will give your mother-in-law a few hints, when this desirable event takes place, as to the advantage of holding her tongue; and if you can compass it, to cure the younger girls of running after the officers. And, if I may mention so delicate a subject, endeavour to check that little something, bordering on conceit and impertinence, which your lady possesses.” [Illustration: “No, no; stay where you are” [_Copyright 1894 by George",100
PrideAndPrejudice_partition_cz,PrideAndPrejudice,romance,24890,"him to marry as soon as he could, provided he chose with discretion; and had once paid him a visit in his humble parsonage, where she had perfectly approved all the alterations he had been making, and had even vouchsafed to suggest some herself,--some shelves in the closets upstairs. “That is all very proper and civil, I am sure,” said Mrs. Bennet, “and I dare say she is a very agreeable woman. It is a pity that great ladies in general are not more like her. Does she live near you, sir?” “The garden in which stands my humble abode",100
PrideAndPrejudice_partition_da,PrideAndPrejudice,romance,38890,"My reasons for believing it are briefly these:--It does not appear to me that my hand is unworthy of your acceptance, or that the establishment I can offer would be any other than highly desirable. My situation in life, my connections with the family of De Bourgh, and my relationship to your own, are circumstances highly in my favour; and you should take it into further consideration that, in spite of your manifold attractions, it is by no means certain that another offer of marriage may ever be made you. Your portion is unhappily so small, that it will in",100
PrideAndPrejudice_partition_db,PrideAndPrejudice,romance,28534,"believe it does not often happen. The world is blinded by his fortune and consequence, or frightened by his high and imposing manners, and sees him only as he chooses to be seen.” “I should take him, even on _my_ slight acquaintance, to be an ill-tempered man.” Wickham only shook his head. “I wonder,” said he, at the next opportunity of speaking, “whether he is likely to be in this country much longer.” “I do not at all know; but I _heard_ nothing of his going away when I was at Netherfield. I hope your plans in favour of the",100
PrideAndPrejudice_partition_dc,PrideAndPrejudice,romance,126970,"them a hint to be gone. Miss Bingley was very deeply mortified by Darcy’s marriage; but as she thought it advisable to retain the right of visiting at Pemberley, she dropped all her resentment; was fonder than ever of Georgiana, almost as attentive to Darcy as heretofore, and paid off every arrear of civility to Elizabeth. Pemberley was now Georgiana’s home; and the attachment of the sisters was exactly what Darcy had hoped to see. They were able to love each other, even as well as they intended. Georgiana had the highest opinion in the world of Elizabeth; though at",100
PrideAndPrejudice_partition_dd,PrideAndPrejudice,romance,7665,"partner to introduce you.” [Illustration: “She is tolerable” [_Copyright 1894 by George Allen._]] “Which do you mean?” and turning round, he looked for a moment at Elizabeth, till, catching her eye, he withdrew his own, and coldly said, “She is tolerable: but not handsome enough to tempt _me_; and I am in no humour at present to give consequence to young ladies who are slighted by other men. You had better return to your partner and enjoy her smiles, for you are wasting your time with me.” Mr. Bingley followed his advice. Mr. Darcy walked off; and Elizabeth remained with",100
PrideAndPrejudice_partition_de,PrideAndPrejudice,romance,75914,"in London. Well, he is a very undeserving young man--and I do not suppose there is the least chance in the world of her ever getting him now. There is no talk of his coming to Netherfield again in the summer; and I have inquired of everybody, too, who is likely to know.” [Illustration: “I am determined never to speak of it again” ] “I do not believe that he will ever live at Netherfield any more.” “Oh, well! it is just as he chooses. Nobody wants him to come; though I shall always say that he used my daughter",100
PrideAndPrejudice_partition_df,PrideAndPrejudice,romance,96434,"Post ] CHAPTER XLVIII. [Illustration] The whole party were in hopes of a letter from Mr. Bennet the next morning, but the post came in without bringing a single line from him. His family knew him to be, on all common occasions, a most negligent and dilatory correspondent; but at such a time they had hoped for exertion. They were forced to conclude, that he had no pleasing intelligence to send; but even of _that_ they would have been glad to be certain. Mr. Gardiner had waited only for the letters before he set off. When he was gone, they",100
PrideAndPrejudice_partition_dg,PrideAndPrejudice,romance,71066,"a servant with them. You know I always speak my mind, and I cannot bear the idea of two young women travelling post by themselves. It is highly improper. You must contrive to send somebody. I have the greatest dislike in the world to that sort of thing. Young women should always be properly guarded and attended, according to their situation in life. When my niece Georgiana went to Ramsgate last summer, I made a point of her having two men-servants go with her. Miss Darcy, the daughter of Mr. Darcy of Pemberley, and Lady Anne, could not have appeared",100
PrideAndPrejudice_partition_dh,PrideAndPrejudice,romance,7989,"as she entered the room, “we have had a most delightful evening, a most excellent ball. I wish you had been there. Jane was so admired, nothing could be like it. Everybody said how well she looked; and Mr. Bingley thought her quite beautiful, and danced with her twice. Only think of _that_, my dear: he actually danced with her twice; and she was the only creature in the room that he asked a second time. First of all, he asked Miss Lucas. I was so vexed to see him stand up with her; but, however, he did not admire",100
PrideAndPrejudice_partition_di,PrideAndPrejudice,romance,98038,"Mrs. Gardiner began to wish to be at home, it was settled that she and her children should go to London at the same time that Mr. Bennet came from it. The coach, therefore, took them the first stage of their journey, and brought its master back to Longbourn. Mrs. Gardiner went away in all the perplexity about Elizabeth and her Derbyshire friend, that had attended her from that part of the world. His name had never been voluntarily mentioned before them by her niece; and the kind of half-expectation which Mrs. Gardiner had formed, of their being followed by",100
PrideAndPrejudice_partition_dj,PrideAndPrejudice,romance,41104,"and vexation and the concern of everybody were well talked over. To Elizabeth, however, he voluntarily acknowledged that the necessity of his absence _had_ been self-imposed. “I found,” said he, “as the time drew near, that I had better not meet Mr. Darcy;--that to be in the same room, the same party with him for so many hours together, might be more than I could bear, and that scenes might arise unpleasant to more than myself.” She highly approved his forbearance; and they had leisure for a full discussion of it, and for all the commendations which they civilly bestowed",100
PrideAndPrejudice_partition_dk,PrideAndPrejudice,romance,7492,"dance. I hate to see you standing about by yourself in this stupid manner. You had much better dance.” “I certainly shall not. You know how I detest it, unless I am particularly acquainted with my partner. At such an assembly as this, it would be insupportable. Your sisters are engaged, and there is not another woman in the room whom it would not be a punishment to me to stand up with.” “I would not be so fastidious as you are,” cried Bingley, “for a kingdom! Upon my honour, I never met with so many pleasant girls in my",100
PrideAndPrejudice_partition_dl,PrideAndPrejudice,romance,6572,"though you _are_ the youngest, I dare say Mr. Bingley will dance with you at the next ball.” “Oh,” said Lydia, stoutly, “I am not afraid; for though I _am_ the youngest, I’m the tallest.” The rest of the evening was spent in conjecturing how soon he would return Mr. Bennet’s visit, and determining when they should ask him to dinner. [Illustration: “I’m the tallest”] [Illustration: “He rode a black horse” ] CHAPTER III. [Illustration] Not all that Mrs. Bennet, however, with the assistance of her five daughters, could ask on the subject, was sufficient to draw from her husband",100
PrideAndPrejudice_partition_dm,PrideAndPrejudice,romance,76569,"from Mrs. Forster, the wife of the colonel of the regiment, to accompany her to Brighton. This invaluable friend was a very young woman, and very lately married. A resemblance in good-humour and good spirits had recommended her and Lydia to each other, and out of their _three_ months’ acquaintance they had been intimate _two_. The rapture of Lydia on this occasion, her adoration of Mrs. Forster, the delight of Mrs. Bennet, and the mortification of Kitty, are scarcely to be described. Wholly inattentive to her sister’s feelings, Lydia flew about the house in restless ecstasy, calling for everyone’s congratulations,",100
PrideAndPrejudice_partition_dn,PrideAndPrejudice,romance,62493,"said Elizabeth drily--“Mr. Darcy is uncommonly kind to Mr. Bingley, and takes a prodigious deal of care of him.” “Care of him! Yes, I really believe Darcy _does_ take care of him in those points where he most wants care. From something that he told me in our journey hither, I have reason to think Bingley very much indebted to him. But I ought to beg his pardon, for I have no right to suppose that Bingley was the person meant. It was all conjecture.” “What is it you mean?” “It is a circumstance which Darcy of course could not",100
PrideAndPrejudice_partition_do,PrideAndPrejudice,romance,65909,"those offers, which were last night so disgusting to you. I write without any intention of paining you, or humbling myself, by dwelling on wishes, which, for the happiness of both, cannot be too soon forgotten; and the effort which the formation and the perusal of this letter must occasion, should have been spared, had not my character required it to be written and read. You must, therefore, pardon the freedom with which I demand your attention; your feelings, I know, will bestow it unwillingly, but I demand it of your justice. “Two offences of a very different nature, and",100
PrideAndPrejudice_partition_dp,PrideAndPrejudice,romance,120505,"It was unpardonable. I cannot think of it without abhorrence.” “We will not quarrel for the greater share of blame annexed to that evening,” said Elizabeth. “The conduct of neither, if strictly examined, will be irreproachable; but since then we have both, I hope, improved in civility.” “I cannot be so easily reconciled to myself. The recollection of what I then said, of my conduct, my manners, my expressions during the whole of it, is now, and has been many months, inexpressibly painful to me. Your reproof, so well applied, I shall never forget: ‘Had you behaved in a more",100
PrideAndPrejudice_partition_dq,PrideAndPrejudice,romance,111767,"of her mother. She knew how little such a situation would give pleasure to either, or make either appear to advantage. She was not near enough to hear any of their discourse; but she could see how seldom they spoke to each other, and how formal and cold was their manner whenever they did. Her mother’s ungraciousness made the sense of what they owed him more painful to Elizabeth’s mind; and she would, at times, have given anything to be privileged to tell him, that his kindness was neither unknown nor unfelt by the whole of the family. She was",100
PrideAndPrejudice_partition_dr,PrideAndPrejudice,romance,69615,"to no one but herself; but that after their removal, it had been everywhere discussed; that he had then no reserves, no scruples in sinking Mr. Darcy’s character, though he had assured her that respect for the father would always prevent his exposing the son. How differently did everything now appear in which he was concerned! His attentions to Miss King were now the consequence of views solely and hatefully mercenary; and the mediocrity of her fortune proved no longer the moderation of his wishes, but his eagerness to grasp at anything. His behaviour to herself could now have had",100
PrideAndPrejudice_partition_ds,PrideAndPrejudice,romance,20635,"of being at home again in a day or two. Jane was already so much recovered as to intend leaving her room for a couple of hours that evening. [Illustration: “Piling up the fire” [_Copyright 1894 by George Allen._]] CHAPTER XI. [Illustration] When the ladies removed after dinner Elizabeth ran up to her sister, and seeing her well guarded from cold, attended her into the drawing-room, where she was welcomed by her two friends with many professions of pleasure; and Elizabeth had never seen them so agreeable as they were during the hour which passed before the gentlemen appeared. Their",100
PrideAndPrejudice_partition_dt,PrideAndPrejudice,romance,7455,"near enough for her to overhear a conversation between him and Mr. Bingley, who came from the dance for a few minutes to press his friend to join it. “Come, Darcy,” said he, “I must have you dance. I hate to see you standing about by yourself in this stupid manner. You had much better dance.” “I certainly shall not. You know how I detest it, unless I am particularly acquainted with my partner. At such an assembly as this, it would be insupportable. Your sisters are engaged, and there is not another woman in the room whom it would",100
PrideAndPrejudice_partition_du,PrideAndPrejudice,romance,125931,"was not till Sir William was out of sight. Mrs. Philips’s vulgarity was another, and, perhaps, a greater tax on his forbearance; and though Mrs. Philips, as well as her sister, stood in too much awe of him to speak with the familiarity which Bingley’s good-humour encouraged; yet, whenever she _did_ speak, she must be vulgar. Nor was her respect for him, though it made her more quiet, at all likely to make her more elegant. Elizabeth did all she could to shield him from the frequent notice of either, and was ever anxious to keep him to herself, and",100
PrideAndPrejudice_partition_dv,PrideAndPrejudice,romance,66562,"not merely those which I last night acknowledged to have required the utmost force of passion to put aside in my own case; the want of connection could not be so great an evil to my friend as to me. But there were other causes of repugnance; causes which, though still existing, and existing to an equal degree in both instances, I had myself endeavoured to forget, because they were not immediately before me. These causes must be stated, though briefly. The situation of your mother’s family, though objectionable, was nothing in comparison of that total want of propriety so",100
PrideAndPrejudice_partition_dw,PrideAndPrejudice,romance,10500,"Jane, such as it was, had a value, as arising, in all probability, from the influence of their brother’s admiration. It was generally evident, whenever they met, that he _did_ admire her; and to _her_ it was equally evident that Jane was yielding to the preference which she had begun to entertain for him from the first, and was in a way to be very much in love; but she considered with pleasure that it was not likely to be discovered by the world in general, since Jane united with great strength of feeling, a composure of temper and an",100
PrideAndPrejudice_partition_dx,PrideAndPrejudice,romance,111587,"sister. Her prudent mother, occupied by the same ideas, forbore to invite him to sit by herself. On entering the room, he seemed to hesitate; but Jane happened to look round, and happened to smile: it was decided. He placed himself by her. Elizabeth, with a triumphant sensation, looked towards his friend. He bore it with noble indifference; and she would have imagined that Bingley had received his sanction to be happy, had she not seen his eyes likewise turned towards Mr. Darcy, with an expression of half-laughing alarm. His behaviour to her sister was such during dinnertime as showed",100
PrideAndPrejudice_partition_dy,PrideAndPrejudice,romance,24356,"for else they will be destitute enough. Things are settled so oddly.” “You allude, perhaps, to the entail of this estate.” “Ah, sir, I do indeed. It is a grievous affair to my poor girls, you must confess. Not that I mean to find fault with _you_, for such things, I know, are all chance in this world. There is no knowing how estates will go when once they come to be entailed.” “I am very sensible, madam, of the hardship to my fair cousins, and could say much on the subject, but that I am cautious of appearing forward",100
PrideAndPrejudice_partition_dz,PrideAndPrejudice,romance,8981,"best knew the easiness of his temper, whether he might not spend the remainder of his days at Netherfield, and leave the next generation to purchase. His sisters were very anxious for his having an estate of his own; but though he was now established only as a tenant, Miss Bingley was by no means unwilling to preside at his table; nor was Mrs. Hurst, who had married a man of more fashion than fortune, less disposed to consider his house as her home when it suited her. Mr. Bingley had not been of age two years when he was",100
PrideAndPrejudice_partition_ea,PrideAndPrejudice,romance,77992,"saw him frequently?” “Yes, almost every day.” “His manners are very different from his cousin’s.” “Yes, very different; but I think Mr. Darcy improves on acquaintance.” “Indeed!” cried Wickham, with a look which did not escape her. “And pray may I ask--” but checking himself, he added, in a gayer tone, “Is it in address that he improves? Has he deigned to add aught of civility to his ordinary style? for I dare not hope,” he continued, in a lower and more serious tone, “that he is improved in essentials.” “Oh, no!” said Elizabeth. “In essentials, I believe, he is",100
PrideAndPrejudice_partition_eb,PrideAndPrejudice,romance,8907,"and their own had been acquired by trade. Mr. Bingley inherited property to the amount of nearly a hundred thousand pounds from his father, who had intended to purchase an estate, but did not live to do it. Mr. Bingley intended it likewise, and sometimes made choice of his county; but, as he was now provided with a good house and the liberty of a manor, it was doubtful to many of those who best knew the easiness of his temper, whether he might not spend the remainder of his days at Netherfield, and leave the next generation to purchase.",100
PrideAndPrejudice_partition_ec,PrideAndPrejudice,romance,88501,"eyes. Had Miss Bingley known what pain she was then giving her beloved friend, she undoubtedly would have refrained from the hint; but she had merely intended to discompose Elizabeth, by bringing forward the idea of a man to whom she believed her partial, to make her betray a sensibility which might injure her in Darcy’s opinion, and, perhaps, to remind the latter of all the follies and absurdities by which some part of her family were connected with that corps. Not a syllable had ever reached her of Miss Darcy’s meditated elopement. To no creature had it been revealed,",100
PrideAndPrejudice_partition_ed,PrideAndPrejudice,romance,112960,"you come to-morrow?” Yes, he had no engagement at all for to-morrow; and her invitation was accepted with alacrity. He came, and in such very good time, that the ladies were none of them dressed. In ran Mrs. Bennet to her daughters’ room, in her dressing-gown, and with her hair half finished, crying out,-- “My dear Jane, make haste and hurry down. He is come--Mr. Bingley is come. He is, indeed. Make haste, make haste. Here, Sarah, come to Miss Bennet this moment, and help her on with her gown. Never mind Miss Lizzy’s hair.” “We will be down as",100
PrideAndPrejudice_partition_ee,PrideAndPrejudice,romance,30828,"than he could well manage before the carriage stopped at Longbourn House. [Illustration: “delighted to see their dear friend again” ] CHAPTER XVII. [Illustration] Elizabeth related to Jane, the next day, what had passed between Mr. Wickham and herself. Jane listened with astonishment and concern: she knew not how to believe that Mr. Darcy could be so unworthy of Mr. Bingley’s regard; and yet it was not in her nature to question the veracity of a young man of such amiable appearance as Wickham. The possibility of his having really endured such unkindness was enough to interest all her tender",100
PrideAndPrejudice_partition_ef,PrideAndPrejudice,romance,52923,"not allowable for him to gain _my_ affections, because I had no money, what occasion could there be for making love to a girl whom he did not care about, and who was equally poor?” “But there seems indelicacy in directing his attentions towards her so soon after this event.” “A man in distressed circumstances has not time for all those elegant decorums which other people may observe. If _she_ does not object to it, why should _we_?” “_Her_ not objecting does not justify _him_. It only shows her being deficient in something herself--sense or feeling.” “Well,” cried Elizabeth, “have",100
PrideAndPrejudice_partition_eg,PrideAndPrejudice,romance,15713,"afforded. “And I wish my collection were larger for your benefit and my own credit; but I am an idle fellow; and though I have not many, I have more than I ever looked into.” Elizabeth assured him that she could suit herself perfectly with those in the room. “I am astonished,” said Miss Bingley, “that my father should have left so small a collection of books. What a delightful library you have at Pemberley, Mr. Darcy!” “It ought to be good,” he replied: “it has been the work of many generations.” “And then you have added so much to",100
PrideAndPrejudice_partition_eh,PrideAndPrejudice,romance,123416,"It would have spared her from explanations and professions which it was exceedingly awkward to give; but they were now necessary, and she assured him, with some confusion, of her attachment to Mr. Darcy. “Or, in other words, you are determined to have him. He is rich, to be sure, and you may have more fine clothes and fine carriages than Jane. But will they make you happy?” “Have you any other objection,” said Elizabeth, “than your belief of my indifference?” “None at all. We all know him to be a proud, unpleasant sort of man; but this would be",100
PrideAndPrejudice_partition_ei,PrideAndPrejudice,romance,116691,"Bennet, interest; for do not expect to be noticed by his family or friends, if you wilfully act against the inclinations of all. You will be censured, slighted, and despised, by everyone connected with him. Your alliance will be a disgrace; your name will never even be mentioned by any of us.” “These are heavy misfortunes,” replied Elizabeth. “But the wife of Mr. Darcy must have such extraordinary sources of happiness necessarily attached to her situation, that she could, upon the whole, have no cause to repine.” “Obstinate, headstrong girl! I am ashamed of you! Is this your gratitude for",100
PrideAndPrejudice_partition_ej,PrideAndPrejudice,romance,74668,"a manner so little suited to recommend them; but still more was she grieved for the unhappiness which her sister’s refusal must have given him. “His being so sure of succeeding was wrong,” said she, “and certainly ought not to have appeared; but consider how much it must increase his disappointment.” “Indeed,” replied Elizabeth, “I am heartily sorry for him; but he has other feelings which will probably soon drive away his regard for me. You do not blame me, however, for refusing him?” “Blame you! Oh, no.” “But you blame me for having spoken so warmly of Wickham?” “No--I",100
PrideAndPrejudice_partition_ek,PrideAndPrejudice,romance,32271,"whom Lydia eagerly applied, and who told them that Wickham had been obliged to go to town on business the day before, and was not yet returned; adding, with a significant smile,-- “I do not imagine his business would have called him away just now, if he had not wished to avoid a certain gentleman here.” This part of his intelligence, though unheard by Lydia, was caught by Elizabeth; and, as it assured her that Darcy was not less answerable for Wickham’s absence than if her first surmise had been just, every feeling of displeasure against the former was so",100
PrideAndPrejudice_partition_el,PrideAndPrejudice,romance,75880,"For my part, I am determined never to speak of it again to anybody. I told my sister Philips so the other day. But I cannot find out that Jane saw anything of him in London. Well, he is a very undeserving young man--and I do not suppose there is the least chance in the world of her ever getting him now. There is no talk of his coming to Netherfield again in the summer; and I have inquired of everybody, too, who is likely to know.” [Illustration: “I am determined never to speak of it again” ] “I do",100
PrideAndPrejudice_partition_em,PrideAndPrejudice,romance,77924,"surprised, displeased, alarmed; but, with a moment’s recollection, and a returning smile, replied, that he had formerly seen him often; and, after observing that he was a very gentlemanlike man, asked her how she had liked him. Her answer was warmly in his favour. With an air of indifference, he soon afterwards added, “How long did you say that he was at Rosings?” “Nearly three weeks.” “And you saw him frequently?” “Yes, almost every day.” “His manners are very different from his cousin’s.” “Yes, very different; but I think Mr. Darcy improves on acquaintance.” “Indeed!” cried Wickham, with a look",100
PrideAndPrejudice_partition_en,PrideAndPrejudice,romance,5209,"dear, to be sure! A single man of large fortune; four or five thousand a year. What a fine thing for our girls!” “How so? how can it affect them?” “My dear Mr. Bennet,” replied his wife, “how can you be so tiresome? You must know that I am thinking of his marrying one of them.” “Is that his design in settling here?” “Design? Nonsense, how can you talk so! But it is very likely that he _may_ fall in love with one of them, and therefore you must visit him as soon as he comes.” “I see no occasion",100
PrideAndPrejudice_partition_eo,PrideAndPrejudice,romance,81183,"like or not.” Mrs. Reynolds’ respect for Elizabeth seemed to increase on this intimation of her knowing her master. “Does that young lady know Mr. Darcy?” Elizabeth coloured, and said, “A little.” “And do not you think him a very handsome gentleman, ma’am?” “Yes, very handsome.” “I am sure _I_ know none so handsome; but in the gallery upstairs you will see a finer, larger picture of him than this. This room was my late master’s favourite room, and these miniatures are just as they used to be then. He was very fond of them.” This accounted to Elizabeth for",100
PrideAndPrejudice_partition_ep,PrideAndPrejudice,romance,10745,"of ten, a woman had better show _more_ affection than she feels. Bingley likes your sister undoubtedly; but he may never do more than like her, if she does not help him on.” “But she does help him on, as much as her nature will allow. If _I_ can perceive her regard for him, he must be a simpleton indeed not to discover it too.” “Remember, Eliza, that he does not know Jane’s disposition as you do.” “But if a woman is partial to a man, and does not endeavor to conceal it, he must find it out.” “Perhaps he",100
PrideAndPrejudice_partition_eq,PrideAndPrejudice,romance,54948,"have imagined that we should receive an invitation to dine there (an invitation, moreover, including the whole party) so immediately after your arrival?” “I am the less surprised at what has happened,” replied Sir William, “from that knowledge of what the manners of the great really are, which my situation in life has allowed me to acquire. About the court, such instances of elegant breeding are not uncommon.” Scarcely anything was talked of the whole day or next morning but their visit to Rosings. Mr. Collins was carefully instructing them in what they were to expect, that the sight of",100
PrideAndPrejudice_partition_er,PrideAndPrejudice,romance,86163,"he dared. He observed to her, at a moment when the others were talking together, and in a tone which had something of real regret, that it “was a very long time since he had had the pleasure of seeing her;” and, before she could reply, he added, “It is above eight months. We have not met since the 26th of November, when we were all dancing together at Netherfield.” Elizabeth was pleased to find his memory so exact; and he afterwards took occasion to ask her, when unattended to by any of the rest, whether _all_ her sisters were",100
PrideAndPrejudice_partition_es,PrideAndPrejudice,romance,76503,"of lamentations resounding perpetually through Longbourn House. Elizabeth tried to be diverted by them; but all sense of pleasure was lost in shame. She felt anew the justice of Mr. Darcy’s objections; and never had she before been so much disposed to pardon his interference in the views of his friend. But the gloom of Lydia’s prospect was shortly cleared away; for she received an invitation from Mrs. Forster, the wife of the colonel of the regiment, to accompany her to Brighton. This invaluable friend was a very young woman, and very lately married. A resemblance in good-humour and good",100
PrideAndPrejudice_partition_et,PrideAndPrejudice,romance,74085,"the news; and various were the subjects which occupied them: Lady Lucas was inquiring of Maria, across the table, after the welfare and poultry of her eldest daughter; Mrs. Bennet was doubly engaged, on one hand collecting an account of the present fashions from Jane, who sat some way below her, and on the other, retailing them all to the younger Miss Lucases; and Lydia, in a voice rather louder than any other person’s, was enumerating the various pleasures of the morning to anybody who would hear her. “Oh, Mary,” said she, “I wish you had gone with us, for",100
PrideAndPrejudice_partition_eu,PrideAndPrejudice,romance,68522,"may be well supposed how eagerly she went through them, and what a contrariety of emotion they excited. Her feelings as she read were scarcely to be defined. With amazement did she first understand that he believed any apology to be in his power; and steadfastly was she persuaded, that he could have no explanation to give, which a just sense of shame would not conceal. With a strong prejudice against everything he might say, she began his account of what had happened at Netherfield. She read with an eagerness which hardly left her power of comprehension; and from impatience",100
PrideAndPrejudice_partition_ev,PrideAndPrejudice,romance,41467,"to dine that day in Grosvenor Street, where Mr. Hurst had a house. The next was in these words:--“‘I do not pretend to regret anything I shall leave in Hertfordshire except your society, my dearest friend; but we will hope, at some future period, to enjoy many returns of that delightful intercourse we have known, and in the meanwhile may lessen the pain of separation by a very frequent and most unreserved correspondence. I depend on you for that.’” To these high-flown expressions Elizabeth listened with all the insensibility of distrust; and though the suddenness of their removal surprised her,",100
PrideAndPrejudice_partition_ew,PrideAndPrejudice,romance,122513,"do?” “Oh, yes! You will only think I feel _more_ than I ought to do when I tell you all.” “What do you mean?” “Why, I must confess that I love him better than I do Bingley. I am afraid you will be angry.” “My dearest sister, now be, _be_ serious. I want to talk very seriously. Let me know everything that I am to know without delay. Will you tell me how long you have loved him?” “It has been coming on so gradually, that I hardly know when it began; but I believe I must date it from",100
PrideAndPrejudice_partition_ex,PrideAndPrejudice,romance,34179,"have heard you accuse him of nothing worse than of being the son of Mr. Darcy’s steward, and of _that_, I can assure you, he informed me himself.” “I beg your pardon,” replied Miss Bingley, turning away with a sneer. “Excuse my interference; it was kindly meant.” “Insolent girl!” said Elizabeth to herself. “You are much mistaken if you expect to influence me by such a paltry attack as this. I see nothing in it but your own wilful ignorance and the malice of Mr. Darcy.” She then sought her eldest sister, who had undertaken to make inquiries on the",100
PrideAndPrejudice_partition_ey,PrideAndPrejudice,romance,26772,"Miss Bennet the principal object. He was then, he said, on his way to Longbourn on purpose to inquire after her. Mr. Darcy corroborated it with a bow, and was beginning to determine not to fix his eyes on Elizabeth, when they were suddenly arrested by the sight of the stranger; and Elizabeth happening to see the countenance of both as they looked at each other, was all astonishment at the effect of the meeting. Both changed colour, one looked white, the other red. Mr. Wickham, after a few moments, touched his hat--a salutation which Mr. Darcy just deigned to",100
PrideAndPrejudice_partition_ez,PrideAndPrejudice,romance,87782,"and Miss Bingley they were noticed only by a courtesy; and on their being seated, a pause, awkward as such pauses must always be, succeeded for a few moments. It was first broken by Mrs. Annesley, a genteel, agreeable-looking woman, whose endeavour to introduce some kind of discourse proved her to be more truly well-bred than either of the others; and between her and Mrs. Gardiner, with occasional help from Elizabeth, the conversation was carried on. Miss Darcy looked as if she wished for courage enough to join in it; and sometimes did venture a short sentence, when there was",100
PrideAndPrejudice_partition_fa,PrideAndPrejudice,romance,93872,"“Is my father in town?” “Yes, he went on Tuesday, as I wrote you word.” “And have you heard from him often?” “We have heard only once. He wrote me a few lines on Wednesday, to say that he had arrived in safety, and to give me his directions, which I particularly begged him to do. He merely added, that he should not write again, till he had something of importance to mention.” “And my mother--how is she? How are you all?” “My mother is tolerably well, I trust; though her spirits are greatly shaken. She is upstairs, and will",100
PrideAndPrejudice_partition_fb,PrideAndPrejudice,romance,41180,"She highly approved his forbearance; and they had leisure for a full discussion of it, and for all the commendations which they civilly bestowed on each other, as Wickham and another officer walked back with them to Longbourn, and during the walk he particularly attended to her. His accompanying them was a double advantage: she felt all the compliment it offered to herself; and it was most acceptable as an occasion of introducing him to her father and mother. [Illustration: “Walked back with them” [_Copyright 1894 by George Allen._]] Soon after their return, a letter was delivered to Miss Bennet;",100
PrideAndPrejudice_partition_fc,PrideAndPrejudice,romance,31285,"for the long expected ball at Netherfield, which was fixed for the following Tuesday. The two ladies were delighted to see their dear friend again, called it an age since they had met, and repeatedly asked what she had been doing with herself since their separation. To the rest of the family they paid little attention; avoiding Mrs. Bennet as much as possible, saying not much to Elizabeth, and nothing at all to the others. They were soon gone again, rising from their seats with an activity which took their brother by surprise, and hurrying off as if eager to",100
PrideAndPrejudice_partition_fd,PrideAndPrejudice,romance,34814,"would have thought of my meeting with--perhaps--a nephew of Lady Catherine de Bourgh in this assembly! I am most thankful that the discovery is made in time for me to pay my respects to him, which I am now going to do, and trust he will excuse my not having done it before. My total ignorance of the connection must plead my apology.” “You are not going to introduce yourself to Mr. Darcy?” “Indeed I am. I shall entreat his pardon for not having done it earlier. I believe him to be Lady Catherine’s _nephew_. It will be in my",100
PrideAndPrejudice_partition_fe,PrideAndPrejudice,romance,51876,"and could very sincerely wish him happy. All this was acknowledged to Mrs. Gardiner; and, after relating the circumstances, she thus went on:--“I am now convinced, my dear aunt, that I have never been much in love; for had I really experienced that pure and elevating passion, I should at present detest his very name, and wish him all manner of evil. But my feelings are not only cordial towards _him_, they are even impartial towards Miss King. I cannot find out that I hate her at all, or that I am in the least unwilling to think her a",100
PrideAndPrejudice_partition_ff,PrideAndPrejudice,romance,17154,"in a hurry,” replied he; “and therefore if I should resolve to quit Netherfield, I should probably be off in five minutes. At present, however, I consider myself as quite fixed here.” “That is exactly what I should have supposed of you,” said Elizabeth. “You begin to comprehend me, do you?” cried he, turning towards her. “Oh yes--I understand you perfectly.” “I wish I might take this for a compliment; but to be so easily seen through, I am afraid, is pitiful.” “That is as it happens. It does not necessarily follow that a deep, intricate character is more or",100
PrideAndPrejudice_partition_fg,PrideAndPrejudice,romance,88039,"no more. The next variation which their visit afforded was produced by the entrance of servants with cold meat, cake, and a variety of all the finest fruits in season; but this did not take place till after many a significant look and smile from Mrs. Annesley to Miss Darcy had been given, to remind her of her post. There was now employment for the whole party; for though they could not all talk, they could all eat; and the beautiful pyramids of grapes, nectarines, and peaches, soon collected them round the table. While thus engaged, Elizabeth had a fair",100
PrideAndPrejudice_partition_fh,PrideAndPrejudice,romance,84607,"the ladies into the carriage; and when it drove off, Elizabeth saw him walking slowly towards the house. The observations of her uncle and aunt now began; and each of them pronounced him to be infinitely superior to anything they had expected. “He is perfectly well-behaved, polite, and unassuming,” said her uncle. “There _is_ something a little stately in him, to be sure,” replied her aunt; “but it is confined to his air, and is not unbecoming. I can now say with the housekeeper, that though some people may call him proud, _I_ have seen nothing of it.” “I was",100
PrideAndPrejudice_partition_fi,PrideAndPrejudice,romance,39321,"the particulars of their interview, with the result of which he trusted he had every reason to be satisfied, since the refusal which his cousin had steadfastly given him would naturally flow from her bashful modesty and the genuine delicacy of her character. This information, however, startled Mrs. Bennet: she would have been glad to be equally satisfied that her daughter had meant to encourage him by protesting against his proposals, but she dared not believe it, and could not help saying so. “But depend upon it, Mr. Collins,” she added, “that Lizzy shall be brought to reason. I will",100
PrideAndPrejudice_partition_fj,PrideAndPrejudice,romance,59929,"symptom of love; and from the whole of his behaviour to Miss De Bourgh she derived this comfort for Miss Bingley, that he might have been just as likely to marry _her_, had she been his relation. Lady Catherine continued her remarks on Elizabeth’s performance, mixing with them many instructions on execution and taste. Elizabeth received them with all the forbearance of civility; and at the request of the gentlemen remained at the instrument till her Ladyship’s carriage was ready to take them all home. [Illustration] CHAPTER XXXII. [Illustration] Elizabeth was sitting by herself the next morning, and writing to",100
PrideAndPrejudice_partition_fk,PrideAndPrejudice,romance,41441,"then read the first sentence aloud, which comprised the information of their having just resolved to follow their brother to town directly, and of their meaning to dine that day in Grosvenor Street, where Mr. Hurst had a house. The next was in these words:--“‘I do not pretend to regret anything I shall leave in Hertfordshire except your society, my dearest friend; but we will hope, at some future period, to enjoy many returns of that delightful intercourse we have known, and in the meanwhile may lessen the pain of separation by a very frequent and most unreserved correspondence. I",100
PrideAndPrejudice_partition_fl,PrideAndPrejudice,romance,121768,"Elizabeth could not help smiling at his easy manner of directing his friend. “Did you speak from your own observation,” said she, “when you told him that my sister loved him, or merely from my information last spring?” “From the former. I had narrowly observed her, during the two visits which I had lately made her here; and I was convinced of her affection.” “And your assurance of it, I suppose, carried immediate conviction to him.” “It did. Bingley is most unaffectedly modest. His diffidence had prevented his depending on his own judgment in so anxious a case, but his",100
PrideAndPrejudice_partition_fm,PrideAndPrejudice,romance,98548,"to run away, papa,” said Kitty, fretfully. “If _I_ should ever go to Brighton, I would behave better than Lydia.” “_You_ go to Brighton! I would not trust you so near it as Eastbourne, for fifty pounds! No, Kitty, I have at least learnt to be cautious, and you will feel the effects of it. No officer is ever to enter my house again, nor even to pass through the village. Balls will be absolutely prohibited, unless you stand up with one of your sisters. And you are never to stir out of doors, till you can prove that you",100
PrideAndPrejudice_partition_fn,PrideAndPrejudice,romance,122648,"article, Miss Bennet had nothing further to wish. “Now I am quite happy,” said she, “for you will be as happy as myself. I always had a value for him. Were it for nothing but his love of you, I must always have esteemed him; but now, as Bingley’s friend and your husband, there can be only Bingley and yourself more dear to me. But, Lizzy, you have been very sly, very reserved with me. How little did you tell me of what passed at Pemberley and Lambton! I owe all that I know of it to another, not to",100
PrideAndPrejudice_partition_fo,PrideAndPrejudice,romance,9508,"small market town; and, quitting them both, he had removed with his family to a house about a mile from Meryton, denominated from that period Lucas Lodge; where he could think with pleasure of his own importance, and, unshackled by business, occupy himself solely in being civil to all the world. For, though elated by his rank, it did not render him supercilious; on the contrary, he was all attention to everybody. By nature inoffensive, friendly, and obliging, his presentation at St. James’s had made him courteous. Lady Lucas was a very good kind of woman, not too clever to",100
PrideAndPrejudice_partition_fp,PrideAndPrejudice,romance,1220,"though nothing mannish, much that was masculine. But the likeness of quality consists in a great number of common subdivisions of quality--demureness, extreme minuteness of touch, avoidance of loud tones and glaring effects. Also there is in both a certain not inhuman or unamiable cruelty. It is the custom with those who judge grossly to contrast the good nature of Addison with the savagery of Swift, the mildness of Miss Austen with the boisterousness of Fielding and Smollett, even with the ferocious practical jokes that her immediate predecessor, Miss Burney, allowed without very much protest. Yet, both in Mr. Addison",100
PrideAndPrejudice_partition_fq,PrideAndPrejudice,romance,60068,"unlikely to be Lady Catherine; and under that apprehension was putting away her half-finished letter, that she might escape all impertinent questions, when the door opened, and to her very great surprise Mr. Darcy, and Mr. Darcy only, entered the room. He seemed astonished too on finding her alone, and apologized for his intrusion, by letting her know that he had understood all the ladies to be within. They then sat down, and when her inquiries after Rosings were made, seemed in danger of sinking into total silence. It was absolutely necessary, therefore, to think of something; and in this",100
PrideAndPrejudice_partition_fr,PrideAndPrejudice,romance,81416,"but I dare say he may spend half his time here; and Miss Darcy is always down for the summer months.” “Except,” thought Elizabeth, “when she goes to Ramsgate.” “If your master would marry, you might see more of him.” “Yes, sir; but I do not know when _that_ will be. I do not know who is good enough for him.” Mr. and Mrs. Gardiner smiled. Elizabeth could not help saying, “It is very much to his credit, I am sure, that you should think so.” “I say no more than the truth, and what everybody will say that knows",100
PrideAndPrejudice_partition_fs,PrideAndPrejudice,romance,73792,"_chaperon_ you about to all the balls. Dear me! we had such a good piece of fun the other day at Colonel Forster’s! Kitty and me were to spend the day there, and Mrs. Forster promised to have a little dance in the evening; (by-the-bye, Mrs. Forster and me are _such_ friends!) and so she asked the two Harringtons to come: but Harriet was ill, and so Pen was forced to come by herself; and then, what do you think we did? We dressed up Chamberlayne in woman’s clothes, on purpose to pass for a lady,--only think what fun! Not",100
PrideAndPrejudice_partition_ft,PrideAndPrejudice,romance,13104,"an ensign. After listening one morning to their effusions on this subject, Mr. Bennet coolly observed,-- “From all that I can collect by your manner of talking, you must be two of the silliest girls in the country. I have suspected it some time, but I am now convinced.” Catherine was disconcerted, and made no answer; but Lydia, with perfect indifference, continued to express her admiration of Captain Carter, and her hope of seeing him in the course of the day, as he was going the next morning to London. “I am astonished, my dear,” said Mrs. Bennet, “that you",100
PrideAndPrejudice_partition_fu,PrideAndPrejudice,romance,9602,"of woman, not too clever to be a valuable neighbour to Mrs. Bennet. They had several children. The eldest of them, a sensible, intelligent young woman, about twenty-seven, was Elizabeth’s intimate friend. That the Miss Lucases and the Miss Bennets should meet to talk over a ball was absolutely necessary; and the morning after the assembly brought the former to Longbourn to hear and to communicate. “_You_ began the evening well, Charlotte,” said Mrs. Bennet, with civil self-command, to Miss Lucas. “_You_ were Mr. Bingley’s first choice.” “Yes; but he seemed to like his second better.” “Oh, you mean Jane,",100
PrideAndPrejudice_partition_fv,PrideAndPrejudice,romance,70468,"but just _affect_ concern in missing him; she really rejoiced at it. Colonel Fitzwilliam was no longer an object. She could think only of her letter. [Illustration: “His parting obeisance” ] CHAPTER XXXVII. [Illustration] The two gentlemen left Rosings the next morning; and Mr. Collins having been in waiting near the lodges, to make them his parting obeisance, was able to bring home the pleasing intelligence of their appearing in very good health, and in as tolerable spirits as could be expected, after the melancholy scene so lately gone through at Rosings. To Rosings he then hastened to console Lady",100
PrideAndPrejudice_partition_fw,PrideAndPrejudice,romance,27938,"on the probability of a rainy season, made her feel that the commonest, dullest, most threadbare topic might be rendered interesting by the skill of the speaker. With such rivals for the notice of the fair as Mr. Wickham and the officers, Mr. Collins seemed to sink into insignificance; to the young ladies he certainly was nothing; but he had still at intervals a kind listener in Mrs. Philips, and was, by her watchfulness, most abundantly supplied with coffee and muffin. When the card tables were placed, he had an opportunity of obliging her, in return, by sitting down to",100
PrideAndPrejudice_partition_fx,PrideAndPrejudice,romance,66307,"given rise to a general expectation of their marriage. He spoke of it as a certain event, of which the time alone could be undecided. From that moment I observed my friend’s behaviour attentively; and I could then perceive that his partiality for Miss Bennet was beyond what I had ever witnessed in him. Your sister I also watched. Her look and manners were open, cheerful, and engaging as ever, but without any symptom of peculiar regard; and I remained convinced, from the evening’s scrutiny, that though she received his attentions with pleasure, she did not invite them by any",100
PrideAndPrejudice_partition_fy,PrideAndPrejudice,romance,17361,"to be observed in them for ever.” “Yes, indeed,” cried Mrs. Bennet, offended by his manner of mentioning a country neighbourhood. “I assure you there is quite as much of _that_ going on in the country as in town.” Everybody was surprised; and Darcy, after looking at her for a moment, turned silently away. Mrs. Bennet, who fancied she had gained a complete victory over him, continued her triumph,-- “I cannot see that London has any great advantage over the country, for my part, except the shops and public places. The country is a vast deal pleasanter, is not it,",100
PrideAndPrejudice_partition_fz,PrideAndPrejudice,romance,122324,"of the matter. _That_ is all to be forgot. Perhaps I did not always love him so well as I do now; but in such cases as these a good memory is unpardonable. This is the last time I shall ever remember it myself.” Miss Bennet still looked all amazement. Elizabeth again, and more seriously, assured her of its truth. “Good heaven! can it be really so? Yet now I must believe you,” cried Jane. “My dear, dear Lizzy, I would, I do congratulate you; but are you certain--forgive the question--are you quite certain that you can be happy with",100
PrideAndPrejudice_partition_ga,PrideAndPrejudice,romance,45745,"assisted by the attractions of Miss Darcy and the amusements of London, might be too much, she feared, for the strength of his attachment. As for Jane, _her_ anxiety under this suspense was, of course, more painful than Elizabeth’s: but whatever she felt she was desirous of concealing; and between herself and Elizabeth, therefore, the subject was never alluded to. But as no such delicacy restrained her mother, an hour seldom passed in which she did not talk of Bingley, express her impatience for his arrival, or even require Jane to confess that if he did not come back she",100
PrideAndPrejudice_partition_gb,PrideAndPrejudice,romance,115456,"sitting for a moment in silence, she said, very stiffly, to Elizabeth,-- “I hope you are well, Miss Bennet. That lady, I suppose, is your mother?” Elizabeth replied very concisely that she was. “And _that_, I suppose, is one of your sisters?” “Yes, madam,” said Mrs. Bennet, delighted to speak to a Lady Catherine. “She is my youngest girl but one. My youngest of all is lately married, and my eldest is somewhere about the ground, walking with a young man, who, I believe, will soon become a part of the family.” “You have a very small park here,” returned",100
PrideAndPrejudice_partition_gc,PrideAndPrejudice,romance,9016,"estate of his own; but though he was now established only as a tenant, Miss Bingley was by no means unwilling to preside at his table; nor was Mrs. Hurst, who had married a man of more fashion than fortune, less disposed to consider his house as her home when it suited her. Mr. Bingley had not been of age two years when he was tempted, by an accidental recommendation, to look at Netherfield House. He did look at it, and into it, for half an hour; was pleased with the situation and the principal rooms, satisfied with what the",100
PrideAndPrejudice_partition_gd,PrideAndPrejudice,romance,115247,"and besides, the equipage did not answer to that of any of their neighbours. The horses were post; and neither the carriage, nor the livery of the servant who preceded it, were familiar to them. As it was certain, however, that somebody was coming, Bingley instantly prevailed on Miss Bennet to avoid the confinement of such an intrusion, and walk away with him into the shrubbery. They both set off; and the conjectures of the remaining three continued, though with little satisfaction, till the door was thrown open, and their visitor entered. It was Lady Catherine de Bourgh. They were",100
PrideAndPrejudice_partition_ge,PrideAndPrejudice,romance,32018,"talk of, the younger Miss Bennets would have been in a pitiable state at this time; for, from the day of the invitation to the day of the ball, there was such a succession of rain as prevented their walking to Meryton once. No aunt, no officers, no news could be sought after; the very shoe-roses for Netherfield were got by proxy. Even Elizabeth might have found some trial of her patience in weather which totally suspended the improvement of her acquaintance with Mr. Wickham; and nothing less than a dance on Tuesday could have made such a Friday, Saturday,",100
PrideAndPrejudice_partition_gf,PrideAndPrejudice,romance,48434,"in town. The first part of Mrs. Gardiner’s business, on her arrival, was to distribute her presents and describe the newest fashions. When this was done, she had a less active part to play. It became her turn to listen. Mrs. Bennet had many grievances to relate, and much to complain of. They had all been very ill-used since she last saw her sister. Two of her girls had been on the point of marriage, and after all there was nothing in it. “I do not blame Jane,” she continued, “for Jane would have got Mr. Bingley if she could.",100
PrideAndPrejudice_partition_gg,PrideAndPrejudice,romance,37353,"absence extended only to the following Saturday, and having no feelings of diffidence to make it distressing to himself even at the moment, he set about it in a very orderly manner, with all the observances which he supposed a regular part of the business. On finding Mrs. Bennet, Elizabeth, and one of the younger girls together, soon after breakfast, he addressed the mother in these words,-- “May I hope, madam, for your interest with your fair daughter Elizabeth, when I solicit for the honour of a private audience with her in the course of this morning?” Before Elizabeth had",100
PrideAndPrejudice_partition_gh,PrideAndPrejudice,romance,20676,"[Illustration] When the ladies removed after dinner Elizabeth ran up to her sister, and seeing her well guarded from cold, attended her into the drawing-room, where she was welcomed by her two friends with many professions of pleasure; and Elizabeth had never seen them so agreeable as they were during the hour which passed before the gentlemen appeared. Their powers of conversation were considerable. They could describe an entertainment with accuracy, relate an anecdote with humour, and laugh at their acquaintance with spirit. But when the gentlemen entered, Jane was no longer the first object; Miss Bingley’s eyes were instantly",100
PrideAndPrejudice_partition_gi,PrideAndPrejudice,romance,57433,"and were indebted to Mr. Collins for the knowledge of what carriages went along, and how often especially Miss De Bourgh drove by in her phaeton, which he never failed coming to inform them of, though it happened almost every day. She not unfrequently stopped at the Parsonage, and had a few minutes’ conversation with Charlotte, but was scarcely ever prevailed on to get out. Very few days passed in which Mr. Collins did not walk to Rosings, and not many in which his wife did not think it necessary to go likewise; and till Elizabeth recollected that there might",100
PrideAndPrejudice_partition_gj,PrideAndPrejudice,romance,109280,"spend _my_ hours in running after my neighbours every time they go away and come back again.” “Well, all I know is, that it will be abominably rude if you do not wait on him. But, however, that shan’t prevent my asking him to dine here, I am determined. We must have Mrs. Long and the Gouldings soon. That will make thirteen with ourselves, so there will be just room at table for him.” Consoled by this resolution, she was the better able to bear her husband’s incivility; though it was very mortifying to know that her neighbours might all",100
PrideAndPrejudice_partition_gk,PrideAndPrejudice,romance,71200,"for it would really be discreditable to _you_ to let them go alone.” “My uncle is to send a servant for us.” “Oh! Your uncle! He keeps a man-servant, does he? I am very glad you have somebody who thinks of those things. Where shall you change horses? Oh, Bromley, of course. If you mention my name at the Bell, you will be attended to.” Lady Catherine had many other questions to ask respecting their journey; and as she did not answer them all herself attention was necessary--which Elizabeth believed to be lucky for her; or, with a mind so",100
PrideAndPrejudice_partition_gl,PrideAndPrejudice,romance,92214,"to amuse her in the hurry and confusion of the following hour. Had Elizabeth been at leisure to be idle, she would have remained certain that all employment was impossible to one so wretched as herself; but she had her share of business as well as her aunt, and amongst the rest there were notes to be written to all their friends at Lambton, with false excuses for their sudden departure. An hour, however, saw the whole completed; and Mr. Gardiner, meanwhile, having settled his account at the inn, nothing remained to be done but to go; and Elizabeth, after",100
PrideAndPrejudice_partition_gm,PrideAndPrejudice,romance,39651,"his book as she entered, and fixed them on her face with a calm unconcern, which was not in the least altered by her communication. “I have not the pleasure of understanding you,” said he, when she had finished her speech. “Of what are you talking?” “Of Mr. Collins and Lizzy. Lizzy declares she will not have Mr. Collins, and Mr. Collins begins to say that he will not have Lizzy.” “And what am I to do on the occasion? It seems a hopeless business.” “Speak to Lizzy about it yourself. Tell her that you insist upon her marrying him.”",100
PrideAndPrejudice_partition_gn,PrideAndPrejudice,romance,80173,"about it myself; but the grounds are delightful. They have some of the finest woods in the country.” Elizabeth said no more; but her mind could not acquiesce. The possibility of meeting Mr. Darcy, while viewing the place, instantly occurred. It would be dreadful! She blushed at the very idea; and thought it would be better to speak openly to her aunt, than to run such a risk. But against this there were objections; and she finally resolved that it could be the last resource, if her private inquiries as to the absence of the family were unfavourably answered. Accordingly,",100
PrideAndPrejudice_partition_go,PrideAndPrejudice,romance,105788,"to her for intelligence of him, as soon as he got to town. But it was two or three days before he could get from her what he wanted. She would not betray her trust, I suppose, without bribery and corruption, for she really did know where her friend was to be found. Wickham, indeed, had gone to her on their first arrival in London; and had she been able to receive them into her house, they would have taken up their abode with her. At length, however, our kind friend procured the wished-for direction. They were in ---- Street.",100
PrideAndPrejudice_partition_gp,PrideAndPrejudice,romance,85717,"that Bingley was also coming to wait on her; and she had barely time to express her satisfaction, and prepare for such a visitor, when Bingley’s quick step was heard on the stairs, and in a moment he entered the room. All Elizabeth’s anger against him had been long done away; but had she still felt any, it could hardly have stood its ground against the unaffected cordiality with which he expressed himself on seeing her again. He inquired in a friendly, though general, way, after her family, and looked and spoke with the same good-humoured ease that he had",100
PrideAndPrejudice_partition_gq,PrideAndPrejudice,romance,69329,"could remember no more substantial good than the general approbation of the neighbourhood, and the regard which his social powers had gained him in the mess. After pausing on this point a considerable while, she once more continued to read. But, alas! the story which followed, of his designs on Miss Darcy, received some confirmation from what had passed between Colonel Fitzwilliam and herself only the morning before; and at last she was referred for the truth of every particular to Colonel Fitzwilliam himself--from whom she had previously received the information of his near concern in all his cousin’s affairs",100
PrideAndPrejudice_partition_gr,PrideAndPrejudice,romance,1025,"puppets with pebbles in their mouths. And despite the ability which Miss Austen has shown in working out the story, I for one should put_ Pride and Prejudice _far lower if it did not contain what seem to me the very masterpieces of Miss Austen’s humour and of her faculty of character-creation--masterpieces who may indeed admit John Thorpe, the Eltons, Mrs. Norris, and one or two others to their company, but who, in one instance certainly, and perhaps in others, are still superior to them._ _The characteristics of Miss Austen’s humour are so subtle and delicate that they are, perhaps,",100
OnTheTrailOfTheSpacePirates_partition_a,OnTheTrailOfTheSpacePirates,sci-fi,43769,"of hearing any news lay far ahead of them at Titan. They could only hope that the decoy trap would succeed and that their skipper and friend would return safely. The only comment was Astro's grim prediction. ""If anything happens to Captain Strong,"" he paused and finished his sentence in a tense whisper, ""I'll search the universe until I find Coxine. And when I do, I'll break him in two!"" CHAPTER 18 ""Have you got everything straight?"" asked Coxine. Simms nodded his head. ""All right, blast off,"" ordered the pirate. ""We'll follow you and keep you spotted on radar. If",100
OnTheTrailOfTheSpacePirates_partition_b,OnTheTrailOfTheSpacePirates,sci-fi,36346,"You got the biggest cut. Three thousand credits for that fancy shooting you did!"" Tom noticed the gleam of the knife at the man's side. The young cadet could imagine the criminal sinking the knife in his back without hesitation, if he suspected anything. ""Well,"" demanded Attardi, ""are you going to collect or not? The skipper sent me to look for you."" Tom smiled, and while still smiling, whipped the paralo-ray gun into sight and fired. His aim was true. Attardi froze, every nerve in his body paralyzed. He could still breathe and his heart continued to beat, but otherwise,",100
OnTheTrailOfTheSpacePirates_partition_c,OnTheTrailOfTheSpacePirates,sci-fi,19620,"His face impassive on the teleceiver screen, Commander Walters listened to Strong's report, and when the Solar Guard officer finished, he grunted his satisfaction. ""Do you have any news on Wallace and Simms, sir?"" asked Strong. ""Yes, but my news isn't as good as yours,"" frowned Walters. ""They've already made use of their knowledge of the light-key. They held up a Solar Guard transport en route to Titan and emptied her armory. They took a couple of three-inch atomic blasters and a dozen paralo-ray guns and rifles. Opened the energy lock with their adjustable light-key as easily as if it",100
OnTheTrailOfTheSpacePirates_partition_d,OnTheTrailOfTheSpacePirates,sci-fi,43475,"shuffled from the room. Coxine turned to his two lieutenants. ""All right, Wallace, see that those crawlers do what I told them to do. And you, Simms, get after that rocket scout."" The two spacemen saluted their captain and turned away. Coxine watched them leave the room, already planning his next move, a move calculated to be so surprising that the Solar Guard would be absolutely helpless. Bull Coxine smiled and turned to study the charts of the asteroid belt. * * * * * Alone aboard the armored decoy ship, Captain Strong blasted steadily on his course through the",100
OnTheTrailOfTheSpacePirates_partition_e,OnTheTrailOfTheSpacePirates,sci-fi,6788,"a report to Captain Strong,"" added Astro darkly. Roger, cocky and unafraid, broke out his engaging grin again and shrugged his shoulders. CHAPTER 3 ""... And so we dedicate this capsule to the civilizations of the future. Those who may dig this cylinder out of the ground in ages to come will find within it the tools, the inventions, and the scientific wonders which have made the era of the Solar Alliance one of peace and lasting prosperity."" Captain Steve Strong paused, glanced at the huge crane and the shimmering steel capsule that dangled at the end of a cable,",100
OnTheTrailOfTheSpacePirates_partition_f,OnTheTrailOfTheSpacePirates,sci-fi,8800,"keep that loud-mouthed punk quiet, or I'll wipe up the deck with him and send the pieces back to Space Academy!"" ""Hey, Wallace,"" yelled Simms, who had walked away when the argument started. ""Come on. We gotta fix that reactor unit!"" ""Yeah--yeah,"" Wallace called back. He turned to Roger again. ""Just remember what I said, cadet!"" Brushing the boys aside, he strode down the aisle to join Simms. As the two men disappeared through the power-deck hatch, Tom turned to Roger and tried to calm him down. ""Skippers are skippers, Roger, even aboard a piece of space junk!"" ""Yeah,"" growled",100
OnTheTrailOfTheSpacePirates_partition_g,OnTheTrailOfTheSpacePirates,sci-fi,17332,"split up into two teams. You work with me, Corbett, and Astro will team up with Manning. We'll operate like simple tramp spacers. Our space papers have new last names, but the same first names, so there won't be any slip-ups when we speak to each other. From now on, if we happen to meet, you'll all call me Steve and I'll call you by your first names. Is that clear?"" The cadets nodded. ""All right,"" continued Strong. ""Now, when we arrive in a city, Tom and I will go to one section, while you two go to another. Visit",100
OnTheTrailOfTheSpacePirates_partition_h,OnTheTrailOfTheSpacePirates,sci-fi,7564,"a harsh voice appealing to a small crowd around the stand in front of Wallace and Simms' spaceship. A huge sign spelled out the attraction: RIDE IN SPACE--ONE CREDIT. Luther Simms, a bamboo cane in one hand, a roll of tickets in another, was hawking his attraction to the bystanders. ""Step right up, ladies and gentlemen! Step right up! It's a thrill of a lifetime, the greatest sensation of the entire exposition. Ride a rocket ship, and all this for one credit! A lone, single credit, ladies and gents, will buy you a pathway to the stars! Step right up--""",100
OnTheTrailOfTheSpacePirates_partition_i,OnTheTrailOfTheSpacePirates,sci-fi,7014,"""He sweated over it for nearly a week."" ""Here he comes,"" said Tom. The three cadets watched Captain Strong, resplendent in his dress gold-and-black uniform, fight his way off the platform, shaking hands with congratulating strangers along the way. ""Congratulations, Captain Strong,"" said Tom with a smile. ""That was swell!"" Roger and Astro chorused their agreement. ""Thanks, boys,"" gasped Strong. ""But let me tell you, I never want to do that again. I was never so scared in my life!"" ""Just making a speech?"" asked Roger. ""After all the lectures you've given at Space Academy?"" ""They weren't before teleceiver and",100
OnTheTrailOfTheSpacePirates_partition_j,OnTheTrailOfTheSpacePirates,sci-fi,48655,"clear image of the colony. He could make out the outline of the uranium plant, the atmosphere booster stations and small buildings clustered around the spaceport. As they drew closer to the tiny colony, Coxine grabbed the intercom and the teleceiver microphones and barked crisp orders to both the Avengers and the _Polaris_' power decks. ""Full braking rockets!"" roared Coxine. Tom braced himself against the sudden reverse pressure of the powerful nose rockets, and then, in a moment, felt the _Avenger_ come to a dead stop. Watching the scanner again, he saw that they were directly over the Solar Guard",100
OnTheTrailOfTheSpacePirates_partition_k,OnTheTrailOfTheSpacePirates,sci-fi,36256,"Peering into the passageway and finding it deserted, he slipped out and closed the hatch behind him. From below, he could hear the roar of the crew as the last of them received his share of the stolen credits. Tom raced down the companionway toward the jet-boat deck. He made the first deck safely and was about to climb down to the next when he was spotted by Attardi, the scar-faced spaceman, who stood at the bottom of the ladder. ""Hey, Kid!"" Attardi shouted. ""The skipper's been looking for ya. You got the biggest cut. Three thousand credits for that",100
OnTheTrailOfTheSpacePirates_partition_l,OnTheTrailOfTheSpacePirates,sci-fi,10187,"clean bright ray was now cloudy and murky--the result of the puzzling ""dirty sky."" ""All right, Mike,"" Strong announced suddenly. ""Let's go."" ""Get anything more out of those reports?"" asked Hawks, turning back to his desk. ""No,"" replied the Solar Guard officer. ""They all tell the same story. Right after blast-off, the ships ran into a dirty sky."" ""Sounds kind of crazy, doesn't it?"" ""Crazy enough to check."" Hawks pressed a button on the desk intercom. ""Yes, sir?"" replied a metallic voice. ""Have the rocket scout ready for flight in five minutes,"" Hawks ordered. He snapped off the intercom without",100
OnTheTrailOfTheSpacePirates_partition_m,OnTheTrailOfTheSpacePirates,sci-fi,17848,"The two men stopped and turned to face the cadet, their eyes cold and unfriendly. ""Why don't you space drift blast out of here?"" asked one of them. ""Yeah,"" agreed the other, ""your kind aren't welcome in Luna City."" Roger shrugged his shoulders and turned away. The two customs officers continued down the gangway. ""Those young punks,"" muttered one, ""they get themselves a berth on a crummy freighter and think they're real hot space aces when they're nothing but wet fire-crackers!"" Strong had appeared at Roger's side and heard the last remark. ""What was that about, Roger?"" he asked, nodding",100
OnTheTrailOfTheSpacePirates_partition_n,OnTheTrailOfTheSpacePirates,sci-fi,18465,"his time, he finished his glass of Martian water, then swaggered across the crowded room to the table. Tom glanced up casually and then turned to his companion at the table. ""This is my skipper,"" he said. ""Name's Steve. You gotta job to do, Steve'll do it. Anything, anywhere, any time,"" he paused, and then added with a smirk, ""for a _price_!"" The scar-faced man looked up at Steve. His eyes traced a pattern over the tall man, noting the broad shoulders, the piercing eyes, and the bulge of a paralo-ray gun in his jacket. He pushed a chair back",100
OnTheTrailOfTheSpacePirates_partition_o,OnTheTrailOfTheSpacePirates,sci-fi,39638,"onto the radar bridge. ""Have you got a course back to the Academy, Roger?"" ""Yes, sir."" ""All right, give it to Astro and let's get moving. Every minute wasted now is the difference between a ship looted and the future safety of the space lanes. I have a feeling that Coxine is not just playing for the hauls he makes on those helpless jet liners."" ""I don't get you, sir."" ""Look at it this way, Roger,"" replied Strong with a grim smile. ""A man smart enough to do what he did while he was confined to a prison asteroid might",100
OnTheTrailOfTheSpacePirates_partition_p,OnTheTrailOfTheSpacePirates,sci-fi,13803,"hurried, though careful check. Then he sat back on his heels and sighed in relief. ""A few bruises but no broken bones, thank the universe. He's just suffering from shock. A day or so in sick bay and he'll be good as new."" ""I'll take him over there right away, Steve,"" offered Hawks. ""Thanks, Mike,"" replied Strong. Then as he and the commissioner lifted the still form of the cadet and started to carry him out of the shack, he turned to Astro. ""Blast over to the _Polaris_ and call Solar Guard headquarters in Venusport. Tell them to send an",100
OnTheTrailOfTheSpacePirates_partition_q,OnTheTrailOfTheSpacePirates,sci-fi,47029,"three men led by Brooks, the radar operator, appeared in the passageway outside the brig. Brooks stepped forward, opened the door, and gestured with the paralo-ray gun in his hand. ""All right, you punks! Outside!"" Astro started to lunge for the pirate, but Tom grabbed him by the arm. ""Take it easy, Astro. That won't get us any place."" ""You can say that again,"" sneered Brooks. ""One crazy move like that, kid, and I'll freeze you solid as a cake of ice! Now come on! Move!"" Tom, followed by Astro and Roger, walked slowly out of the brig, and guarded",100
OnTheTrailOfTheSpacePirates_partition_r,OnTheTrailOfTheSpacePirates,sci-fi,22471,"take. We've got enough money in that locker""--he indicated a black box on the floor--""to sit back and take it easy for the rest of our lives."" ""Yeah?"" snarled Wallace. ""You mean sitting in the sun on a crummy lakeside, watching the birds and bees?"" ""Gus,"" asked Simms thoughtfully, ""you got any idea how much fun we can buy with the credits in that box?"" ""Yeah, I have!"" sneered Wallace, ""and I know what a thousand times that much will buy too!"" Suddenly Simms turned and looked his partner in the eye. ""What do you say we quit now, Gus?",100
OnTheTrailOfTheSpacePirates_partition_s,OnTheTrailOfTheSpacePirates,sci-fi,13342,"hand. I'm going to work with the commissioner here setting up search operations."" ""Aye, aye, sir,"" replied Tom from the power deck. The two cadets hurriedly closed the power units and left the ship. ""Did you hear what Captain Strong said, Astro?"" asked Tom. ""Search operations."" ""I wonder what's up,"" the big Venusian remarked. ""They don't set up search operations unless it's awfully serious!"" ""Come on,"" urged Tom. ""Maybe Roger's found something."" They entered the shack together and Tom called out, ""Say, Roger, Captain Strong just spoke to Commander Walters at the Academy and--"" The curly-haired cadet stopped short. ""Astro,",100
OnTheTrailOfTheSpacePirates_partition_t,OnTheTrailOfTheSpacePirates,sci-fi,45055,"toward the remains of the attacking scout. Immediately the communications of the departing fleet were filled with talk of their victory over the pirate band. Strong alone felt uneasy about their success. For Coxine to attack in a light rocket scout, which Strong felt sure had been stripped down to gain more speed, did not follow the pattern which the hardened pirate had established in previous raids. When he arrived at the wreckage of the rocket scout, Strong found that his fears were justified. A crew chief from one of the rescue squads approached Strong; his body weightless in space,",100
OnTheTrailOfTheSpacePirates_partition_u,OnTheTrailOfTheSpacePirates,sci-fi,41565,"You haven't a chance of escape. I demand your unconditional surrender! Acknowledge immediately!"" Strong flipped the key to open the receiver and waited for the reply. Roger moved closer, his eyes glued to the image of the pirate ship looming larger and larger on the scanner. Fifteen seconds passed. Thirty. There was no sound over the receiver. Sweat began to bead Strong's forehead and he opened the transmitter key again. ""Listen, Coxine! I know you can hear me! I'll only talk to you once more! Surrender or you'll be blasted into protons! I'll give you exactly thirty seconds to make",100
OnTheTrailOfTheSpacePirates_partition_v,OnTheTrailOfTheSpacePirates,sci-fi,17300,"their first stop on the tour of the hangouts of outlawed spacemen across the solar system, Strong briefed his cadets on a plan of action. ""I think it'll be better if we split up into two teams. You work with me, Corbett, and Astro will team up with Manning. We'll operate like simple tramp spacers. Our space papers have new last names, but the same first names, so there won't be any slip-ups when we speak to each other. From now on, if we happen to meet, you'll all call me Steve and I'll call you by your first names.",100
OnTheTrailOfTheSpacePirates_partition_w,OnTheTrailOfTheSpacePirates,sci-fi,33122,"been a needle to hit. ""Right, skipper,"" he finally replied. ""I'll show you some of the fanciest shooting you'll ever see in your life!"" He turned back to the range finder, his mind racing like a calculating machine. He figured the angles of the two ships, considering that the jet liner was a dead ship in space and the _Avenger_ still under way, but slowing down at a specific rate of deceleration. He rechecked his figure a third and fourth time, correcting his calculations each time with the forward movement of the _Avenger_. If he misjudged a fraction of a",100
OnTheTrailOfTheSpacePirates_partition_x,OnTheTrailOfTheSpacePirates,sci-fi,32016,"offer no proof, he believed the attacking ship had been commanded by Wallace and Simms. Speaking only to Commander Walters, Strong had received permission to combine the search for Wallace and Simms, with the new hunt for Coxine. Strong was convinced that Coxine was behind the activity of Wallace and Simms, from the beginning at the Solar Exposition to the present. Strong looked at his watch. It was past midnight. He flipped a switch and paged Lieutenant Moore on the central communicators. In a few moments the young officer appeared and saluted smartly. ""Take over here, Moore,"" said Strong. ""I'm",100
OnTheTrailOfTheSpacePirates_partition_y,OnTheTrailOfTheSpacePirates,sci-fi,16457,"That was the last patrol ship to report, so you might as well close up shop."" He turned to the cadets, who had been reassigned from the exposition as aides to Captain Strong in his search for Wallace and Simms. ""You three come with us,"" said Walters. ""I've got an idea and I want all of you to hear it."" Strong and the boys followed the commander out of the Academy communications center down to his luxuriously furnished office. ""Perhaps,"" said Walters, settling back in his chair and lighting an enormous pipe filled with red Venusian tobacco, ""perhaps we have",100
OnTheTrailOfTheSpacePirates_partition_z,OnTheTrailOfTheSpacePirates,sci-fi,3329,"spaceport traffic-control circuit. ""Rocket cruiser _Polaris_ to spaceport control,"" he called. ""Come in, spaceport control. Request orbit clearance."" ""Spaceport traffic control to _Polaris_,"" reported the traffic officer, his face in focus on the teleceiver screen. ""Your orbit has been cleared for blast-off. Orbit number 3847--repeat, 3847--raise ship when ready!"" ""Orbit 3847,"" repeated Tom. ""End transmission!"" ""End transmission,"" said the officer. Tom flipped off the teleceiver and the officer's face disappeared. At the rear of the control deck, Captain Strong suddenly stepped through the hatch and dropped his black plastic space bag on the deck. Tom got up and saluted sharply.",100
OnTheTrailOfTheSpacePirates_partition_aa,OnTheTrailOfTheSpacePirates,sci-fi,6048,"Tom, Roger, and Astro found themselves busy with a hundred little things concerning the ship and their part in the fair. They were visited by the subcommissioner of the exposition and advised of the conveniences provided for the participants of the fair. Then, finally, as a last worker finished the installation of a photoelectric cell across the entrance port to count visitors to the ship, Tom, Roger, and Astro began the dirty job of washing down the giant titanium hull with a special cleaning fluid, while all around them the activity of the fair buzzed with nervous excitement. Suddenly the",100
OnTheTrailOfTheSpacePirates_partition_ab,OnTheTrailOfTheSpacePirates,sci-fi,41568,"chance of escape. I demand your unconditional surrender! Acknowledge immediately!"" Strong flipped the key to open the receiver and waited for the reply. Roger moved closer, his eyes glued to the image of the pirate ship looming larger and larger on the scanner. Fifteen seconds passed. Thirty. There was no sound over the receiver. Sweat began to bead Strong's forehead and he opened the transmitter key again. ""Listen, Coxine! I know you can hear me! I'll only talk to you once more! Surrender or you'll be blasted into protons! I'll give you exactly thirty seconds to make up your mind!""",100
OnTheTrailOfTheSpacePirates_partition_ac,OnTheTrailOfTheSpacePirates,sci-fi,27759,"two owners exploded in his brain. ""Wallace and Simms!"" He turned to jump out of the air lock, but it slid closed in front of him. He was trapped. * * * * * Sprawled on the ground in front of one of the white houses near the tower perimeter, Captain Strong stirred, shook his head, and painfully rose to a half-crouch. With eyes still dulled by shock, he looked around to see Astro lying unconscious a few feet away. His brain still reeling from the effects of Coxine's sneak attack, he staggered over to his knees beside him. ""Astro,",100
OnTheTrailOfTheSpacePirates_partition_ad,OnTheTrailOfTheSpacePirates,sci-fi,18132,"face?"" ""Yeah,"" replied the disguised Solar Guard officer. ""I've been watching him too. And I think he's had his eye on us."" Tom and Captain Strong were sitting in a small restaurant near the spaceport, drinking Martian water and discussing the shadowy characters that lounged around the stuffy little room. ""I'll walk over to the bar,"" said Strong. ""Maybe he doesn't want to talk to two of us together. You go over and see if you can strike up a conversation."" ""Good idea, sir--uh--Steve,"" said Tom. Strong got up and with an exaggerated swagger walked to the small bar. From",100
OnTheTrailOfTheSpacePirates_partition_ae,OnTheTrailOfTheSpacePirates,sci-fi,2889,"belt of tools slung around his waist, he crawled through the heart of the ship, adjusting a valve here, turning a screw there, seeing that the reactant feeders were clean and clear to the rocket firing chambers. And last of all he made sure the great rocket firing chambers were secure and the heavy sheets of lead baffling in place to protect him from deadly radioactivity. On the radar bridge in the nose of the ship, Roger removed the delicate astrogation prism from its housing and cleaned it with a soft cloth. Replacing it carefully, he turned to the radar",100
OnTheTrailOfTheSpacePirates_partition_af,OnTheTrailOfTheSpacePirates,sci-fi,232,"stepped on the slidestairs leading down to the monorail platform. In the lead, Tom Corbett, the command cadet of the unit, a tall, curly-haired boy of eighteen, slouched against the handrail and looked back at his two unit-mates, Roger Manning and Astro. Manning, a slender cadet, with close-cropped blond hair, was yawning and blinking his eyes sleepily, while Astro, the third member of the unit, a head taller than either of his unit-mates and fifty pounds heavier, stood flat-footed on the step, eyes closed, his giant bulk swaying slightly with the motion of the slidestairs. ""Huh! A real snappy unit!""",100
OnTheTrailOfTheSpacePirates_partition_ag,OnTheTrailOfTheSpacePirates,sci-fi,21859,"Ganymede, and Coxine saw all the money lying around at the Credit Exchange to pay off the prospectors, he convinced Wallace to go in with him and they robbed the Exchange. Coxine was caught red-handed, but Wallace got away. In fact, the Solar Guard didn't know Wallace had anything to do with it. So Coxine was taken back to the prison asteroid, and Wallace has been driftin' around the system ever since."" ""But, Mr. Shinny,"" asked Astro, ""if you knew Wallace was tied up with the robbery of the Credit Exchange, why didn't you tell the Solar Guard before now?""",100
OnTheTrailOfTheSpacePirates_partition_ah,OnTheTrailOfTheSpacePirates,sci-fi,50536,"called. ""We're going to show the Solar Alliance who's boss, beginning right now! I'll give you the target in a few minutes but head in the direction of Earth!"" He faced the three cadets and sneered. ""By the time I'm finished with Luna City, the only thing active will be radioactive!"" Suddenly Gus Wallace could be heard screaming over the teleceiver, his face a mask of fear and panic. ""Bull! Bull!"" he shouted. ""The Solar Guard! We just spotted them! Squadrons! Heading straight for us! We've got to get out of here!"" ""What?"" roared Coxine, turning to his radar scanner.",100
OnTheTrailOfTheSpacePirates_partition_ai,OnTheTrailOfTheSpacePirates,sci-fi,8573,"free fall, beyond the pull of Venus' gravity."" The forward hatch of the passenger cabin opened and Simms reappeared followed by Wallace. ""Take it easy, folks,"" said Wallace, ""nothing to get excited about. We're in free fall, holding a course around the planet. So just sit back and enjoy the view!"" A chorus of sighs filled the cabin and the passengers began laughing and chatting again, pointing out various sights on the planet below them. Smiling, Wallace and Simms marched down the aisle. Suddenly Roger and Tom rose and blocked their path. ""What's up, Wallace?"" demanded Tom. Wallace gave the",100
OnTheTrailOfTheSpacePirates_partition_aj,OnTheTrailOfTheSpacePirates,sci-fi,41753,"looking at her right now on my control-deck scanner. It's the same model ship as the _Avenger_, but it isn't Coxine's!"" ""Are you sure?"" ""Positive, sir. I was on her long enough to know."" ""Blast it! Then what--?"" Roger suddenly interrupted Strong. ""Sir, look at her over the magnascope! She's been abandoned!"" The Solar Guard captain quickly turned to the magnascope screen. There he saw a close-up view of the target. It was a helpless derelict. All emergency ports were open and the jet-boat locks were empty. Strong's face grew pale and he slumped back in his chair. ""What--what do",100
OnTheTrailOfTheSpacePirates_partition_ak,OnTheTrailOfTheSpacePirates,sci-fi,17167,"the effect that being left alone had on the cadets. He had learned early in his associations with Tom, Roger, and Astro that they bore responsibility well, and a challenge to do a good job would assure him the job would be done efficiently. ""Stand by to raise ship!"" Tom's voice crackled confidently over the ship's intercom. Strong sat on an acceleration cushion and strapped himself in. He heard Tom's voice counting off the seconds for blast-off. ""... Five--four--three--two--one--_zero_."" As the rockets burst into a loud roar, the freighter lurched from the ground and thundered up into the atmosphere, pushing",100
OnTheTrailOfTheSpacePirates_partition_al,OnTheTrailOfTheSpacePirates,sci-fi,10589,"if it came from Jupiter, I don't see how it could have drifted this far without being detected on radar."" Now, holding a flask full of the black cloud, the professor started back to the air lock. ""You said three possibilities, professor,"" said Strong. ""The third,"" replied the professor, ""could be--"" The professor was interrupted by Lieutenant Claude calling over the intercom. ""Just received a report from the University of Venus, sir!"" said the young officer. ""There's been no volcanic activity on Venus in the last ten years serious enough to create such a cloud."" Strong waited for the professor's",100
OnTheTrailOfTheSpacePirates_partition_am,OnTheTrailOfTheSpacePirates,sci-fi,48577,"according to plan! Train all your guns on the Solar Guard defense installations and stand by!"" ""Ready any time you say the word,"" replied Wallace. Jumping back to the intercom, Coxine gave orders to the power deck for full thrust, then ordered the radar bridge to relay the scanner image of Ganymede to the control deck. As the rocket ship surged ahead under the added thrust, Tom strained against his ropes to watch the scanner and saw the clear image of the colony. He could make out the outline of the uranium plant, the atmosphere booster stations and small buildings",100
OnTheTrailOfTheSpacePirates_partition_an,OnTheTrailOfTheSpacePirates,sci-fi,28956,"with smoke. ""And if he does ask for help, I'm going to answer him with the biggest fleet of spaceships he'll ever see in his life!"" CHAPTER 12 ""Stand by, you space crawlers!"" roared Bull Coxine into the microphone, but the loud laughter and singing of the noisily celebrating prisoners continued unabated over the intercom's loud-speakers. ""Avast there!"" he bellowed again. ""Stow that noise! Attention! And I want _attention_!"" Standing on the control deck of his ship, Coxine waited as the men gradually quieted down. No longer wearing the white prison coverall, he was dressed in a black merchant spaceman's",100
OnTheTrailOfTheSpacePirates_partition_ao,OnTheTrailOfTheSpacePirates,sci-fi,36154,"""If anyone's going to pick up the message,"" he thought, ""they've picked it up by now. I may still have time to get away in a jet boat."" He tied the wires together, causing a continuous interference to be sent out, and secured the radar casing. ""If I'm lucky enough to get away in a jet boat,"" thought Tom, ""at least they won't be able to pick me up on that!"" Without a glance at the locker where Brooks continued to pound and yell, Tom turned to the hatch leading to the passageway. He gripped the paralo-ray gun and opened",100
OnTheTrailOfTheSpacePirates_partition_ap,OnTheTrailOfTheSpacePirates,sci-fi,46246,"detectors!"" Astro's face spread into a wide grin, and without another word, he began preparing the cutting torches. Ten minutes later Tom emerged from the chamber and nodded triumphantly. ""All set, Astro! Now all we need is the beacon."" Suddenly the _Polaris_ was rocked by a heavy explosion. ""They're firing!"" yelled Astro. ""Roger! Have you finished the beacon?"" demanded Tom over the intercom. ""I need another five minutes!"" answered Roger. ""I have to set the signal to send out the SOS."" ""Will it send out _anything_?"" asked Tom. The _Polaris_ rocked again from a second explosion. ""I don't know, Tom,""",100
OnTheTrailOfTheSpacePirates_partition_aq,OnTheTrailOfTheSpacePirates,sci-fi,28028,"about in the distance for two familiar blue uniforms. ""I don't see Roger or Tom, sir,"" he said hesitantly. ""Do you think--?"" ""We'll just have to wait and see,"" interrupted Strong grimly. ""Come on, step it up!"" As the two spacemen approached the smoking ruins of the underground cradles, ammunition dumps, and repair shops, they passed groups of men digging into the rubble. In sharp contrast to the careful scrutiny they had received when they first arrived at the prison, no one noticed them now. Strong stepped up to a man in a torn and dirty sergeant's uniform. ""What happened?""",100
OnTheTrailOfTheSpacePirates_partition_ar,OnTheTrailOfTheSpacePirates,sci-fi,36759,"the jet liner. There was less than three days' oxygen remaining in the tanks. In three days the jet boat would become an airless shell. A vacuum no different than the cold silent void of space! CHAPTER 15 ""What's our position, Roger?"" Captain Strong called into the intercom. ""Space quadrant B, section twenty-three, sir,"" replied Roger from the radar bridge. ""But I can't see a thing on the radar. That static flash Tom sent out is scrambling everything."" ""But you're sure this is our position?"" ""Yes, sir. I checked it three times."" ""All right, then,"" said Strong grimly. ""There's only",100
OnTheTrailOfTheSpacePirates_partition_as,OnTheTrailOfTheSpacePirates,sci-fi,633,"his seat and closed his eyes. ""Yeah,"" growled Roger, ""and when you come back, don't make any noise!"" Astro smiled. He got up carefully and climbed over his two sleeping mates. Standing in the aisle, he counted the credits Tom had given him and turned to the front of the car. Suddenly a heavy voice growled behind him. ""One side, spaceboy!"" A hand grabbed him by the shoulder and pushed him to one side. Caught off balance, Astro fell back on his sleeping unit-mates. ""Hey! What th--"" stuttered Astro as he sprawled on top of his friends. The two sleepy",100
OnTheTrailOfTheSpacePirates_partition_at,OnTheTrailOfTheSpacePirates,sci-fi,7331,"a look around. See the sights, have some fun."" _""Yes, sir!""_ The boys chorused their reply. ""Just don't spend all your credits at the first booth,"" continued Strong. ""And watch that Venusian cloud candy. It's good, but murder on the Earthman's stomach."" ""Captain Strong!"" A voice called from the platform above. It was one of the Venusian delegates. ""They want some pictures of you!"" ""Be right there, sir,"" replied Strong. He turned to the boys and smiled. ""You're lucky you don't have to go through this. See you aboard ship later."" Spinning quickly on his heel, he made his way",100
OnTheTrailOfTheSpacePirates_partition_au,OnTheTrailOfTheSpacePirates,sci-fi,4931,"think much of the Solar Guard, though."" ""I gathered as much,"" said Hawks dryly. He walked over from his desk. ""I hated to give them the license to operate, but I had to, since I had no valid reason to turn them down. They have a good idea, too."" ""That so? What is it?"" asked Strong. ""They have an old chemical-burning space freighter in which they're going to take fair visitors up for a short ride. You see, the big one, Gus Wallace, is an old deep-space merchantman. The smaller one is Luther Simms, a rocketman."" ""Hm. Not a bad",100
OnTheTrailOfTheSpacePirates_partition_av,OnTheTrailOfTheSpacePirates,sci-fi,45286,"space junk!"" Rocketing through the asteroid belt with the Titan pay roll, the three space cadets, under strict orders to maintain communications silence, were unaware that Bull Coxine had outsmarted Captain Strong. Sending in the rocket scout, he had sprung the Solar Guard trap and had cagily scanned the belt for another ship. Finding the _Polaris_ easily, the pirate captain was blasting in for the attack. On the control deck of the Solar Guard cruiser, Tom Corbett desperately tried to think of a plan to outwit Coxine, while his unit-mates urged him to fight back. ""What's the matter, Junior?"" Roger",100
OnTheTrailOfTheSpacePirates_partition_aw,OnTheTrailOfTheSpacePirates,sci-fi,9768,"them."" ""Hardly,"" said Tom. ""Remember, that ship blasts off like she's loaded to the nose with cargo. And then she comes back like a feather. You can tell by the sound of her jets. So it wouldn't be anything small enough for someone to carry."" ""Yeah, I guess you're right,"" agreed Astro. ""Well,"" said Tom finally, ""I'm stumped. I think the only thing left to do is to decide if it's anything important enough to tell Captain Strong about. Working on the _Polaris_ twelve hours a day and staying up all night to watch those two jokers has me all",100
OnTheTrailOfTheSpacePirates_partition_ax,OnTheTrailOfTheSpacePirates,sci-fi,35755,"He gulped as the needle passed the danger point and was about to cut down speed when the needle stopped. Astro breathed easily and settled back satisfied. If it was up to him, they would reach Tom in record time. Up on the radar deck, Roger continued to read the flashing signals on the radar scanner. Over and over, he read the same message. ""I guess that's all he can say, sir,"" said Roger, turning to Strong. ""Yes, I guess so, Roger,"" agreed Strong. ""He's probably sending it out blind, on an open circuit, hoping that anyone near enough would",100
OnTheTrailOfTheSpacePirates_partition_ay,OnTheTrailOfTheSpacePirates,sci-fi,2361,"some of the tricks and rides they've developed to entertain the younger generation. Believe me, I'd rather take full acceleration on a rocket ship than ride on any of them."" ""But what will we do, sir?"" asked Tom. ""Our job is very simple. We're to take the _Polaris_ to the exposition and land on the fairgrounds. When the fair opens, we show all the visitors who are interested, everything about her."" ""You mean we're going to be""--Roger swallowed--""guides?"" ""That's right, Manning,"" said Strong. ""You three will guide all visitors through the _Polaris_."" ""How long will we be there, sir?"" asked",100
OnTheTrailOfTheSpacePirates_partition_az,OnTheTrailOfTheSpacePirates,sci-fi,24196,"with thousands of other enlisted men. A guard on the Rock was paid triple wages for the two-year isolation. But more than anything else the right to wear the bright white patch with a paralo-ray gun in the center denoting their service as guards on the Rock was prestige envied even by commissioned officers of the Solar Guard. After what Tom thought to be the most thorough search he had ever seen was over, Lieutenant Williams reported to the control deck where Strong and the cadets had been politely but firmly detained. He informed them that they were now ready",100
OnTheTrailOfTheSpacePirates_partition_ba,OnTheTrailOfTheSpacePirates,sci-fi,38175,"dark. Having adjusted the delicate mechanism to eliminate the white flashes of static, he couldn't find them again. He sat back in his chair for a moment, mopping his brow and watching the white hairline in its continuous swing around the face of the scope. As the line swept to the top of the screen, he saw the blip outline of a jet boat and recognized it as one belonging to the _Polaris_. Then, slowly, the line swept down and Roger suddenly saw the blip outline of a second craft. With the experienced eye of a radar veteran, Roger was",100
OnTheTrailOfTheSpacePirates_partition_bb,OnTheTrailOfTheSpacePirates,sci-fi,36210,"boat,"" thought Tom, ""at least they won't be able to pick me up on that!"" Without a glance at the locker where Brooks continued to pound and yell, Tom turned to the hatch leading to the passageway. He gripped the paralo-ray gun and opened the hatch. Peering into the passageway and finding it deserted, he slipped out and closed the hatch behind him. From below, he could hear the roar of the crew as the last of them received his share of the stolen credits. Tom raced down the companionway toward the jet-boat deck. He made the first deck safely",100
OnTheTrailOfTheSpacePirates_partition_bc,OnTheTrailOfTheSpacePirates,sci-fi,9705,"""I just can't figure out what those guys are up to,"" said Roger, blowing on his hot chocolate. ""We've watched those guys for over a week now and no one has even come near them with anything that could be smuggled."" ""Could be a small package,"" suggested Astro, his mouth full of ham sandwich. ""Somebody could take a ride and slip it to them."" ""Hardly,"" said Tom. ""Remember, that ship blasts off like she's loaded to the nose with cargo. And then she comes back like a feather. You can tell by the sound of her jets. So it wouldn't",100
OnTheTrailOfTheSpacePirates_partition_bd,OnTheTrailOfTheSpacePirates,sci-fi,28166,"the attack. When the guardsman finally replied, there was a sharp edge to his voice. ""I thought _everyone_ knew we were attacked, _sir_!"" He turned back to a detail of men who were watching. But Strong pulled the man up sharply. ""Attention!"" he barked. The sergeant and the crew came to stiff attention. Strong stepped forward and looked the guardsman straight in the eye. ""Under any other circumstances, Sergeant,"" snapped Strong, ""I'd have your stripes and throw you in the brig for your insolence! Now I want a clear account of what happened. And I want it blasted _quick_!"" ""Yes,",100
OnTheTrailOfTheSpacePirates_partition_be,OnTheTrailOfTheSpacePirates,sci-fi,8352,"the girls ahead. ""Well, here I go!"" He got up and lurched down the aisle running between the seats. ""Hey there!"" roared Simms, who had suddenly appeared at the power-deck hatch. ""Keep your seat!"" ""Who, me?"" asked Roger. ""Not your Aunt Tilly, wise guy! Sit down and shut up!"" ""Listen,"" said Roger, ""you don't seem to realize--"" ""I realize you're going to sit down or else!"" snarled Simms. Roger retreated to his seat and sat down. ""Ah, go blast your jets,"" he grumbled as Simms continued up the aisle to the control deck. Tom and Astro doubled over with laughter.",100
OnTheTrailOfTheSpacePirates_partition_bf,OnTheTrailOfTheSpacePirates,sci-fi,2741,"I'll eat my hat."" ""Don't see how you could,"" drawled Roger, ""after the way you put away Mrs. Corbett's pies!"" Tom laughed. ""I'll tell you one thing, Roger,"" he said, pointing to the ship, ""I feel like that baby is as much my home as Mom's and Dad's house back in New Chicago."" ""All right, all right,"" said Roger. ""Since we're all getting sloppy, I have to admit that I'm glad to see that old thrust bucket too!"" Presently the three cadets were scrambling into the mighty spaceship, and they went right to work, preparing for blast-off. Quickly, with sure",100
OnTheTrailOfTheSpacePirates_partition_bg,OnTheTrailOfTheSpacePirates,sci-fi,20202,"them to Roger and Astro. He turned back to Strong. ""These young rocketheads think they're so blasted tough,"" he sneered, ""and then drink kids' soda pop."" Strong looked at Roger and Astro. ""That fellow on the right,"" indicating Astro's size, ""looks like he could be a little more than a child, if he got mad."" The barman snorted and leaned over the bar. ""What about that thousand credits?"" he asked. ""What about it?"" countered Strong. ""That's a lot of money just for information,"" said the barman. ""It's my money,"" replied Strong coolly, ""and my business!"" ""What kind of information you",100
OnTheTrailOfTheSpacePirates_partition_bh,OnTheTrailOfTheSpacePirates,sci-fi,23897,"ruthless men in the universe."" ""Attention! Freighter _Dog Star_! Attention!"" the audioceiver rasped into life again. ""You have been given temporary clearance. A space launch will ferry you to the asteroid. You are warned that any weapons discovered on your person, or acts that may be construed as providing aid and comfort to the inmates of this prison, will be considered treason against the Solar Alliance and you will be subject to immediate disciplinary action."" Tom and Roger glanced at each other, a worried look in their eyes. Strong just smiled. ""Don't worry, boys. That little speech is read to",100
OnTheTrailOfTheSpacePirates_partition_bi,OnTheTrailOfTheSpacePirates,sci-fi,52174,"us, sir,"" said the big cadet. ""How did you get here!"" Strong told them of having picked up the beacon signal. ""That was quick thinking, boys,"" he said. ""It was the end of Coxine. If we hadn't stopped him now--"" Strong shook his head. ""But how did you get aboard the _Avenger_, sir?"" asked Tom. ""This was the only ship that wasn't a Solar Guard fleet vessel, so it was easy to spot. We captured the _Polaris_ right off the bat, and after we searched it, figured you three were either dead, or aboard this one. I gave the order",100
OnTheTrailOfTheSpacePirates_partition_bj,OnTheTrailOfTheSpacePirates,sci-fi,2614,"Corps. So see that you conduct yourselves accordingly. All right, dismissed!"" The three cadets saluted sharply and filed out of the room, their skipper's final words ringing in their ears. Fifteen minutes later, having packed the necessary gear for the extended trip, the _Polaris_ unit rode the slidewalk through the grassy quadrangle and the cluster of Academy buildings, out toward the spaceport. In the distance they could see the rocket cruiser _Polaris_, poised on the launching ramp, her long silhouette outlined sharply against the blue sky. Resting on her four stabilizer fins, her nose pointed toward the stars, the ship",100
OnTheTrailOfTheSpacePirates_partition_bk,OnTheTrailOfTheSpacePirates,sci-fi,23449,"into the microphone, ""and make it quick or we'll all be blasted into protons!"" Tom and the captain gripped their chairs tightly as the ship bucked against the deceleration force of the powerful braking rockets. Gradually the freighter _Dog Star_ slowed and came to a dead stop in space. ""Hey!"" yelled Astro over the intercom from the power deck. ""What's going on up there?"" ""We've just entered the outer circle of defense on the prison asteroid, Astro,"" replied Strong. ""We have to stop so they can sweep us with their radar and identify the ship."" ""But I sent them a",100
OnTheTrailOfTheSpacePirates_partition_bl,OnTheTrailOfTheSpacePirates,sci-fi,13767,"crouched over him and began a quick examination. ""How is he, sir?"" asked Tom, hovering anxiously over the still form of his friend. ""Will he be all right?"" Strong didn't answer for a moment, continuing his hurried, though careful check. Then he sat back on his heels and sighed in relief. ""A few bruises but no broken bones, thank the universe. He's just suffering from shock. A day or so in sick bay and he'll be good as new."" ""I'll take him over there right away, Steve,"" offered Hawks. ""Thanks, Mike,"" replied Strong. Then as he and the commissioner lifted",100
OnTheTrailOfTheSpacePirates_partition_bm,OnTheTrailOfTheSpacePirates,sci-fi,44699,"of the small ship. When he was certain that it was heading for him, he grabbed the audioceiver microphone and began calling hurriedly. ""Attention all ships! This is Captain Strong. Spaceship approaching me, starboard quarter, one-one-five degrees. Estimated speed--"" Strong paused and watched the moving blip. ""Speed unknown. All ships close in immediately!"" On the scanner, Strong could see the flashes of blips as the squadrons roared out of concealment and closed in on the approaching rocket scout. Over the audioceiver he could hear the squadron commanders snapping orders to their ships as the small ship still headed, unheedingly, for",100
OnTheTrailOfTheSpacePirates_partition_bn,OnTheTrailOfTheSpacePirates,sci-fi,16353,"of the area. No sign of Wallace and Simms."" Strong sighed deeply and replied, ""All right, Maitland. Thank you. You may return to base. End transmission."" ""End transmission!"" signaled Maitland, and the crackling static died out in the quiet room. Walters stepped forward and placed his hand on Strong's shoulder. ""Don't let it get you down, Steve,"" he said. ""I saw the zone search you set up for those two. No one could have done more."" ""Maybe not, sir,"" said Strong, getting up, ""but we didn't catch them."" ""Not yet,"" frowned the commander grimly, ""but we will! Well, there's nothing",100
OnTheTrailOfTheSpacePirates_partition_bo,OnTheTrailOfTheSpacePirates,sci-fi,43708,"of the spaceship was twenty million credits, the pay roll for the miners of Titan. Once in space, the rocket ship was put on course and held there by automatic pilot. The three cadets gathered in the messroom and sipped hot tea, staring moodily into their cups. Unable to break audio silence, lest they should betray their position, their first chance of hearing any news lay far ahead of them at Titan. They could only hope that the decoy trap would succeed and that their skipper and friend would return safely. The only comment was Astro's grim prediction. ""If anything",100
OnTheTrailOfTheSpacePirates_partition_bp,OnTheTrailOfTheSpacePirates,sci-fi,6736,"the ship, Tom saw the two men disappear into their craft, throwing dirty looks back at the three cadets as they went. ""You know, Roger, I think you made a very bad mistake,"" he said. ""One way or another, they'll try to even the score with you."" ""And it won't be just a report to Captain Strong,"" added Astro darkly. Roger, cocky and unafraid, broke out his engaging grin again and shrugged his shoulders. CHAPTER 3 ""... And so we dedicate this capsule to the civilizations of the future. Those who may dig this cylinder out of the ground in",100
OnTheTrailOfTheSpacePirates_partition_bq,OnTheTrailOfTheSpacePirates,sci-fi,23178,"carrying a coil of wire with a double plug to attach to the spacephones inside their helmets. He jammed the plug into Simms' helmet and then into his own. Simms' eyes lit up with surprise as he heard.... ""...This is a general emergency announcement from Solar Guard headquarters. Squadrons A and B of the Marsopolis garrison will proceed to space quadrants W, sections forty-one to fifty. It is believed that Gus Wallace and Luther Simms are in that vicinity. Approach with caution, they are armed with atomic blasters and are believed to be psychologically unable to surrender. It is believed",100
OnTheTrailOfTheSpacePirates_partition_br,OnTheTrailOfTheSpacePirates,sci-fi,51125,"cruiser bearing down on them. The white blip on the scanner came closer and closer to the heart of the scanner. Just in time Coxine saw it and shouted for a course change. But even as the _Avenger_ swung up and away from the attacking ship, the cadets saw the flash of flame from the cruiser's turrets and a moment later felt the bone-rattling shudder of a near miss. The control deck suddenly filled with smoke. A flash fire broke out in the control panel and the circuits sparked and flared. Tom was thrown across the room and Roger landed",100
OnTheTrailOfTheSpacePirates_partition_bs,OnTheTrailOfTheSpacePirates,sci-fi,36692,"him, instead of sending out the other jet boats. Tom almost laughed out loud. With the radar jammed, he was safe. He would make it. Once inside the asteroids, they would never find him. Glancing around the few indicators on the control board of the small vessel, Tom's smile changed to a grimace of sudden terror. The jet boat had not been refueled after their raid on the jet liner. There was less than three days' oxygen remaining in the tanks. In three days the jet boat would become an airless shell. A vacuum no different than the cold silent",100
OnTheTrailOfTheSpacePirates_partition_bt,OnTheTrailOfTheSpacePirates,sci-fi,26632,"installations and had wiped them out. The first target, after the tower had been shattered, was the underground launching ramps for the asteroid's small fleet of rocket destroyers. But even after a direct hit, the guards were able to ready two ships to fight the attacking spaceship. The first was already diving in, her small one-inch blasters firing repeatedly. Suddenly, Lieutenant Williams, in command of the second ship, came racing up to Major Savage, to report that his radarman had been hit and the ship couldn't blast off. ""Here's where I get into the act!"" Roger jumped up immediately, and",100
OnTheTrailOfTheSpacePirates_partition_bu,OnTheTrailOfTheSpacePirates,sci-fi,40675,"sir,"" said Roger. He turned to the astrogation prism and made careful observations of Regulus, the fixed star always used in astrogation. He jotted several numbers down on a piece of paper, rechecked them against a table of relative values and handed the papers to Strong. The captain immediately opened the teleceiver and relayed the information to other ships of the squadron. After the _Polaris_ had made the course change, the ships followed, taking positions all around the lead vessel. Like fingers of a giant hand, the Solar Guard squadrons converged on the reported position of the disabled _Avenger_. From",100
OnTheTrailOfTheSpacePirates_partition_bv,OnTheTrailOfTheSpacePirates,sci-fi,49117,"soon as we found out we were losing air."" The blond-haired cadet shook his head and Tom noticed that both Roger and Astro were weak from their ordeal in the chamber. At the control panel, Coxine was bawling orders to his crew. ""Jet boats one, two, three, four, and five! Stand by to blast off!"" The three cadets looked at each other helplessly. ""Russell, check in,"" continued the burly spaceman. ""Russell here!"" replied a voice on the intercom. ""You're in charge of the party. I want you to do one thing, and one thing only! Take the largest ships on",100
OnTheTrailOfTheSpacePirates_partition_bw,OnTheTrailOfTheSpacePirates,sci-fi,10128,"strange mystery in the sky above them. Hawks' attention was drawn to the giant solar beacon, a huge light that flashed straight out into space, changing color every second and sending out the message: ""Quis separabit homo""--Who shall separate mankind? This beacon that at the beginning of the exposition had reached into the black void of space like a clean bright ray was now cloudy and murky--the result of the puzzling ""dirty sky."" ""All right, Mike,"" Strong announced suddenly. ""Let's go."" ""Get anything more out of those reports?"" asked Hawks, turning back to his desk. ""No,"" replied the Solar Guard",100
OnTheTrailOfTheSpacePirates_partition_bx,OnTheTrailOfTheSpacePirates,sci-fi,15514,"emergency crew."" Hawks returned the salute and Lieutenant Silvers continued. ""Captain Strong, Cadet Corbett, and Captain Allison are at the bottom of the shaft, sir. The cage will be up in a moment and you may go down if you care to."" ""Thank you, Lieutenant,"" said Hawks. ""Congratulations, Cadet Manning,"" said Silvers. ""I understand you had a close call in the shaft."" ""I did, sir,"" said Roger. ""It was _very_ close."" A light suddenly flashed on and the four spacemen turned to watch a large wire cage rise out of the shaft. It was built in three sections, each seven",100
OnTheTrailOfTheSpacePirates_partition_by,OnTheTrailOfTheSpacePirates,sci-fi,10649,"the intercom. ""Just received a report from the University of Venus, sir!"" said the young officer. ""There's been no volcanic activity on Venus in the last ten years serious enough to create such a cloud."" Strong waited for the professor's reaction, but the elderly man was already entering the air lock. Before Strong and Hawks could catch up to him, the air-lock hatch slammed closed. ""Hey,"" exclaimed Strong, ""what does he think he's doing?"" ""Don't worry about it, Steve,"" replied Hawks. ""He probably forgot we were out here with him, he's so concerned about this dirt. We'll just have to",100
OnTheTrailOfTheSpacePirates_partition_bz,OnTheTrailOfTheSpacePirates,sci-fi,52421,"captured Coxine. I guess that finishes the space pirates!"" ""Yes, sir,"" said Tom quietly. ""And this sure teaches me a lesson."" ""What's that?"" said Strong. ""Never to think that being a Space Cadet is a matter of learning something from a story spool. Being a Space Cadet is like being--"" He stopped. ""Like nothing in the universe!"" * * * * * THE TOM CORBETT SPACE CADET STORIES By Carey Rockwell STAND BY FOR MARS! DANGER IN DEEP SPACE ON THE TRAIL OF THE SPACE PIRATES THE SPACE PIONEERS THE REVOLT ON VENUS TREACHERY IN OUTER SPACE SABOTAGE IN SPACE",100
OnTheTrailOfTheSpacePirates_partition_ca,OnTheTrailOfTheSpacePirates,sci-fi,11603,"its brilliant colors changing every second, maintained a solemn solitary watch over the exhibition buildings, while here and there groups of fair visitors wandered wearily back to their hotels. There was a sudden flurry of activity at the space-ride concession. Gus Wallace and Luther Simms tumbled out of the shack and raced into their ship. Once inside the ancient craft, they secured the hatch and turned toward each other smiling broadly. Wallace stuck out his hand. ""Put 'er there, Simms. We did it!"" The two men shook hands heartily. ""By the craters of Luna,"" said Simms, ""I thought we'd never",100
OnTheTrailOfTheSpacePirates_partition_cb,OnTheTrailOfTheSpacePirates,sci-fi,27020,"Savage!"" he called as he raced across the field. But the major was nowhere to be seen. A guard carrying a medical kit hurried past him and Tom grabbed him by the arm. ""Major Savage! Where is he?"" The guard pointed to a near-by stretcher and Tom saw the unconscious figure of the major sprawled on the plastic frame. ""But--but the prisoners are getting away!"" yelled Tom. ""I can't do anything about it. I've got wounded men to care for!"" The man jerked away and disappeared in the smoky, choking dust. The curly-haired space cadet, his face blackened from the",100
OnTheTrailOfTheSpacePirates_partition_cc,OnTheTrailOfTheSpacePirates,sci-fi,1624,"white platform of the Academy station drifted past the viewport and all forward motion stopped. The doors opened and the three boys hurried to the exit. All around the cadets, men and women in the vari-colored uniforms of the Solar Guard hurried through the station. The green of the Earthworm cadets, first-year students of the Cadet Corps; the brilliant rich blue of the senior cadets like the _Polaris_ unit; the scarlet red of the enlisted Solar Guard; and here and there, the black and gold of the officers of the Solar Guard. The three cadets hurried to the nearest slidewalk,",100
OnTheTrailOfTheSpacePirates_partition_cd,OnTheTrailOfTheSpacePirates,sci-fi,11754,"Wallace laughed. ""Not only that, but think of what the boss will say when we show up with it!"" ""You know, Wallace,"" said Simms, a sly look on his face, ""we could take it and use it ourselves--"" ""Don't even think a thing like that!"" snapped Wallace. ""Oh, of course not,"" said Simms hurriedly. ""It doesn't pay to cross the boss. There's enough here for all of us."" ""You know,"" mused Wallace, ""there's only one thing I regret."" ""What's that?"" asked his partner. ""That I didn't get a chance to kick the space dust out of that punk, Cadet Manning!""",100
OnTheTrailOfTheSpacePirates_partition_ce,OnTheTrailOfTheSpacePirates,sci-fi,48271,"trail. ""Attention! Attention! Identify yourselves immediately!"" The voice from the Ganymede traffic-control tower came over the audioceiver again. Coxine's face twisted into a half-smile. ""Well, Corbett, do I get the signal or don't I?"" ""Tell them you're a Solar Guard armed freighter."" Tom's voice was low. ""You're assigned to operation 'Vista.'"" ""Vista?"" said Coxine excitedly. ""Is that the code word? Vista?"" ""Yes,"" said Tom. ""Now open the valve!"" Coxine gave the valve a number of turns in the opposite direction and jumped to the teleceiver. He flipped the key open and called Wallace aboard the _Polaris_. ""When they ask you",100
OnTheTrailOfTheSpacePirates_partition_cf,OnTheTrailOfTheSpacePirates,sci-fi,21770,"""But how did he pull the holdup on Ganymede, then?"" asked Roger. ""Coxine escaped from the prison asteroid in a jet boat, disguised as a guard,"" continued Shinny. ""Only man ever to escape. He drifted around in the belt for a while and was picked up by a freighter going to Ganymede. The freighter had been out rocket-hopping among the asteroids, collecting the prospectors' small supplies of uranium and taking the stuff back to Ganymede for refining. Wallace happened to be dead-heading on the freighter. When they got to Ganymede, and Coxine saw all the money lying around at the",100
OnTheTrailOfTheSpacePirates_partition_cg,OnTheTrailOfTheSpacePirates,sci-fi,51274,"explanation. He was deserting his fleet and trying to escape. And then, over the noise and confusion, Tom could hear the sound of struggling bodies and Coxine muttering an oath between his teeth. ""I'll break you in two, you blasted space rat!"" There were more sounds of struggle, and Tom and Roger heard Astro's voice replying grimly: ""Do it and then talk about it, big shot!"" Slowly the smoke cleared from the control deck and Tom and Roger strained their eyes to see through the thick cloud. There, in front of them, stood Astro, torn strands of rope dangling from",100
OnTheTrailOfTheSpacePirates_partition_ch,OnTheTrailOfTheSpacePirates,sci-fi,26982,"too far away on the small planetoid. He followed it with his eyes and saw it suddenly land near a cluster of white prisoner huts. Tom gasped as the reason for the attack became clear. ""Major! Major! Major Savage!"" he called as he raced across the field. But the major was nowhere to be seen. A guard carrying a medical kit hurried past him and Tom grabbed him by the arm. ""Major Savage! Where is he?"" The guard pointed to a near-by stretcher and Tom saw the unconscious figure of the major sprawled on the plastic frame. ""But--but the prisoners",100
OnTheTrailOfTheSpacePirates_partition_ci,OnTheTrailOfTheSpacePirates,sci-fi,43903,"""So long, Gus."" He smiled. ""This is one time the Solar Guard gets it right where it hurts!"" ""Yeah,"" agreed Wallace. ""See you later. Take it easy on that asteroid and don't get in trouble with the girls!"" The two men laughed and Simms turned to climb into the waiting rocket scout. The sleek ship had been stripped down until it was hardly more than a power deck and control panel. She was now capable of more than twice her original speed. As the little spaceman disappeared into the air lock, Coxine turned to Wallace. ""We'll give him an hour's",100
OnTheTrailOfTheSpacePirates_partition_cj,OnTheTrailOfTheSpacePirates,sci-fi,48172,"word as an _Earthman_ that nothing will happen to them?"" he asked quietly. Coxine laughed. ""Sure. I'll give you my word. I'll even bring them up here so they can see the show and then let you go afterward. But by the time I'm finished with the Ganymede colony the Solar Guard will have your hides for handing out their secrets."" Tom knew what the pirate said was true. He was taking a gamble now. A gamble that by this time his signal on the _Polaris_ had been picked up and a fleet of ships would be on their trail.",100
OnTheTrailOfTheSpacePirates_partition_ck,OnTheTrailOfTheSpacePirates,sci-fi,16263,"at Space Academy. Come in, Strong!"" High in the Tower of Galileo overlooking Space Academy, the Solar Guard officer, his face showing the strain of the last three-weeks' futile search for Wallace and Simms, flipped on the teleceiver and replied, ""Strong here. Go ahead, Maitland."" Tom, Astro, Roger, and Commander Walters stood behind Strong and waited tensely for the last report to come in. Maintland's voice crackled through millions of miles of space. ""We've searched space quadrants A through D, sections twenty-one through one hundred thirty-eight. Constant six-way radar sweep of the area. No sign of Wallace and Simms."" Strong",100
OnTheTrailOfTheSpacePirates_partition_cl,OnTheTrailOfTheSpacePirates,sci-fi,17485,"in. Say you know them, that you're old friends, and hint that you have something that they need very badly. Just keep talking and pulling for information. Got that?"" Again the three cadets nodded silently. ""Wear your paralo-ray guns at all times and keep your belt communicators hidden beneath your jackets,"" Strong warned. ""If one team gets into a tight spot, call the other right away. But don't call unless it's absolutely necessary!"" Strong paused and glanced at the tele-scanner. ""We're getting close to Luna City. We'll touch down at the municipal spaceport and go through the regular routine of",100
OnTheTrailOfTheSpacePirates_partition_cm,OnTheTrailOfTheSpacePirates,sci-fi,10433,"up surface activity."" Claude stuck his head out of the hatch and reported the ship ready for blast-off. Strong followed the professor and Hawks aboard and strapped himself into an acceleration chair. In a moment they were blasting through the misty atmosphere of Venus into the depths of space. Fifteen minutes later, Hawks and Strong were standing on the hull of the ship in space suits, watching the professor take a sample of a dirty black cloud, so thick it was impossible to see more than three feet. Strong called to the professor through the spacephone. ""What do you make",100
OnTheTrailOfTheSpacePirates_partition_cn,OnTheTrailOfTheSpacePirates,sci-fi,51601,"""We've got to distract him!"" Tom began to bellow, and immediately was echoed by Roger. They shouted and screamed. They kicked their feet on the deck and tore against their bonds. Astro's hands no longer fought the powerful fingers taking his life. There was no strength in the cadet's hands now, but in the split second that Coxine turned to look at Tom and Roger, he gave a mighty heave with the last of his great strength and tore free of the pirate's grasp. The Venusian jumped up and ran to the farthest corner of the control deck, gasping for",100
OnTheTrailOfTheSpacePirates_partition_co,OnTheTrailOfTheSpacePirates,sci-fi,45958,"the ship apart to find it, _if_ they even hear the signal!"" ""Attention! Attention! This is Coxine--"" The pirate's voice bawled over the audioceiver again. ""You are under my guns. Stand by to receive a boarding party. If you make any attempt to escape, you will be blasted!"" Tom grabbed the microphone to the audioceiver and replied, ""Orders understood, but you'll have to wait until we can build up air pressure in the air lock."" ""Very well,"" said Coxine. ""We'll give you fifteen minutes."" Tom thought desperately. ""You'll have to wait at least a half hour. We broke a valve",100
OnTheTrailOfTheSpacePirates_partition_cp,OnTheTrailOfTheSpacePirates,sci-fi,7084,"that again. I was never so scared in my life!"" ""Just making a speech?"" asked Roger. ""After all the lectures you've given at Space Academy?"" ""They weren't before teleceiver and stereo cameras."" Strong laughed. ""Do you realize this ceremony is being seen on Mars, Earth, and all the colonized moons, clear out to Titan."" ""Wow!"" breathed Astro. ""That would make me tongue-tied!"" ""Huh! All that to stick a metal box into the ground,"" snorted Roger. ""It's not the capsule, Roger,"" said Tom. ""It's what's inside the capsule."" ""Right, Tom,"" said Strong. ""Inside that capsule scientists have packed the whole history",100
OnTheTrailOfTheSpacePirates_partition_cq,OnTheTrailOfTheSpacePirates,sci-fi,25070,"I want to know,"" said Tom, ""is where are the prisoners? I haven't seen one yet."" ""And you're not likely to, either, Cadet Corbett!"" said a gruff voice above them. They turned to see a heavy-set man wearing the uniform of a major in the Solar Guard, standing on the floor above them. The slidestairs carried them to his level and Captain Strong hopped off and extended his hand in greeting. ""Major Savage!"" he explained. ""Good to see you again!"" ""Same here,"" said Savage, returning Strong's firm handclasp. He turned and faced the cadets. ""So this is the _Polaris_ unit,",100
OnTheTrailOfTheSpacePirates_partition_cr,OnTheTrailOfTheSpacePirates,sci-fi,2537,"Check the _Polaris_ over and stand by to raise ship in an hour."" ""Yes, sir,"" said Tom. The cadets came to attention, preparing to leave. ""One thing more! Don't get the idea that this is going to be a space lark,"" said Strong. ""It's very important for the people of the Solar Alliance to know what kind of work we're doing here at the Academy. And you three have been selected as representatives of the entire Cadet Corps. So see that you conduct yourselves accordingly. All right, dismissed!"" The three cadets saluted sharply and filed out of the room, their",100
OnTheTrailOfTheSpacePirates_partition_cs,OnTheTrailOfTheSpacePirates,sci-fi,30847,"the ship and, if possible, get a paralo-ray gun. As the men continued their drunken singing and yelling he mumbled an excuse about soaking his fist in cold water and managed to escape from the crowded compartment. Outside in the passageway, the cadet began to figure out the plan of the ship, first locating the power deck by its roaring purr. He climbed a ladder to the next deck, walked slowly down the passageway toward what he thought to be the control room, and leaned against the hatch. He heard the soft tinkle of a radar signal and his heart",100
OnTheTrailOfTheSpacePirates_partition_ct,OnTheTrailOfTheSpacePirates,sci-fi,14577,"around the rope through his jacket, Tom slipped down the deep shaft. He kept his eyes averted from the black hole beneath him, looking instead at the sides of the shaft. Once, when he thought he had gone about seven hundred feet, he saw that he was passing through a stratum of thick clay and could see the preserved bones of long-dead mammals, protruding from the side of the shaft. Finally Tom's feet touched solid ground and he released the rope. It was cold in the bottom of the shaft and he hastily put his jacket back on. ""Captain Strong?""",100
OnTheTrailOfTheSpacePirates_partition_cu,OnTheTrailOfTheSpacePirates,sci-fi,13079,"Astro, left the shack and hurried to the _Polaris_. On the power deck, Tom and Astro made the necessary connections on the generator, and in a few minutes, as power surged through the ship, Strong flipped on the teleceiver. ""Attention! Attention! This is Captain Strong on the _Polaris_ calling Commander Walters at Space Academy! Earth emergency circuit, priority B--"" In a few moments the Solar Guard officer's call had been picked up by a monitor station on Earth and relayed directly to Space Academy. Commander Walters was roused out of bed, and when he appeared on the teleceiver screen, Strong",100
OnTheTrailOfTheSpacePirates_partition_cv,OnTheTrailOfTheSpacePirates,sci-fi,30166,"signal the Solar Guard before he was caught. But how to get around the hairy, drunken criminal now standing over him? Tom looked up and saw that the man would not be put off. He would have to fight. He took notice of the powerful arms and shoulders, and decided his best bet would be to stay away, but glancing around quickly he saw there wasn't any room to retreat. The other prisoners were crowding around, eager to watch the fight. Suddenly his opponent let out an animal-like roar and jumped to pin him down on the deck. The young",100
OnTheTrailOfTheSpacePirates_partition_cw,OnTheTrailOfTheSpacePirates,sci-fi,22915,"minute and I'll go with you."" The two men began climbing into space suits. In a few minutes they were dressed in black plastic suits with small round clear plastic helmets. They stepped into the air lock on one side of the room and closed a heavy door. Wallace adjusted the valve in the chamber and watched the needle drop until it showed zero. ""O.K.,"" said Wallace over his helmet spacephones. ""All the air's out. Open the outer lock."" Simms cranked the heavy handle, and the door in the opposite wall of the chamber slowly swung open. They stepped out",100
OnTheTrailOfTheSpacePirates_partition_cx,OnTheTrailOfTheSpacePirates,sci-fi,20000,"pleasure, spacemen?"" asked the bartender in a gruff voice. Strong hesitated a moment and decided to play all his cards at one turn. ""We'll have a thousand credits worth of information."" The barman's eyes narrowed into black slits. ""What kind of information would bring that kind of a price?"" he asked. ""Information about a man,"" said Strong. ""What man?"" asked the barman. He dropped his hand out of sight behind the bar. Tom's eye caught the move and he wished the customs men hadn't taken away their paralo-ray guns. Just at that moment he heard Roger's unmistakable laugh and turned",100
OnTheTrailOfTheSpacePirates_partition_cy,OnTheTrailOfTheSpacePirates,sci-fi,52123,"pirate. ""What happened to him?"" Roger smiled and nodded toward Astro. ""Coxine told Astro he reminded him of an ox he saw at a zoo once on Venus. Astro got mad--"" Roger shrugged his shoulders. ""Poor Coxine, he didn't have a chance!"" Astro blushed and looked up at Strong. ""Never mind us, sir,"" said the big cadet. ""How did you get here!"" Strong told them of having picked up the beacon signal. ""That was quick thinking, boys,"" he said. ""It was the end of Coxine. If we hadn't stopped him now--"" Strong shook his head. ""But how did you get",100
OnTheTrailOfTheSpacePirates_partition_cz,OnTheTrailOfTheSpacePirates,sci-fi,14915,"Astro. The blond-haired cadet sat up in bed, dangled his feet over the side, and rubbed his neck. He groaned as he moved. ""I don't think I'm going to dance much this month, if that answers your question. I feel like every bone in my body was broken!"" ""They very nearly were, Cadet Manning,"" said the medical officer, standing near by. ""What happened, Manning?"" asked Commissioner Hawks. ""I really don't know, sir,"" replied Roger. ""I was moving the junk out of the corner of the shack so I could examine it. I was piling it up in the middle of",100
OnTheTrailOfTheSpacePirates_partition_da,OnTheTrailOfTheSpacePirates,sci-fi,14609,"when he thought he had gone about seven hundred feet, he saw that he was passing through a stratum of thick clay and could see the preserved bones of long-dead mammals, protruding from the side of the shaft. Finally Tom's feet touched solid ground and he released the rope. It was cold in the bottom of the shaft and he hastily put his jacket back on. ""Captain Strong?"" he called. There was no answer. Tom flashed the light around and saw a low, narrow tunnel leading off to his left. He walked slowly, and the newly dug sides of the",100
OnTheTrailOfTheSpacePirates_partition_db,OnTheTrailOfTheSpacePirates,sci-fi,1550,"of the tunnel and into brilliant early-morning sun again. The three cadets turned quickly, their eyes sweeping the valley for the first sight of the shining Tower of Galileo. ""There it is,"" said Tom, pointing toward a towering crystal building reflecting the morning light. ""We'll be there in a minute."" Even as Tom spoke, the speed of the monorail slackened as it eased past a few gleaming structures of aluminum and concrete. Presently the white platform of the Academy station drifted past the viewport and all forward motion stopped. The doors opened and the three boys hurried to the exit.",100
OnTheTrailOfTheSpacePirates_partition_dc,OnTheTrailOfTheSpacePirates,sci-fi,43255,"skipper?"" Coxine looked at the man with a half-smile playing on his lips. ""This operation will have two parts, Joe. The first--well--"" his smiled broadened--""the Titan pay-roll ship just blasted off from Space Academy. For the last ten years, the Titan pay-roll ship has been blasting off from Atom City. Now why do you think it would suddenly leave from Space Academy, the home of the Solar Guard?"" The crowd of men murmured their bewilderment. ""I'll tell you why!"" bawled Coxine. ""Either they have that ship so packed with blasters it would take a fleet to stop it, or it's",100
OnTheTrailOfTheSpacePirates_partition_dd,OnTheTrailOfTheSpacePirates,sci-fi,12656,"the flights they made, bills for chemical fuel delivered, and the like,"" said Hawks at last. ""They were losing money on the operation, too. Think they might have just gotten fed up and pulled out?"" Strong was rummaging around in one corner of the shack. ""I'd go along with that, but for one thing, Mike,"" he said. ""Take a look at this."" He held up a small cloth bag. ""There's dirt in the bottom of this bag. And there are about fifty more bags in that corner."" ""Dirt!"" exclaimed the commissioner. ""Yep,"" said Strong grimly. ""So we found out who",100
OnTheTrailOfTheSpacePirates_partition_de,OnTheTrailOfTheSpacePirates,sci-fi,26113,"tried to hold up a Credit Exchange on Ganymede with a man called Gus Wallace. He had a hide-out in the asteroid belt. I'd like to know where it is,"" said Strong. ""Why?"" ""I can't answer that, Bull."" ""What do I get if I tell you?"" ""Nothing, except my thanks and the thanks of the Solar Guard."" ""And if I don't?"" ""I'll turn around and leave."" ""Then start turning, Strong,"" snarled the giant prisoner, ""because I ain't got nothing to tell you except how much I hate your guts!"" Astro moved forward slightly, but Strong held him back. ""O.K., Bull.",100
OnTheTrailOfTheSpacePirates_partition_df,OnTheTrailOfTheSpacePirates,sci-fi,21512,"is."" Shinny grew reflective and knocked the ashes out of his pipe before he answered. ""That was a long time ago, Captain. More'n ten years. And Gus Wallace was a real square spaceman then. He didn't turn bad until after we split up and he met that other feller."" ""What other fellow?"" asked Strong. Skinny paused. There was a hard glint in his eyes. ""Bull Coxine!"" He spat the name out as though it had left a bad taste in his mouth. ""Coxine!"" exclaimed Strong. ""You heard me,"" snorted Shinny. ""Bull Coxine and Gus Wallace got together after me and",100
OnTheTrailOfTheSpacePirates_partition_dg,OnTheTrailOfTheSpacePirates,sci-fi,18258,"room. For three days, Roger, Astro, Tom, and Strong had wandered through the bars, restaurants, and cheap hotels of Spaceman's Row in Luna City searching for information that would lead them to Wallace and Simms. Each night they returned to the freighter to exchange, sift, and analyze the bits of information gathered, but for three nights they had come up with a total of nothing. Finally, Strong had decided that this would be the last night they would spend in Luna City. It was after making this decision that he and Tom spotted the scar-faced man sitting alone in one",100
OnTheTrailOfTheSpacePirates_partition_dh,OnTheTrailOfTheSpacePirates,sci-fi,4549,"long as I'm commissioner."" He turned to the cadets. ""Sit down, boys. You too, Steve. I'll be with you in a minute."" He turned back to his desk and the waiting men. The cadets, at a nod from Strong, sat down on a leather couch that stretched the length of one wall and listened while Hawks completed his business with the two men. ""There you are,"" said Hawks, applying the seal of his office to a slip of paper. ""That gives you the right to operate a concession in the amusement area as long as the fair is open."" One",100
OnTheTrailOfTheSpacePirates_partition_di,OnTheTrailOfTheSpacePirates,sci-fi,50680,"that tries to run for it will be blasted by me! Man your guns, I said! This is our big chance! Wipe out the Solar Guard now and the Solar Alliance is ours for the asking! Fight, men! Fight!"" Tom, Roger, and Astro looked at each other, mouths open, not knowing whether they should laugh or not at the dramatic speech of the huge spaceman. But whatever the private feelings of the criminals, Coxine had roused them to fever pitch and the boys could hear them racing through the _Avenger_, preparing to fight the squadrons of Solar Guard ships bearing",100
OnTheTrailOfTheSpacePirates_partition_dj,OnTheTrailOfTheSpacePirates,sci-fi,18292,"Simms. Each night they returned to the freighter to exchange, sift, and analyze the bits of information gathered, but for three nights they had come up with a total of nothing. Finally, Strong had decided that this would be the last night they would spend in Luna City. It was after making this decision that he and Tom spotted the scar-faced man sitting alone in one corner. [Illustration: _The scar-faced man obviously wanted something from Tom_] Strong saw Tom stop at the table, say a few words, then sit down and order drinks. Tom and the scar-faced man continued their",100
OnTheTrailOfTheSpacePirates_partition_dk,OnTheTrailOfTheSpacePirates,sci-fi,23012,"They stepped out into the airless black void of space and onto the surface of an asteroid, drifting in the thickest part of the belt. Surrounding the asteroid were countless smaller secondary satellites circling the mother body like a wide curving blanket. The mother body was perfectly hidden from outside observation. It made a perfect base of operations for the two space pirates. The freighter that they had used at the concession at the Solar Exposition and later to make their escape was a far different ship from the one now resting on the asteroid. Two powerful three-inch atomic blasters",100
OnTheTrailOfTheSpacePirates_partition_dl,OnTheTrailOfTheSpacePirates,sci-fi,42040,"""That's the risk I've got to take, Tom,"" said Strong. ""It took a lot of talking to get Commander Walters' permission to try this. But we've got to force Coxine to come out far enough from the asteroid belt to catch him before he can run back in and lose himself again."" The young captain smiled wanly and added, ""Don't think that your job is unimportant!"" Tom, Roger, and Astro nodded. On their return from the unsuccessful attempt to capture Coxine, they had been suddenly faced with the routine duty of transporting a twenty-million-credit pay roll from Atom City to",100
OnTheTrailOfTheSpacePirates_partition_dm,OnTheTrailOfTheSpacePirates,sci-fi,33384,"a second pistol while the gunnery officer's back was turned. After hurriedly hiding the stolen gun, he slipped stealthily topside to the radar bridge. Reaching the hatch, he was about to open it, when he heard footsteps. He turned and saw a man walking toward him. It was Simms! ""Where in the blasted universe is the jet-boat deck?"" snarled Tom. He dropped his rifle on the deck and bent over to pick it up, hiding his face. ""You're on the wrong deck,"" said Simms. ""Two decks below. Get moving!"" The pirate lieutenant hardly gave the cadet a glance as he",100
OnTheTrailOfTheSpacePirates_partition_dn,OnTheTrailOfTheSpacePirates,sci-fi,26193,"tell you except how much I hate your guts!"" Astro moved forward slightly, but Strong held him back. ""O.K., Bull. If that's the way you want it, I'll leave."" ""Why don't you let the young punk try something?"" challenged Coxine. ""I ain't had any exercise in a long time."" Strong looked at the huge man and said coldly, ""I wouldn't want the death of a piece of space scum to show on his record."" Then, as if the space and sky overhead had suddenly been torn open, there was a flash of light followed by the roar of a tremendous",100
OnTheTrailOfTheSpacePirates_partition_do,OnTheTrailOfTheSpacePirates,sci-fi,44532,"something move on the scanner and gripped the sides of the instrument tightly as a blip appeared, disappeared, and then reappeared. Finally Strong was able to distinguish what it was and he turned away in disgust. It had been a maverick asteroid, one which, because of its positive gravity, never became a captive of other bodies in space. It wandered aimlessly through the belt, a danger spacemen feared more than any other, since it could not be depended upon to remain in one position. Unable to break audio silence and communicate with the hidden Solar Guard fleet around him, lest",100
OnTheTrailOfTheSpacePirates_partition_dp,OnTheTrailOfTheSpacePirates,sci-fi,35141,"the major terminals. Studying the complicated tangle of connections, he wished that he had as much knowledge of radar as Roger. He finally found the wires he wanted and separated them from the other connections. He began replacing them, altering the terminals. After checking his work, to make sure it would not short-circuit, he grabbed the intercom and began taking it apart. Sweat beaded his forehead. Time was short. Soon Coxine would miss him and come looking for him. He had to complete his job before that happened. After moments that seemed like hours he was ready. Using one of",100
OnTheTrailOfTheSpacePirates_partition_dq,OnTheTrailOfTheSpacePirates,sci-fi,21702,"man explained, ""he was on a routine flight out to Titan and there was a mutiny. Coxine was the ringleader. The captain joined up with Coxine after they had put his skipper in the brig. When he had Coxine's confidence, he regained control of the ship and sent Coxine and the others to a prison asteroid. Coxine has hated the captain ever since and swore to get him."" ""But how did he pull the holdup on Ganymede, then?"" asked Roger. ""Coxine escaped from the prison asteroid in a jet boat, disguised as a guard,"" continued Shinny. ""Only man ever to",100
OnTheTrailOfTheSpacePirates_partition_dr,OnTheTrailOfTheSpacePirates,sci-fi,1808,"the broad marble stair. At the huge main portal, Tom stopped and looked back over the Academy grounds. All around him lay the evidence of mankind's progress. It was the year 2353, when Earthman had long since colonized the inner planets, Mars and Venus, and the three large satellites, Moon of Earth, Ganymede of Jupiter, and Titan of Saturn. It was the age of space travel; of the Solar Alliance, a unified society of billions of people who lived in peace with one another, though sprawled throughout the universe; and the Solar Guard, the might of the Solar Alliance and",100
OnTheTrailOfTheSpacePirates_partition_ds,OnTheTrailOfTheSpacePirates,sci-fi,7559,"the fair site they heard a harsh voice appealing to a small crowd around the stand in front of Wallace and Simms' spaceship. A huge sign spelled out the attraction: RIDE IN SPACE--ONE CREDIT. Luther Simms, a bamboo cane in one hand, a roll of tickets in another, was hawking his attraction to the bystanders. ""Step right up, ladies and gentlemen! Step right up! It's a thrill of a lifetime, the greatest sensation of the entire exposition. Ride a rocket ship, and all this for one credit! A lone, single credit, ladies and gents, will buy you a pathway to",100
OnTheTrailOfTheSpacePirates_partition_dt,OnTheTrailOfTheSpacePirates,sci-fi,17118,"called the traffic-control tower for blast-off clearance. ""Take it easy on the first hop,"" said Strong. ""There's no hurry and I want to be sure we get this crate off in one piece."" Smiling confidently at the control-deck cadet, he turned away to his quarters. He was aware of the effect that being left alone had on the cadets. He had learned early in his associations with Tom, Roger, and Astro that they bore responsibility well, and a challenge to do a good job would assure him the job would be done efficiently. ""Stand by to raise ship!"" Tom's voice",100
OnTheTrailOfTheSpacePirates_partition_du,OnTheTrailOfTheSpacePirates,sci-fi,11702,"never make it! And if we did, that it wouldn't be there!"" ""But it was, Simms! It was! And now we've got it!"" ""Yeah,"" agreed the other. ""I never worked so hard in all my life. But it's worth it. Are we going to set the Solar Guard back on its ear!"" Wallace laughed. ""Not only that, but think of what the boss will say when we show up with it!"" ""You know, Wallace,"" said Simms, a sly look on his face, ""we could take it and use it ourselves--"" ""Don't even think a thing like that!"" snapped Wallace. ""Oh,",100
OnTheTrailOfTheSpacePirates_partition_dv,OnTheTrailOfTheSpacePirates,sci-fi,38049,"He knew it wouldn't be long now. And he knew what he had to do. He took a last long look at the two giant stars, and then closed his eyes. Tom no longer tried to control his breathing, but took deep satisfying lungfuls of oxygen and in a few moments slipped into a sound sleep. The jet boat roared on, carrying its sleeping occupant in an endless spiral around the nameless asteroid. Not too many miles away, alone on the radar bridge of the giant rocket cruiser, Roger Manning, sweat popping out on his forehead, was trying the radar",100
OnTheTrailOfTheSpacePirates_partition_dw,OnTheTrailOfTheSpacePirates,sci-fi,17397,"your first names. Is that clear?"" The cadets nodded. ""All right,"" continued Strong. ""Now, when we arrive in a city, Tom and I will go to one section, while you two go to another. Visit the toughest-looking places you can find. Talk, talk to anyone that wants to talk. Buy people drinks. Let it slip that you're not exactly on the right side of the space code. Then, if you feel you have a sympathetic listener, mention Wallace and Simms. Say you have heard of the trouble they're in. Say you know them, that you're old friends, and hint that",100
OnTheTrailOfTheSpacePirates_partition_dx,OnTheTrailOfTheSpacePirates,sci-fi,2507,"all their questions, Astro. Also, make up a little speech about the functions of your particular station."" Strong looked at his watch and rose to his feet. ""It's getting late. Check the _Polaris_ over and stand by to raise ship in an hour."" ""Yes, sir,"" said Tom. The cadets came to attention, preparing to leave. ""One thing more! Don't get the idea that this is going to be a space lark,"" said Strong. ""It's very important for the people of the Solar Alliance to know what kind of work we're doing here at the Academy. And you three have been",100
OnTheTrailOfTheSpacePirates_partition_dy,OnTheTrailOfTheSpacePirates,sci-fi,7104,"you've given at Space Academy?"" ""They weren't before teleceiver and stereo cameras."" Strong laughed. ""Do you realize this ceremony is being seen on Mars, Earth, and all the colonized moons, clear out to Titan."" ""Wow!"" breathed Astro. ""That would make me tongue-tied!"" ""Huh! All that to stick a metal box into the ground,"" snorted Roger. ""It's not the capsule, Roger,"" said Tom. ""It's what's inside the capsule."" ""Right, Tom,"" said Strong. ""Inside that capsule scientists have packed the whole history of man's march through the stars. They've included scientific formulas, medical, cultural, and industrial facts. Everything we know. Even some",100
OnTheTrailOfTheSpacePirates_partition_dz,OnTheTrailOfTheSpacePirates,sci-fi,39096,"the _Avenger_. Get me teleceiver contact with Space Academy as soon as possible. I've got to send a report to Commander Walters."" ""Right, sir."" ""You've done a good job, Manning. Your work here on the radar bridge did as much toward saving Tom's life as anything."" ""Thank you, sir. After what Tom did on the _Avenger_, though, I don't feel like I've done very much. It took real courage to go aboard that ship with Coxine."" Strong smiled wearily. ""Well, the boy is safe now and we have a good idea what part of the belt Coxine is operating in.",100
OnTheTrailOfTheSpacePirates_partition_ea,OnTheTrailOfTheSpacePirates,sci-fi,28479,"or your prison, Williams,"" replied Strong. ""I'll accept the command as a formality but appoint you my chief aid. Carry on and do anything necessary to get things cleared away."" ""Very well, sir,"" said Williams. ""Have communications been destroyed?"" ""Yes, sir. Communications was located in the tower, but Cadet Manning has converted the equipment on ship for long-range audio transmission."" ""Very good!"" said Strong. ""As soon as you get a chance, I want you to make out a full report on the attack, including your personal opinion of who attacked us and why."" ""I don't know who manned that ship,",100
OnTheTrailOfTheSpacePirates_partition_eb,OnTheTrailOfTheSpacePirates,sci-fi,22654,"up, than not try it and take that licking. I know which side of the space lane I'd better be on when the time comes!"" Simms hesitated and then sighed, ""Yeah, I guess you're right."" ""Come on. Let's listen to that story spool again."" ""Oh, no,"" moaned Simms. ""I know that spool by heart! We've heard it at least fifty times!"" ""One slip-up,"" said Wallace, sticking his finger in Simms' face, ""just one slip-up and we're finished! We've got to be sure!"" With a reluctant shrug of his shoulders, Simms poured another cup of coffee and sat on the side",100
OnTheTrailOfTheSpacePirates_partition_ec,OnTheTrailOfTheSpacePirates,sci-fi,47745,"of a Space Cadet easily. Tom was resigned to his fate. He was ready to accept anything if it would serve the purpose of ridding the solar system of Bull Coxine. ""Tie him to that chair,"" snarled the giant pirate captain. ""And make sure he's secure, or you'll go swimming in space with him!"" Tom was shoved roughly into the copilot's chair in front of the control board and tied down with a thick rope. He winced as the heavy line dug into his arms. After inspecting the job, Coxine dismissed Brooks and the men with a curt nod and",100
OnTheTrailOfTheSpacePirates_partition_ed,OnTheTrailOfTheSpacePirates,sci-fi,51539,"were helpless, as Astro's strength slipped from his body. Tom turned to Roger desperately. ""We've got to do something!"" ""What? I can't get loose!"" The blond-haired cadet struggled against the ropes until the blood ran down his wrists, but it was a hopeless effort. ""Yell!"" said Tom desperately. ""Yell! Make a noise! Holler like you've never hollered before!"" ""Yell?"" asked Roger stupidly. ""We've got to distract him!"" Tom began to bellow, and immediately was echoed by Roger. They shouted and screamed. They kicked their feet on the deck and tore against their bonds. Astro's hands no longer fought the powerful",100
OnTheTrailOfTheSpacePirates_partition_ee,OnTheTrailOfTheSpacePirates,sci-fi,20557,"about Wallace, he'll know."" Tom's heart almost stopped. Nicholas Shinny was a retired spaceman who had taken part in his last adventure to Alpha Centauri, and was a good friend of Strong's and the _Polaris_ unit. Shinny had always operated on the edge of the space code. Nothing illegal, but as Shinny himself put it, 'just bending the code a little, not breaking it.' Tom spoke up. ""That's only worth a hundred credits,"" he said. ""Whaddya mean!"" snapped the barman. ""How would Nick Shinny know Gus Wallace?"" asked Strong. ""They prospected the asteroids together years ago."" Strong dropped a hundred-credit",100
OnTheTrailOfTheSpacePirates_partition_ef,OnTheTrailOfTheSpacePirates,sci-fi,28599,"Strong. ""I thought that would be the answer. But how did that ship get through your defenses?"" ""Captain Strong,"" said Williams grimly, ""I don't think there is any question about it. Someone broke the asteroid code. The attacking ship identified itself as the regular supply ship."" ""A Solar Guardsman?"" asked Strong. ""No, sir,"" said Williams. ""I'd bet anything that none of our men would do that!"" ""Then who?"" asked Strong. ""Only one man would be smart enough to get the code and break it, and then sneak it off to the attacking ship!"" ""Who?"" asked Strong. ""Bull Coxine!"" answered the",100
OnTheTrailOfTheSpacePirates_partition_eg,OnTheTrailOfTheSpacePirates,sci-fi,39728,"did while he was confined to a prison asteroid might have bigger ideas now that he's free. Ideas about himself and the whole Solar Alliance!"" During the weeks following, the activity of Bull Coxine and his pirate crew justified Captain Strong's fears. Repeatedly, ships were attacked on the fringe of the asteroid belt and stripped of armor, food supplies, and valuables. With the secret of the light-key, the vaults of the ships were opened as easily as though there had been no lock at all. The totals had reached staggering amounts and the daring of the _Avenger_ was more pronounced,",100
OnTheTrailOfTheSpacePirates_partition_eh,OnTheTrailOfTheSpacePirates,sci-fi,33516,"chance had slipped past, Tom was thankful to learn that the communications equipment was thoroughly familiar. ""Space Kid! Report to the jet-boat deck on the double!"" Coxine's voice rumbled through the empty passageway. Tom dashed down the nearest ladder and hurried to the jet-boat deck where the pirate captain waited impatiently. ""I was checking the range and setting up to blast the liner in case they try anything funny,"" explained Tom. ""I don't trust anyone on that range finder but me!"" Coxine chuckled. ""Good work, Kid. I like a man that thinks ahead. Maybe I made the wrong man gunnery",100
OnTheTrailOfTheSpacePirates_partition_ei,OnTheTrailOfTheSpacePirates,sci-fi,7578,"Wallace and Simms' spaceship. A huge sign spelled out the attraction: RIDE IN SPACE--ONE CREDIT. Luther Simms, a bamboo cane in one hand, a roll of tickets in another, was hawking his attraction to the bystanders. ""Step right up, ladies and gentlemen! Step right up! It's a thrill of a lifetime, the greatest sensation of the entire exposition. Ride a rocket ship, and all this for one credit! A lone, single credit, ladies and gents, will buy you a pathway to the stars! Step right up--"" In laughing groups, the crowd around the stand began to purchase tickets and climb",100
OnTheTrailOfTheSpacePirates_partition_ej,OnTheTrailOfTheSpacePirates,sci-fi,25244,"suite of comfortably furnished rooms. Five minutes later, the cadets and the officers were enjoying their first hot meal in a week. As they ate, Major Savage brought up the purpose of their visit. ""So you've come to talk to Bull Coxine, eh?"" ""Yes,"" nodded Strong. ""And I don't imagine he has developed any affection for me."" ""No, I wouldn't say he has,"" replied Savage. ""In fact, I don't think Bull has any affection for anyone, not even himself. Why do you want to see him, anyway?"" Strong quickly summarized the theft of the adjustable light-key and the unsuccessful search",100
OnTheTrailOfTheSpacePirates_partition_ek,OnTheTrailOfTheSpacePirates,sci-fi,37787,"a sharp eye out."" ""Aye, aye, sir,"" replied Astro. He could not keep the worry out of his voice, and Strong, many miles away, nodded in silent agreement with Astro's feelings. * * * * * The _Avenger_ had long since disappeared and Tom was left alone in space in the tiny jet boat. To conserve his oxygen supply, the curly-haired cadet had set the controls of his boat on a steady orbit around one of the larger asteroids and lay down quietly on the deck. One of the first lessons he had learned at Space Academy was, during an",100
OnTheTrailOfTheSpacePirates_partition_el,OnTheTrailOfTheSpacePirates,sci-fi,12457,"shout from Strong and the three boys hurried to the shack. The Solar Guard captain and the exposition commissioner were standing inside and playing the beam of an electric torch around the walls. ""Looks as though you were right about the atomic drive, Astro,"" said Strong. He flashed the light into one corner where a tangled jumble of lines lay on the floor. ""That's feed-line gear for a chemical burner, and over there""--he played the light on some empty cartons--""is what's left of the crate's lead baffling it shipped in. They must have changed over to atomic drive recently."" Astro",100
OnTheTrailOfTheSpacePirates_partition_em,OnTheTrailOfTheSpacePirates,sci-fi,16693,"Wallace and Simms. It might make finding them a little easier."" Strong looked at the cadets and then back at the commander. ""It might just work, at that, sir,"" he said at last. ""Work your way around to Venusport,"" said Walters. ""Let it be known that you four are--well, willing to do just about anything for a credit."" Strong and the cadets smiled. ""All right, sir,"" said the young captain. ""We'll start right away."" ""No!"" replied the commander firmly. ""You'll start in the morning. Right now, I'm ordering you to hit the sack and get some rest. You're not going",100
OnTheTrailOfTheSpacePirates_partition_en,OnTheTrailOfTheSpacePirates,sci-fi,2908,"turning a screw there, seeing that the reactant feeders were clean and clear to the rocket firing chambers. And last of all he made sure the great rocket firing chambers were secure and the heavy sheets of lead baffling in place to protect him from deadly radioactivity. On the radar bridge in the nose of the ship, Roger removed the delicate astrogation prism from its housing and cleaned it with a soft cloth. Replacing it carefully, he turned to the radar scanner, checking the intricate wiring system and making sure that the range finders were in good working order. He",100
OnTheTrailOfTheSpacePirates_partition_eo,OnTheTrailOfTheSpacePirates,sci-fi,46450,"contrived beacon. Tom quickly placed it between the two hulls and sealed the hole in the inner hull. A fourth explosion rocked the ship and the three cadets knew that by now the air lock had been blasted away. They put on their space helmets and climbed the ladder to the upper deck. Coxine met them near the air lock, two paralo-ray guns clutched in his gloved hands. Behind him, his crew swarmed in and fanned out all over the ship. But the space pirate stood on the control deck, glaring at Tom. ""Whaddya know! The Space Kid himself!"" ""That's",100
OnTheTrailOfTheSpacePirates_partition_ep,OnTheTrailOfTheSpacePirates,sci-fi,28577,"that ship, sir,"" said Williams, ""but I can tell the reason all right. Every prisoner on the asteroid has escaped!"" ""Yes,"" mused Strong. ""I thought that would be the answer. But how did that ship get through your defenses?"" ""Captain Strong,"" said Williams grimly, ""I don't think there is any question about it. Someone broke the asteroid code. The attacking ship identified itself as the regular supply ship."" ""A Solar Guardsman?"" asked Strong. ""No, sir,"" said Williams. ""I'd bet anything that none of our men would do that!"" ""Then who?"" asked Strong. ""Only one man would be smart enough to",100
OnTheTrailOfTheSpacePirates_partition_eq,OnTheTrailOfTheSpacePirates,sci-fi,110,"perfectly All Solar Guard defense measures seemed to be futile Astro and Coxine were locked in mortal combat ON THE TRAIL OF THE SPACE PIRATES CHAPTER 1 ""ALL ABOARD!"" A metallic voice rasped over the loud-speakers and echoed through the lofty marble and aluminum concourse of the New Chicago Monorail Terminal. ""Atom City express on Track Seven! Space Academy first stop! Passengers for Space Academy will please take seats in the first six cars!"" As the crowd of people waiting in the concourse surged through the gate leading to Track Seven, three boys in the royal-blue uniforms of the Space",100
OnTheTrailOfTheSpacePirates_partition_er,OnTheTrailOfTheSpacePirates,sci-fi,34073,"think there's much left of the old one!"" ""Then it was you! You're responsible for the attack on the asteroid!"" Coxine just smiled and turned to Tom and Shelly. ""Watch these crawlers closely, now. I'm going to open the vault."" Tom stared at the ship's officers, hoping to catch the eye of one of them, but they were all watching Coxine. The pirate captain pulled a thin rod about two feet long, with a switch on one end, from his jacket. He walked to the solid titanium door of the vault and inserted the rod into a small hole, pressing",100
OnTheTrailOfTheSpacePirates_partition_es,OnTheTrailOfTheSpacePirates,sci-fi,35287,"emergency ... attention ... Corbett ... Space Cadet ... aboard ... Coxine ... pirate ... ship ... space quadrant ... B ... section ... twenty ... three ..."" Over and over he repeated the desperate message, hoping against hope that someone would be scanning space and the interference would show up on their radar. "" ... emergency ... attention ... Corbett ... Space Cadet--"" * * * * * ""Captain Strong!"" Roger's voice came shrieking over the ship's intercom. ""Captain! Quick! I'm picking up a message from Tom!"" ""What?"" cried the Solar Guard officer. ""Nail it! I'm coming up!"" Scrambling",100
OnTheTrailOfTheSpacePirates_partition_et,OnTheTrailOfTheSpacePirates,sci-fi,45013,"jet boats and begin salvage operations. All remaining ships will return to Solar Guard base, Space Academy. End transmission!"" Strong hurried to the air lock, hastily put on a space suit, and in a few moments was blasting in a jet boat toward the remains of the attacking scout. Immediately the communications of the departing fleet were filled with talk of their victory over the pirate band. Strong alone felt uneasy about their success. For Coxine to attack in a light rocket scout, which Strong felt sure had been stripped down to gain more speed, did not follow the pattern",100
OnTheTrailOfTheSpacePirates_partition_eu,OnTheTrailOfTheSpacePirates,sci-fi,47148,"big ox and blondie, get in there!"" One of the crewmen opened the air-lock portal while the other two jabbed Astro and Roger with ray guns. The two cadets stumbled into the chamber and the door was slammed behind them. ""Lock it!"" snarled Brooks. When the men had secured the portal, Brooks turned and pushed Tom roughly along the passageway. A moment later they reached the control deck where Bull Coxine was hunched over his charts. ""Here he is, Captain,"" said Brooks. ""The other two are sealed up in the air lock like sardines!"" Coxine nodded and faced Tom, a",100
OnTheTrailOfTheSpacePirates_partition_ev,OnTheTrailOfTheSpacePirates,sci-fi,48624,"the scanner image of Ganymede to the control deck. As the rocket ship surged ahead under the added thrust, Tom strained against his ropes to watch the scanner and saw the clear image of the colony. He could make out the outline of the uranium plant, the atmosphere booster stations and small buildings clustered around the spaceport. As they drew closer to the tiny colony, Coxine grabbed the intercom and the teleceiver microphones and barked crisp orders to both the Avengers and the _Polaris_' power decks. ""Full braking rockets!"" roared Coxine. Tom braced himself against the sudden reverse pressure of",100
OnTheTrailOfTheSpacePirates_partition_ew,OnTheTrailOfTheSpacePirates,sci-fi,48302,"or don't I?"" ""Tell them you're a Solar Guard armed freighter."" Tom's voice was low. ""You're assigned to operation 'Vista.'"" ""Vista?"" said Coxine excitedly. ""Is that the code word? Vista?"" ""Yes,"" said Tom. ""Now open the valve!"" Coxine gave the valve a number of turns in the opposite direction and jumped to the teleceiver. He flipped the key open and called Wallace aboard the _Polaris_. ""When they ask you for identification, tell them you're working on operation Vista. That's the key word. Vista!"" ""Right!"" answered Wallace. Coxine then turned to the audioceiver and spoke in confident, assured tones. ""Attention, Ganymede",100
OnTheTrailOfTheSpacePirates_partition_ex,OnTheTrailOfTheSpacePirates,sci-fi,43950,"into the waiting rocket scout. The sleek ship had been stripped down until it was hardly more than a power deck and control panel. She was now capable of more than twice her original speed. As the little spaceman disappeared into the air lock, Coxine turned to Wallace. ""We'll give him an hour's head start and then blast off after him. And remember, the first man that breaks audio silence will get blasted!"" All eyes were on the tiny rocket scout as its jets, roaring into life, lifted free of the pirate planetoid. When the speedy little ship had disappeared",100
OnTheTrailOfTheSpacePirates_partition_ey,OnTheTrailOfTheSpacePirates,sci-fi,12912,"violation of the space code, section twenty-one, paragraph A. That is punishable by a suspension of space papers, and if the intention proved to be willful neglect of the code, a year on a penal asteroid. I think we can get them on that."" The captain stepped to the door and called the cadets. ""Find anything?"" he asked, when they entered the shack. ""Nothing, sir,"" replied Tom. ""Except more evidence that they changed over to atomic drive."" ""That's enough"" said Strong. ""I'm going to send a report to Commander Walters. Is the teleceiver on the _Polaris_ hooked up, Roger?"" ""Yes,",100
OnTheTrailOfTheSpacePirates_partition_ez,OnTheTrailOfTheSpacePirates,sci-fi,23869,"here?"" asked Tom. ""Any time. But when they get this far, they usually stay here. The men on Prison Rock didn't surrender easily. They are the toughest, most ruthless men in the universe."" ""Attention! Freighter _Dog Star_! Attention!"" the audioceiver rasped into life again. ""You have been given temporary clearance. A space launch will ferry you to the asteroid. You are warned that any weapons discovered on your person, or acts that may be construed as providing aid and comfort to the inmates of this prison, will be considered treason against the Solar Alliance and you will be subject to",100
OnTheTrailOfTheSpacePirates_partition_fa,OnTheTrailOfTheSpacePirates,sci-fi,28265,"""Yes, sir!"" stammered the guardsman, realizing he had gone too far. He hurriedly gave a detailed description of the battle, ending with a report that Major Savage had been injured and that Lieutenant Williams was now in command of the prison. ""Where will I find Lieutenant Williams?"" asked Strong. ""At the rocket destroyer, sir. It just landed."" ""Very well, Sergeant!"" said Strong, adding in a gentler tone, ""I realize you've had a rough time of it, so we'll forget what just happened. Get back to your work."" As Astro followed the Solar Guard captain toward the rocket ship he saw",100
OnTheTrailOfTheSpacePirates_partition_fb,OnTheTrailOfTheSpacePirates,sci-fi,4585,"nod from Strong, sat down on a leather couch that stretched the length of one wall and listened while Hawks completed his business with the two men. ""There you are,"" said Hawks, applying the seal of his office to a slip of paper. ""That gives you the right to operate a concession in the amusement area as long as the fair is open."" One of the men took the paper and glanced at it quickly. ""Wait a minute, Commissioner. This is over near the edge of the area,"" he complained. ""We wanted to get in the middle. How do you",100
OnTheTrailOfTheSpacePirates_partition_fc,OnTheTrailOfTheSpacePirates,sci-fi,43531,"be so surprising that the Solar Guard would be absolutely helpless. Bull Coxine smiled and turned to study the charts of the asteroid belt. * * * * * Alone aboard the armored decoy ship, Captain Strong blasted steadily on his course through the asteroid belt. The young Solar Guard officer was aware that at any moment after reaching the celestial jungle of small planetoids he could be fired on without warning. And though the Solar Guard patrol ships, well hidden in the belt, would blast Coxine out of existence, it would still be too late for him. Grim-faced, his",100
OnTheTrailOfTheSpacePirates_partition_fd,OnTheTrailOfTheSpacePirates,sci-fi,21639,"up on Ganymede when the Credit Exchange was held up."" Strong's face had turned the color of chalk. ""Coxine!"" he repeated under his breath. Noticing Strong's reaction to Shinny's statement, Tom asked, ""Who is Coxine, Captain Strong?"" Strong was silent and Shinny turned to the cadets. ""When your skipper here was a young feller just starting out in the Solar Guard,"" the old man explained, ""he was on a routine flight out to Titan and there was a mutiny. Coxine was the ringleader. The captain joined up with Coxine after they had put his skipper in the brig. When he",100
OnTheTrailOfTheSpacePirates_partition_fe,OnTheTrailOfTheSpacePirates,sci-fi,40839,"and make the security of the asteroid belt before they could reach him, it would be almost impossible to track him through that tortuous maze of space junk. Squadron Ten was the first to sight the enemy spaceship, though it was too far away to attack. The commander reported his finding to Strong immediately. ""We still have quite a way to go before we reach him, Strong. But if our luck holds out, we might be able to pin him down in a wide circle."" Strong studied the chart and marked the position of the _Avenger_ just reported. He compared",100
OnTheTrailOfTheSpacePirates_partition_ff,OnTheTrailOfTheSpacePirates,sci-fi,20572,"had taken part in his last adventure to Alpha Centauri, and was a good friend of Strong's and the _Polaris_ unit. Shinny had always operated on the edge of the space code. Nothing illegal, but as Shinny himself put it, 'just bending the code a little, not breaking it.' Tom spoke up. ""That's only worth a hundred credits,"" he said. ""Whaddya mean!"" snapped the barman. ""How would Nick Shinny know Gus Wallace?"" asked Strong. ""They prospected the asteroids together years ago."" Strong dropped a hundred-credit note on the bar and turned away without another word. Tom followed, and as they",100
OnTheTrailOfTheSpacePirates_partition_fg,OnTheTrailOfTheSpacePirates,sci-fi,8167,"made sure all the passengers were strapped into their acceleration chairs and finally went below to the power deck. Wallace disappeared into the control room and seconds later his voice was heard over the ship's intercom gruffly announcing the blast-off. The lights in the cabin dimmed, the air was filled with a low whining hiss, and for an instant the old ship bucked and groaned. Suddenly, with a loud explosive roar, she blasted into the sky and began a sluggish arching climb into space. ""All right, fellas,"" said Roger, after the force of acceleration eased off, ""let's try a little",100
OnTheTrailOfTheSpacePirates_partition_fh,OnTheTrailOfTheSpacePirates,sci-fi,47169,"and Roger with ray guns. The two cadets stumbled into the chamber and the door was slammed behind them. ""Lock it!"" snarled Brooks. When the men had secured the portal, Brooks turned and pushed Tom roughly along the passageway. A moment later they reached the control deck where Bull Coxine was hunched over his charts. ""Here he is, Captain,"" said Brooks. ""The other two are sealed up in the air lock like sardines!"" Coxine nodded and faced Tom, a thin smile on his face. ""I told you I would get the recognition signal, Corbett,"" he said. ""And I will!"" Coxine",100
OnTheTrailOfTheSpacePirates_partition_fi,OnTheTrailOfTheSpacePirates,sci-fi,19681,"Solar Guard transport en route to Titan and emptied her armory. They took a couple of three-inch atomic blasters and a dozen paralo-ray guns and rifles. Opened the energy lock with their adjustable light-key as easily as if it had been a paper bag. It looks as though they're setting themselves up for a long siege."" ""Do you have any idea where they might be hiding, sir?"" ""Somewhere in the asteroid belt, I believe,"" replied the commander. ""They headed for the belt after they held up the transport."" ""Well, we'll do what we can from our end, sir,"" said Strong.",100
OnTheTrailOfTheSpacePirates_partition_fj,OnTheTrailOfTheSpacePirates,sci-fi,33234,"vessel. ""Well?"" roared Coxine. ""Are you going to fire or not?"" ""Coming right up, skipper!"" shouted Tom. ""Watch this!"" Steeling himself, lest he should hit the ill-fated ship, he fired. For a brief moment he felt sick and then heard the roar of the pirate captain from the control deck. ""By the rings of Saturn,"" roared Coxine, ""that was the best shot I've ever seen! Well done, Kid! All right, boarding crews! Man your boats and stand by to blast off!"" While Coxine vocally lashed the members of the murderous crew into action, Tom tried to figure out some way",100
OnTheTrailOfTheSpacePirates_partition_fk,OnTheTrailOfTheSpacePirates,sci-fi,20269,"credits?"" he asked. ""What about it?"" countered Strong. ""That's a lot of money just for information,"" said the barman. ""It's my money,"" replied Strong coolly, ""and my business!"" ""What kind of information you interested in,"" asked the bartender. ""I told you, information about a man,"" said Strong. ""Gus Wallace. Happen to know him?"" Strong pulled a roll of crisp credit notes out of his jacket pocket. The barman looked at them greedily. ""Maybe. What'cha want with him?"" he asked. ""He knifed a friend of ours in here two years ago."" ""Yeah?"" drawled the barman. ""Who?"" ""Pete,"" answered Strong, suddenly realizing",100
OnTheTrailOfTheSpacePirates_partition_fl,OnTheTrailOfTheSpacePirates,sci-fi,43705,"the storage compartment of the spaceship was twenty million credits, the pay roll for the miners of Titan. Once in space, the rocket ship was put on course and held there by automatic pilot. The three cadets gathered in the messroom and sipped hot tea, staring moodily into their cups. Unable to break audio silence, lest they should betray their position, their first chance of hearing any news lay far ahead of them at Titan. They could only hope that the decoy trap would succeed and that their skipper and friend would return safely. The only comment was Astro's grim",100
OnTheTrailOfTheSpacePirates_partition_fm,OnTheTrailOfTheSpacePirates,sci-fi,26764,"Tom saw the first destroyer diving toward the attacking spaceship, trying to get in range with her lighter armament. Suddenly there was a burst of brilliant light. The lighter ship had been completely destroyed by a direct hit. Sick with horror, Tom looked away and watched the ship Roger had joined blast off under full acceleration. It roared spaceward in a straight line, disappearing at incredible speed. Meanwhile, the invader continued to blast relentlessly. One--two--three--four--automatic reload--one--two--three--four, reload. Over and over, firing at seemingly peaceful fields of grass, only to strike an armory, space cradle, or supply depot buried underneath the",100
OnTheTrailOfTheSpacePirates_partition_fn,OnTheTrailOfTheSpacePirates,sci-fi,21376,"held back long enough. Let's have it."" Strong immediately told the old spaceman the entire story, from Wallace and Simms' false concession at the exposition to the present. ""You see, Nick,"" he concluded, ""with an adjustable light-key enabling them to open any lock in the solar system, nothing is safe. Personally, I think it's only because they haven't a larger or faster ship and aren't better armed that they haven't tried more daring piracy. They'll reach that point soon, though. They've already robbed four ships for arms alone."" ""I'll do anything I can to help you, Captain,"" said Shinny. ""What",100
OnTheTrailOfTheSpacePirates_partition_fo,OnTheTrailOfTheSpacePirates,sci-fi,26371,"the small planetoid and began systematically pounding the surface installations with atomic blasters. ""Captain Strong,"" cried Astro. ""Tom and Roger--they were in the tower!"" ""Come on,"" yelled Strong, ""we've got to get back!"" ""You ain't going nowhere, Strong,"" snarled Coxine behind him. ""I've been waiting a long time for this!"" He suddenly struck the Solar Guard officer with a heavy rock and Strong slumped to the ground unconscious. Before Astro could move, Coxine smashed him to the ground with a blow on the back of the neck. They both lay deathly still. Then, as the atomic bombardment of the penal",100
OnTheTrailOfTheSpacePirates_partition_fp,OnTheTrailOfTheSpacePirates,sci-fi,45692,"before those crawlers will be aboard. How long will it take you to make a signal beacon that'll send out a constant automatic SOS?"" ""A what?"" asked Roger. ""Beacon. One that will transmit on the Solar Guard special frequency and be small enough to hide here on the _Polaris_."" ""Why hide it on the _Polaris_?"" asked Astro. ""Why not try to get it on their ship?"" His tone was almost apologetic now that he realized Tom was not planning a cowardly surrender. ""It's a cinch they'll take the _Polaris_ over,"" explained Tom. ""She's fast and she's got six-inch blasters."" ""I",100
OnTheTrailOfTheSpacePirates_partition_fq,OnTheTrailOfTheSpacePirates,sci-fi,19376,"when I accused him of being tied up with the Solar Guard it threw him completely off stride."" ""Well? Where do we go from here?"" asked Tom. ""Back to the ship,"" replied Strong. ""And as soon as Astro and Roger show up, we blast off for Marsopolis. Our next target is a joint called the Spacelanes!"" * * * * * Against a backdrop of shimmering stars that studded the velvet black emptiness of space, the freighter _Dog Star_ rocketed toward the red planet of Mars carrying the four spacemen on the next step of their search. Relaxing from the",100
OnTheTrailOfTheSpacePirates_partition_fr,OnTheTrailOfTheSpacePirates,sci-fi,36333,"of the ladder. ""Hey, Kid!"" Attardi shouted. ""The skipper's been looking for ya. You got the biggest cut. Three thousand credits for that fancy shooting you did!"" Tom noticed the gleam of the knife at the man's side. The young cadet could imagine the criminal sinking the knife in his back without hesitation, if he suspected anything. ""Well,"" demanded Attardi, ""are you going to collect or not? The skipper sent me to look for you."" Tom smiled, and while still smiling, whipped the paralo-ray gun into sight and fired. His aim was true. Attardi froze, every nerve in his body",100
OnTheTrailOfTheSpacePirates_partition_fs,OnTheTrailOfTheSpacePirates,sci-fi,8341,"to make speed."" ""Oh, sure,"" drawled Roger, relaxing again and watching the girls ahead. ""Well, here I go!"" He got up and lurched down the aisle running between the seats. ""Hey there!"" roared Simms, who had suddenly appeared at the power-deck hatch. ""Keep your seat!"" ""Who, me?"" asked Roger. ""Not your Aunt Tilly, wise guy! Sit down and shut up!"" ""Listen,"" said Roger, ""you don't seem to realize--"" ""I realize you're going to sit down or else!"" snarled Simms. Roger retreated to his seat and sat down. ""Ah, go blast your jets,"" he grumbled as Simms continued up the aisle",100
OnTheTrailOfTheSpacePirates_partition_ft,OnTheTrailOfTheSpacePirates,sci-fi,12572,"to boast. Now that the secret of the ship had been resolved, he turned, like the others, to the question of why? ""I think the best thing we can do,"" said Strong, ""is to spread out and search the whole area. Might find something to indicate where they went."" Commissioner Hawks nodded his head in agreement. While Tom, Roger, and Astro searched outside, Strong and Hawks went through the drawers of the dusty desk standing in one corner. ""Nothing here but a record of the flights they made, bills for chemical fuel delivered, and the like,"" said Hawks at last.",100
OnTheTrailOfTheSpacePirates_partition_fu,OnTheTrailOfTheSpacePirates,sci-fi,27554,"without being told, he felt he was looking into the face of Bull Coxine. And when the other prisoner spoke, he was certain. ""Yeah, Bull,"" said the man. ""Comin', comin'!"" He reached up and Bull grabbed his outstretched hand. When Bull pulled, the man literally leaped through the air into the air lock. ""All right, space crawler,"" roared Bull to Tom, ""you're next!"" The big man stuck out his hand. Tom gulped. For one desperate second he thought of turning and running away. ""Well?"" growled Bull. ""You coming or ain't cha?"" ""You're blasted right I'm coming,"" said Tom. ""This is",100
OnTheTrailOfTheSpacePirates_partition_fv,OnTheTrailOfTheSpacePirates,sci-fi,43576,"belt. The young Solar Guard officer was aware that at any moment after reaching the celestial jungle of small planetoids he could be fired on without warning. And though the Solar Guard patrol ships, well hidden in the belt, would blast Coxine out of existence, it would still be too late for him. Grim-faced, his hands gripping the controls, he rocketed through space, determined to put an end, once and for all, to the marauding pirate and old enemy, Bull Coxine. * * * * * When night fell over the Academy spaceport, Tom, Roger, and Astro climbed silently into",100
OnTheTrailOfTheSpacePirates_partition_fw,OnTheTrailOfTheSpacePirates,sci-fi,24847,"Keep walking."" Tom continued to walk. He noticed that they were heading for the tower. As he drew nearer, he could see men walking around a narrow catwalk at the top. They all carried paralo-ray rifles with miniature grids mounted on the barrel. Inside the rifle was a tiny radar direction finder. It was a simple but effective control against escaping prisoners. Each of the inmates of the Rock wore small metal disks welded to a thin chain around their waists. The disk was sensitive to radar impulses, and with no more effort than snapping a thumb catch on the",100
OnTheTrailOfTheSpacePirates_partition_fx,OnTheTrailOfTheSpacePirates,sci-fi,44388,"into space. In a little while, the evil mind, the twisted brain of Bull Coxine would be pitted against the might of the Solar Guard. * * * * * Captain Strong sat on the control deck of the decoy ship, watching the radar scanner and waiting for the appearance of Bull Coxine and his crew. Again and again, the young Solar Guard officer, too restless to remain in one spot, got up and paced the deck. He flipped on a chart screen and studied the positions of the surrounding asteroids, which he knew hid the Solar Guard fleet, ready",100
OnTheTrailOfTheSpacePirates_partition_fy,OnTheTrailOfTheSpacePirates,sci-fi,49029,"other was thinking. Their only hope was the beacon signal aboard the _Polaris_. After the men had tied Astro, they released him from the effects of the ray charge and threw him down beside Roger. ""How do you feel?"" asked Tom. ""Like I've been run through a set of gears,"" mumbled Astro. ""How about yourself?"" ""O.K.,"" replied Tom. ""Was it""--he paused--""was it tough in the air lock?"" Roger smiled. ""Not as tough as it must have been on you up here. We realized what was going on as soon as we found out we were losing air."" The blond-haired cadet",100
OnTheTrailOfTheSpacePirates_partition_fz,OnTheTrailOfTheSpacePirates,sci-fi,11405,"cadets came to attention and were wide awake immediately. Tom quickly related their suspicions of Wallace and Simms. ""And we've watched them every night, sir,"" Tom concluded. ""I don't know what it is, but something certainly is going on in that shack they use for an office."" ""Yes, sir,"" agreed Astro, ""and no one is going to fool me about a rocket ship. I know when they blast off loaded and return light."" Strong turned to Hawks who said quietly, ""Wallace and Simms are the only ones in this whole area that blast off regularly without a customs search."" ""You",100
OnTheTrailOfTheSpacePirates_partition_ga,OnTheTrailOfTheSpacePirates,sci-fi,40338,"you as soon as we're in space."" ""O.K., Steve,"" replied Randolph. ""I'm ready to raise ship."" ""I'll go up first. Form up around me at about five thousand miles. End transmission!"" ""End transmission!"" ""All right, Tom,"" ordered Strong, ""let's get out of here!"" The young cadet strapped himself into his acceleration chair, then picked up the control panel intercom and began calling out orders crisply. ""Stand by to raise ship! All stations check in!"" ""Power deck standing by!"" replied Astro from below. ""Radar bridge standing by!"" acknowledged Roger over the intercom. ""Energize the cooling pumps!"" The whine of the mighty",100
OnTheTrailOfTheSpacePirates_partition_gb,OnTheTrailOfTheSpacePirates,sci-fi,37296,"Astro. ""He's busy trying to find out where the flashing static on the radar is coming from,"" explained Strong. ""We'll make wide circles, starting outside and working in. Blast in a continuous circle inward, like a spiral. If there's anything around here, we'll find it that way."" ""Yes, sir,"" said Astro. ""I sure hope Tom is O.K."" ""Best answer I can give you. Astro, is to blast off and find out."" The two spacemen climbed into the small craft, and while Strong opened the outer lock, exposing them to the emptiness of space, Astro started the jets in his boat.",100
OnTheTrailOfTheSpacePirates_partition_gc,OnTheTrailOfTheSpacePirates,sci-fi,19723,"paper bag. It looks as though they're setting themselves up for a long siege."" ""Do you have any idea where they might be hiding, sir?"" ""Somewhere in the asteroid belt, I believe,"" replied the commander. ""They headed for the belt after they held up the transport."" ""Well, we'll do what we can from our end, sir,"" said Strong. ""Since Mars is closer to the asteroid belt than any other planet, they might be using Marsopolis as a hangout. Or someone might have seen them recently."" ""Use whatever plan you think best, Steve. I'm counting on you."" ""Thank you, sir."" ""Spaceman's",100
OnTheTrailOfTheSpacePirates_partition_gd,OnTheTrailOfTheSpacePirates,sci-fi,26612,"screen around the prison, had struck with merciless precision. Again and again, its atomic blasters had found the most important installations and had wiped them out. The first target, after the tower had been shattered, was the underground launching ramps for the asteroid's small fleet of rocket destroyers. But even after a direct hit, the guards were able to ready two ships to fight the attacking spaceship. The first was already diving in, her small one-inch blasters firing repeatedly. Suddenly, Lieutenant Williams, in command of the second ship, came racing up to Major Savage, to report that his radarman had",100
OnTheTrailOfTheSpacePirates_partition_ge,OnTheTrailOfTheSpacePirates,sci-fi,35909,"ability. ""By making the impulse negative, sir,"" said Roger, ""he could create interference on the scanner. Instead of bouncing against something and returning an image to a scanner, the impulse hits itself and creates static which shows up in the form of those white flashes."" ""Well, in any case,"" said Strong with a sober nod toward the scanner, ""he's done something the whole Solar Guard couldn't do. He's quite a boy!"" Roger smiled. ""I'll say he is, skipper!"" Strong turned away and climbed down to the control deck. He sat in front of the great control panel and watched the",100
OnTheTrailOfTheSpacePirates_partition_gf,OnTheTrailOfTheSpacePirates,sci-fi,26,"DUNLAP _Publishers_ New York COPYRIGHT, 1953, BY ROCKHILL RADIO ALL RIGHTS RESERVED PRINTED IN THE UNITED STATES OF AMERICA [Transcriber's note: This is a rule 6 clearance. PG has not been able to find a copyright renewal for this book.] ILLUSTRATIONS Hawks stood up and eyed the two men coldly Tom saw three pretty girls board the ship The hatch opened again and the two spacemen entered the air lock The scar-faced man obviously wanted something from Tom The young cadet timed his move perfectly All Solar Guard defense measures seemed to be futile Astro and Coxine were locked in",100
OnTheTrailOfTheSpacePirates_partition_gg,OnTheTrailOfTheSpacePirates,sci-fi,19914,"and Strong found the Spacelanes Bar in the roughest and darkest section of Marsopolis. It was large and almost empty. But Tom noted that it was just like many other such places he had been in in Luna City. The walls were scarred and dirty, the floor littered, and the tables and chairs looking as if they had been used in a hundred fights. Behind a bar that ran the length of one wall, a heavy-set man with beady black eyes watched their approach. ""What's your pleasure, spacemen?"" asked the bartender in a gruff voice. Strong hesitated a moment and",100
OnTheTrailOfTheSpacePirates_partition_gh,OnTheTrailOfTheSpacePirates,sci-fi,18803,"imperceptible nod in return. ""A hundred thousand, eh?"" said Pete with interest. ""Not bad, not bad. What kind of a job was it?"" ""Me and two other guys held up the Credit Exchange at the Solar Exposition at Venusport."" ""Oh?"" Pete was becoming extremely curious. ""You in on the job too, Steve?"" Before Strong could answer, Tom spoke quickly. ""No, I bought a half interest in Steve's ship with my share of the take."" Strong could hardly keep from smiling, so easily was the young cadet's tale growing. ""Then who _was_ in on this job with you?"" persisted the scar-faced",100
OnTheTrailOfTheSpacePirates_partition_gi,OnTheTrailOfTheSpacePirates,sci-fi,13774,"examination. ""How is he, sir?"" asked Tom, hovering anxiously over the still form of his friend. ""Will he be all right?"" Strong didn't answer for a moment, continuing his hurried, though careful check. Then he sat back on his heels and sighed in relief. ""A few bruises but no broken bones, thank the universe. He's just suffering from shock. A day or so in sick bay and he'll be good as new."" ""I'll take him over there right away, Steve,"" offered Hawks. ""Thanks, Mike,"" replied Strong. Then as he and the commissioner lifted the still form of the cadet and",100
OnTheTrailOfTheSpacePirates_partition_gj,OnTheTrailOfTheSpacePirates,sci-fi,28173,"there was a sharp edge to his voice. ""I thought _everyone_ knew we were attacked, _sir_!"" He turned back to a detail of men who were watching. But Strong pulled the man up sharply. ""Attention!"" he barked. The sergeant and the crew came to stiff attention. Strong stepped forward and looked the guardsman straight in the eye. ""Under any other circumstances, Sergeant,"" snapped Strong, ""I'd have your stripes and throw you in the brig for your insolence! Now I want a clear account of what happened. And I want it blasted _quick_!"" ""Yes, sir!"" stammered the guardsman, realizing he had",100
OnTheTrailOfTheSpacePirates_partition_gk,OnTheTrailOfTheSpacePirates,sci-fi,51495,"choking the life out of him and pulled at the fingers, his face turning slowly from the angry flush of a moment before to the dark-gray hue of impending death! Still bound and tied by the heavy rope, the two cadets on the deck were helpless, as Astro's strength slipped from his body. Tom turned to Roger desperately. ""We've got to do something!"" ""What? I can't get loose!"" The blond-haired cadet struggled against the ropes until the blood ran down his wrists, but it was a hopeless effort. ""Yell!"" said Tom desperately. ""Yell! Make a noise! Holler like you've never",100
OnTheTrailOfTheSpacePirates_partition_gl,OnTheTrailOfTheSpacePirates,sci-fi,38009,"Regulus overhead, and Sirius, the two great stars shining brilliantly in the absolute blackness of space. He raised himself slowly on one elbow and looked at the oxygen indicator. He saw that the needle had dropped past the empty mark. He knew it wouldn't be long now. And he knew what he had to do. He took a last long look at the two giant stars, and then closed his eyes. Tom no longer tried to control his breathing, but took deep satisfying lungfuls of oxygen and in a few moments slipped into a sound sleep. The jet boat roared",100
OnTheTrailOfTheSpacePirates_partition_gm,OnTheTrailOfTheSpacePirates,sci-fi,39758,"activity of Bull Coxine and his pirate crew justified Captain Strong's fears. Repeatedly, ships were attacked on the fringe of the asteroid belt and stripped of armor, food supplies, and valuables. With the secret of the light-key, the vaults of the ships were opened as easily as though there had been no lock at all. The totals had reached staggering amounts and the daring of the _Avenger_ was more pronounced, as Coxine struck repeatedly, farther and farther away from the protection of the asteroid belt. It seemed as though he were taunting the Solar Guard with his exploits. All defense",100
OnTheTrailOfTheSpacePirates_partition_gn,OnTheTrailOfTheSpacePirates,sci-fi,42906,"voting for another leader!"" He spat the word as if it had left a foul taste in his mouth. ""Well, get this. There'll be no voting! I'm the boss of this outfit! Any man who thinks he can take over my job,"" Coxine's voice dropped to a deadly whisper, ""_just let him try!_"" Stony silence greeted the huge spaceman, a silence inspired by fear. ""Now!"" roared Coxine, his coarse features changing from a scowl to a broad grin. ""The strike!"" This was greeted with a roar of approval. The men demanded action after a week of idleness on the asteroid.",100
OnTheTrailOfTheSpacePirates_partition_go,OnTheTrailOfTheSpacePirates,sci-fi,21118,"deep space tan. ""It's mighty good to see you boys. Come on in the house. I got a mess of fatfish just pulled out of the stream and some of the most delicious biscuits you ever had in your life!"" ""Well, thanks, Nick,"" hesitated the captain. ""But we're in--"" ""Can't be in too much of a hurry to eat,"" snapped the old man with a grin. ""Anything you got to say is better said when you got a bellyful of Molly's cookin'."" ""Molly!"" cried Tom. ""But, Mr. Shinny--"" ""When--"" gulped Astro, ""when did you--"" ""Hey! Hold on!"" cried the old",100
OnTheTrailOfTheSpacePirates_partition_gp,OnTheTrailOfTheSpacePirates,sci-fi,30473,"spin around him dizzily. Then, with the desperation of a man facing death, Tom began to push outward, his arms under Monkey's chin. The man tried to apply more pressure but the cadet fought him, forcing his head back farther and farther. The prisoners were silent, watching the deadly battle. Then, gradually, Tom felt the hairy man's grip relaxing. With the last ounce of his strength he burst out of the encircling arms and staggered back. The ape man looked at him stupidly and then down at his arms as if they had betrayed him. With a roar, he came",100
OnTheTrailOfTheSpacePirates_partition_gq,OnTheTrailOfTheSpacePirates,sci-fi,28952,"sky overhead, still thick with smoke. ""And if he does ask for help, I'm going to answer him with the biggest fleet of spaceships he'll ever see in his life!"" CHAPTER 12 ""Stand by, you space crawlers!"" roared Bull Coxine into the microphone, but the loud laughter and singing of the noisily celebrating prisoners continued unabated over the intercom's loud-speakers. ""Avast there!"" he bellowed again. ""Stow that noise! Attention! And I want _attention_!"" Standing on the control deck of his ship, Coxine waited as the men gradually quieted down. No longer wearing the white prison coverall, he was dressed in",100
OnTheTrailOfTheSpacePirates_partition_gr,OnTheTrailOfTheSpacePirates,sci-fi,28977,"ever see in his life!"" CHAPTER 12 ""Stand by, you space crawlers!"" roared Bull Coxine into the microphone, but the loud laughter and singing of the noisily celebrating prisoners continued unabated over the intercom's loud-speakers. ""Avast there!"" he bellowed again. ""Stow that noise! Attention! And I want _attention_!"" Standing on the control deck of his ship, Coxine waited as the men gradually quieted down. No longer wearing the white prison coverall, he was dressed in a black merchant spaceman's uniform, the snug-fitting jacket and trousers stretching tightly across his huge shoulders. He wore a black spaceman's cap, and two paralo-ray",100
Frankenstein_partition_a,Frankenstein,horror,28010,"nor of heaven, could redeem my soul from woe; the very accents of love were ineffectual. I was encompassed by a cloud which no beneficial influence could penetrate. The wounded deer dragging its fainting limbs to some untrodden brake, there to gaze upon the arrow which had pierced it, and to die, was but a type of me. Sometimes I could cope with the sullen despair that overwhelmed me, but sometimes the whirlwind passions of my soul drove me to seek, by bodily exercise and by change of place, some relief from my intolerable sensations. It was during an access",100
Frankenstein_partition_b,Frankenstein,horror,67000,"the steps of my fiendish enemy. But my plan was unsettled, and I wandered many hours round the confines of the town, uncertain what path I should pursue. As night approached I found myself at the entrance of the cemetery where William, Elizabeth, and my father reposed. I entered it and approached the tomb which marked their graves. Everything was silent except the leaves of the trees, which were gently agitated by the wind; the night was nearly dark, and the scene would have been solemn and affecting even to an uninterested observer. The spirits of the departed seemed to",100
Frankenstein_partition_c,Frankenstein,horror,62021,"stifle, by the word _honour_, all hope of that love and happiness which would alone restore you to yourself. I, who have so disinterested an affection for you, may increase your miseries tenfold by being an obstacle to your wishes. Ah! Victor, be assured that your cousin and playmate has too sincere a love for you not to be made miserable by this supposition. Be happy, my friend; and if you obey me in this one request, remain satisfied that nothing on earth will have the power to interrupt my tranquillity. “Do not let this letter disturb you; do not",100
Frankenstein_partition_d,Frankenstein,horror,22241,"when I entered my father’s house. I told the servants not to disturb the family, and went into the library to attend their usual hour of rising. Six years had elapsed, passed in a dream but for one indelible trace, and I stood in the same place where I had last embraced my father before my departure for Ingolstadt. Beloved and venerable parent! He still remained to me. I gazed on the picture of my mother, which stood over the mantel-piece. It was an historical subject, painted at my father’s desire, and represented Caroline Beaufort in an agony of despair,",100
Frankenstein_partition_e,Frankenstein,horror,11114,"not been content with the results promised by the modern professors of natural science. With a confusion of ideas only to be accounted for by my extreme youth and my want of a guide on such matters, I had retrod the steps of knowledge along the paths of time and exchanged the discoveries of recent inquirers for the dreams of forgotten alchemists. Besides, I had a contempt for the uses of modern natural philosophy. It was very different when the masters of the science sought immortality and power; such views, although futile, were grand; but now the scene was changed.",100
Frankenstein_partition_f,Frankenstein,horror,37196,"Through this work I obtained a cursory knowledge of history and a view of the several empires at present existing in the world; it gave me an insight into the manners, governments, and religions of the different nations of the earth. I heard of the slothful Asiatics, of the stupendous genius and mental activity of the Grecians, of the wars and wonderful virtue of the early Romans—of their subsequent degenerating—of the decline of that mighty empire, of chivalry, Christianity, and kings. I heard of the discovery of the American hemisphere and wept with Safie over the hapless fate of its",100
Frankenstein_partition_g,Frankenstein,horror,67561,"and Russia, although he still evaded me, I have ever followed in his track. Sometimes the peasants, scared by this horrid apparition, informed me of his path; sometimes he himself, who feared that if I lost all trace of him I should despair and die, left some mark to guide me. The snows descended on my head, and I saw the print of his huge step on the white plain. To you first entering on life, to whom care is new and agony unknown, how can you understand what I have felt and still feel? Cold, want, and fatigue were",100
Frankenstein_partition_h,Frankenstein,horror,43933,"gush of tears somewhat soothed me. But again when I reflected that they had spurned and deserted me, anger returned, a rage of anger, and unable to injure anything human, I turned my fury towards inanimate objects. As night advanced, I placed a variety of combustibles around the cottage, and after having destroyed every vestige of cultivation in the garden, I waited with forced impatience until the moon had sunk to commence my operations. “As the night advanced, a fierce wind arose from the woods and quickly dispersed the clouds that had loitered in the heavens; the blast tore along",100
Frankenstein_partition_i,Frankenstein,horror,12240,"took my leave. Thus ended a day memorable to me; it decided my future destiny. Chapter 4 From this day natural philosophy, and particularly chemistry, in the most comprehensive sense of the term, became nearly my sole occupation. I read with ardour those works, so full of genius and discrimination, which modern inquirers have written on these subjects. I attended the lectures and cultivated the acquaintance of the men of science of the university, and I found even in M. Krempe a great deal of sound sense and real information, combined, it is true, with a repulsive physiognomy and manners,",100
Frankenstein_partition_j,Frankenstein,horror,30784,"take from thee a sight which you abhor. Still thou canst listen to me and grant me thy compassion. By the virtues that I once possessed, I demand this from you. Hear my tale; it is long and strange, and the temperature of this place is not fitting to your fine sensations; come to the hut upon the mountain. The sun is yet high in the heavens; before it descends to hide itself behind your snowy precipices and illuminate another world, you will have heard my story and can decide. On you it rests, whether I quit for ever the",100
Frankenstein_partition_k,Frankenstein,horror,40687,"of my protectors caused these impressions to take a firm hold on my mind; perhaps, if my first introduction to humanity had been made by a young soldier, burning for glory and slaughter, I should have been imbued with different sensations. “But _Paradise Lost_ excited different and far deeper emotions. I read it, as I had read the other volumes which had fallen into my hands, as a true history. It moved every feeling of wonder and awe that the picture of an omnipotent God warring with his creatures was capable of exciting. I often referred the several situations, as",100
Frankenstein_partition_l,Frankenstein,horror,29444,"rise; one wand’ring thought pollutes the day. We feel, conceive, or reason; laugh or weep, Embrace fond woe, or cast our cares away; It is the same: for, be it joy or sorrow, The path of its departure still is free. Man’s yesterday may ne’er be like his morrow; Nought may endure but mutability! It was nearly noon when I arrived at the top of the ascent. For some time I sat upon the rock that overlooks the sea of ice. A mist covered both that and the surrounding mountains. Presently a breeze dissipated the cloud, and I descended upon",100
Frankenstein_partition_m,Frankenstein,horror,26100,"a cloud that passes over the fair moon, for a while hides but cannot tarnish its brightness. Anguish and despair had penetrated into the core of my heart; I bore a hell within me which nothing could extinguish. We stayed several hours with Justine, and it was with great difficulty that Elizabeth could tear herself away. “I wish,” cried she, “that I were to die with you; I cannot live in this world of misery.” Justine assumed an air of cheerfulness, while she with difficulty repressed her bitter tears. She embraced Elizabeth and said in a voice of half-suppressed emotion,",100
Frankenstein_partition_n,Frankenstein,horror,19313,"a fair enemy, and the fire that consumes your own heart. How different from the manly and heroical poetry of Greece and Rome! Summer passed away in these occupations, and my return to Geneva was fixed for the latter end of autumn; but being delayed by several accidents, winter and snow arrived, the roads were deemed impassable, and my journey was retarded until the ensuing spring. I felt this delay very bitterly; for I longed to see my native town and my beloved friends. My return had only been delayed so long, from an unwillingness to leave Clerval in a",100
Frankenstein_partition_o,Frankenstein,horror,3201,"about after the breaking up of the ice. I profited of this time to rest for a few hours. In the morning, however, as soon as it was light, I went upon deck and found all the sailors busy on one side of the vessel, apparently talking to someone in the sea. It was, in fact, a sledge, like that we had seen before, which had drifted towards us in the night on a large fragment of ice. Only one dog remained alive; but there was a human being within it whom the sailors were persuading to enter the vessel.",100
Frankenstein_partition_p,Frankenstein,horror,6057,"courage rose to support her in her adversity. She procured plain work; she plaited straw and by various means contrived to earn a pittance scarcely sufficient to support life. Several months passed in this manner. Her father grew worse; her time was more entirely occupied in attending him; her means of subsistence decreased; and in the tenth month her father died in her arms, leaving her an orphan and a beggar. This last blow overcame her, and she knelt by Beaufort’s coffin weeping bitterly, when my father entered the chamber. He came like a protecting spirit to the poor girl,",100
Frankenstein_partition_q,Frankenstein,horror,32092,"travellers had left had been roasted, and tasted much more savoury than the berries I gathered from the trees. I tried, therefore, to dress my food in the same manner, placing it on the live embers. I found that the berries were spoiled by this operation, and the nuts and roots much improved. “Food, however, became scarce, and I often spent the whole day searching in vain for a few acorns to assuage the pangs of hunger. When I found this, I resolved to quit the place that I had hitherto inhabited, to seek for one where the few wants",100
Frankenstein_partition_r,Frankenstein,horror,62277,"be at an end. If he were vanquished, I should be a free man. Alas! What freedom? Such as the peasant enjoys when his family have been massacred before his eyes, his cottage burnt, his lands laid waste, and he is turned adrift, homeless, penniless, and alone, but free. Such would be my liberty except that in my Elizabeth I possessed a treasure, alas, balanced by those horrors of remorse and guilt which would pursue me until death. Sweet and beloved Elizabeth! I read and reread her letter, and some softened feelings stole into my heart and dared to whisper",100
Frankenstein_partition_s,Frankenstein,horror,9545,"their prosecution, happiness with their disregard. It was a strong effort of the spirit of good, but it was ineffectual. Destiny was too potent, and her immutable laws had decreed my utter and terrible destruction. Chapter 3 When I had attained the age of seventeen my parents resolved that I should become a student at the university of Ingolstadt. I had hitherto attended the schools of Geneva, but my father thought it necessary for the completion of my education that I should be made acquainted with other customs than those of my native country. My departure was therefore fixed at",100
Frankenstein_partition_t,Frankenstein,horror,59692,"me, ghastly and murdered. More than once the agitation into which these reflections threw me made my friends dread a dangerous relapse. Alas! Why did they preserve so miserable and detested a life? It was surely that I might fulfil my destiny, which is now drawing to a close. Soon, oh, very soon, will death extinguish these throbbings and relieve me from the mighty weight of anguish that bears me to the dust; and, in executing the award of justice, I shall also sink to rest. Then the appearance of death was distant, although the wish was ever present to",100
Frankenstein_partition_u,Frankenstein,horror,54321,"when you in vain endeavour to fly from an impending danger, and was rooted to the spot. Presently I heard the sound of footsteps along the passage; the door opened, and the wretch whom I dreaded appeared. Shutting the door, he approached me and said in a smothered voice, “You have destroyed the work which you began; what is it that you intend? Do you dare to break your promise? I have endured toil and misery; I left Switzerland with you; I crept along the shores of the Rhine, among its willow islands and over the summits of its hills.",100
Frankenstein_partition_v,Frankenstein,horror,25485,"be assured, dear Justine, that nothing can shake my confidence in you for a moment, but your own confession.” “I did confess, but I confessed a lie. I confessed, that I might obtain absolution; but now that falsehood lies heavier at my heart than all my other sins. The God of heaven forgive me! Ever since I was condemned, my confessor has besieged me; he threatened and menaced, until I almost began to think that I was the monster that he said I was. He threatened excommunication and hell fire in my last moments if I continued obdurate. Dear lady,",100
Frankenstein_partition_w,Frankenstein,horror,50328,"waves dash with fury the base of the mountain, where the priest and his mistress were overwhelmed by an avalanche and where their dying voices are still said to be heard amid the pauses of the nightly wind; I have seen the mountains of La Valais, and the Pays de Vaud; but this country, Victor, pleases me more than all those wonders. The mountains of Switzerland are more majestic and strange, but there is a charm in the banks of this divine river that I never before saw equalled. Look at that castle which overhangs yon precipice; and that also",100
Frankenstein_partition_x,Frankenstein,horror,64799,"body of Elizabeth, my love, my wife, so lately living, so dear, so worthy. She had been moved from the posture in which I had first beheld her, and now, as she lay, her head upon her arm and a handkerchief thrown across her face and neck, I might have supposed her asleep. I rushed towards her and embraced her with ardour, but the deadly languor and coldness of the limbs told me that what I now held in my arms had ceased to be the Elizabeth whom I had loved and cherished. The murderous mark of the fiend’s grasp",100
Frankenstein_partition_y,Frankenstein,horror,52383,"the inhabitants when the period of our appointment with our Scotch friend approached, and we left them to travel on. For my own part I was not sorry. I had now neglected my promise for some time, and I feared the effects of the dæmon’s disappointment. He might remain in Switzerland and wreak his vengeance on my relatives. This idea pursued me and tormented me at every moment from which I might otherwise have snatched repose and peace. I waited for my letters with feverish impatience; if they were delayed I was miserable and overcome by a thousand fears; and",100
Frankenstein_partition_z,Frankenstein,horror,31979,"carefully with dry wood and leaves and placed wet branches upon it; and then, spreading my cloak, I lay on the ground and sank into sleep. “It was morning when I awoke, and my first care was to visit the fire. I uncovered it, and a gentle breeze quickly fanned it into a flame. I observed this also and contrived a fan of branches, which roused the embers when they were nearly extinguished. When night came again I found, with pleasure, that the fire gave light as well as heat and that the discovery of this element was useful to",100
Frankenstein_partition_aa,Frankenstein,horror,19342,"and my return to Geneva was fixed for the latter end of autumn; but being delayed by several accidents, winter and snow arrived, the roads were deemed impassable, and my journey was retarded until the ensuing spring. I felt this delay very bitterly; for I longed to see my native town and my beloved friends. My return had only been delayed so long, from an unwillingness to leave Clerval in a strange place, before he had become acquainted with any of its inhabitants. The winter, however, was spent cheerfully; and although the spring was uncommonly late, when it came its",100
Frankenstein_partition_ab,Frankenstein,horror,726,"obtain a niche in the temple where the names of Homer and Shakespeare are consecrated. You are well acquainted with my failure and how heavily I bore the disappointment. But just at that time I inherited the fortune of my cousin, and my thoughts were turned into the channel of their earlier bent. Six years have passed since I resolved on my present undertaking. I can, even now, remember the hour from which I dedicated myself to this great enterprise. I commenced by inuring my body to hardship. I accompanied the whale-fishers on several expeditions to the North Sea; I",100
Frankenstein_partition_ac,Frankenstein,horror,13970,"the horrors of my secret toil as I dabbled among the unhallowed damps of the grave or tortured the living animal to animate the lifeless clay? My limbs now tremble, and my eyes swim with the remembrance; but then a resistless and almost frantic impulse urged me forward; I seemed to have lost all soul or sensation but for this one pursuit. It was indeed but a passing trance, that only made me feel with renewed acuteness so soon as, the unnatural stimulus ceasing to operate, I had returned to my old habits. I collected bones from charnel-houses and disturbed,",100
Frankenstein_partition_ad,Frankenstein,horror,55724,"with whatever consequences, must be fulfilled; but I now felt as if a film had been taken from before my eyes and that I for the first time saw clearly. The idea of renewing my labours did not for one instant occur to me; the threat I had heard weighed on my thoughts, but I did not reflect that a voluntary act of mine could avert it. I had resolved in my own mind that to create another like the fiend I had first made would be an act of the basest and most atrocious selfishness, and I banished from",100
Frankenstein_partition_ae,Frankenstein,horror,28683,"rushing of the Arve, which pursued its noisy way beneath. The same lulling sounds acted as a lullaby to my too keen sensations; when I placed my head upon my pillow, sleep crept over me; I felt it as it came and blessed the giver of oblivion. Chapter 10 I spent the following day roaming through the valley. I stood beside the sources of the Arveiron, which take their rise in a glacier, that with slow pace is advancing down from the summit of the hills to barricade the valley. The abrupt sides of vast mountains were before me; the",100
Frankenstein_partition_af,Frankenstein,horror,23053,"I was firmly convinced in my own mind that Justine, and indeed every human being, was guiltless of this murder. I had no fear, therefore, that any circumstantial evidence could be brought forward strong enough to convict her. My tale was not one to announce publicly; its astounding horror would be looked upon as madness by the vulgar. Did any one indeed exist, except I, the creator, who would believe, unless his senses convinced him, in the existence of the living monument of presumption and rash ignorance which I had let loose upon the world? We were soon joined by",100
Frankenstein_partition_ag,Frankenstein,horror,67889,"cooking. My life, as it passed thus, was indeed hateful to me, and it was during sleep alone that I could taste joy. O blessed sleep! Often, when most miserable, I sank to repose, and my dreams lulled me even to rapture. The spirits that guarded me had provided these moments, or rather hours, of happiness that I might retain strength to fulfil my pilgrimage. Deprived of this respite, I should have sunk under my hardships. During the day I was sustained and inspirited by the hope of night, for in sleep I saw my friends, my wife, and my",100
Frankenstein_partition_ah,Frankenstein,horror,60889,"them, as to creatures of an angelic nature and celestial mechanism. But I felt that I had no right to share their intercourse. I had unchained an enemy among them whose joy it was to shed their blood and to revel in their groans. How they would, each and all, abhor me and hunt me from the world, did they know my unhallowed acts and the crimes which had their source in me! My father yielded at length to my desire to avoid society and strove by various arguments to banish my despair. Sometimes he thought that I felt deeply",100
Frankenstein_partition_ai,Frankenstein,horror,6582,"what they owed towards the being to which they had given life, added to the active spirit of tenderness that animated both, it may be imagined that while during every hour of my infant life I received a lesson of patience, of charity, and of self-control, I was so guided by a silken cord that all seemed but one train of enjoyment to me. For a long time I was their only care. My mother had much desired to have a daughter, but I continued their single offspring. When I was about five years old, while making an excursion beyond",100
Frankenstein_partition_aj,Frankenstein,horror,73060,"What do these sounds portend? It is midnight; the breeze blows fairly, and the watch on deck scarcely stir. Again there is a sound as of a human voice, but hoarser; it comes from the cabin where the remains of Frankenstein still lie. I must arise and examine. Good night, my sister. Great God! what a scene has just taken place! I am yet dizzy with the remembrance of it. I hardly know whether I shall have the power to detail it; yet the tale which I have recorded would be incomplete without this final and wonderful catastrophe. I entered",100
Frankenstein_partition_ak,Frankenstein,horror,32662,"many other kinds of missile weapons, I escaped to the open country and fearfully took refuge in a low hovel, quite bare, and making a wretched appearance after the palaces I had beheld in the village. This hovel however, joined a cottage of a neat and pleasant appearance, but after my late dearly bought experience, I dared not enter it. My place of refuge was constructed of wood, but so low that I could with difficulty sit upright in it. No wood, however, was placed on the earth, which formed the floor, but it was dry; and although the wind",100
Frankenstein_partition_al,Frankenstein,horror,15906,"most cordial manner, and we walked towards my college. Clerval continued talking for some time about our mutual friends and his own good fortune in being permitted to come to Ingolstadt. “You may easily believe,” said he, “how great was the difficulty to persuade my father that all necessary knowledge was not comprised in the noble art of book-keeping; and, indeed, I believe I left him incredulous to the last, for his constant answer to my unwearied entreaties was the same as that of the Dutch schoolmaster in The Vicar of Wakefield: ‘I have ten thousand florins a year without",100
Frankenstein_partition_am,Frankenstein,horror,59829,"months in prison, and although I was still weak and in continual danger of a relapse, I was obliged to travel nearly a hundred miles to the country town where the court was held. Mr. Kirwin charged himself with every care of collecting witnesses and arranging my defence. I was spared the disgrace of appearing publicly as a criminal, as the case was not brought before the court that decides on life and death. The grand jury rejected the bill, on its being proved that I was on the Orkney Islands at the hour the body of my friend was",100
Frankenstein_partition_an,Frankenstein,horror,17477,"the lake. I fear that he will become an idler unless we yield the point and permit him to enter on the profession which he has selected. “Little alteration, except the growth of our dear children, has taken place since you left us. The blue lake and snow-clad mountains—they never change; and I think our placid home and our contented hearts are regulated by the same immutable laws. My trifling occupations take up my time and amuse me, and I am rewarded for any exertions by seeing none but happy, kind faces around me. Since you left us, but one",100
Frankenstein_partition_ao,Frankenstein,horror,60901,"I felt that I had no right to share their intercourse. I had unchained an enemy among them whose joy it was to shed their blood and to revel in their groans. How they would, each and all, abhor me and hunt me from the world, did they know my unhallowed acts and the crimes which had their source in me! My father yielded at length to my desire to avoid society and strove by various arguments to banish my despair. Sometimes he thought that I felt deeply the degradation of being obliged to answer a charge of murder, and",100
Frankenstein_partition_ap,Frankenstein,horror,69616,"much desire; or must I die, and he yet live? If I do, swear to me, Walton, that he shall not escape, that you will seek him and satisfy my vengeance in his death. And do I dare to ask of you to undertake my pilgrimage, to endure the hardships that I have undergone? No; I am not so selfish. Yet, when I am dead, if he should appear, if the ministers of vengeance should conduct him to you, swear that he shall not live—swear that he shall not triumph over my accumulated woes and survive to add to the",100
Frankenstein_partition_aq,Frankenstein,horror,73259,"such loathsome yet appalling hideousness. I shut my eyes involuntarily and endeavoured to recollect what were my duties with regard to this destroyer. I called on him to stay. He paused, looking on me with wonder, and again turning towards the lifeless form of his creator, he seemed to forget my presence, and every feature and gesture seemed instigated by the wildest rage of some uncontrollable passion. “That is also my victim!” he exclaimed. “In his murder my crimes are consummated; the miserable series of my being is wound to its close! Oh, Frankenstein! Generous and self-devoted being! What does",100
Frankenstein_partition_ar,Frankenstein,horror,41588,"cottagers. Their happiness was not decreased by the absence of summer. They loved and sympathised with one another; and their joys, depending on each other, were not interrupted by the casualties that took place around them. The more I saw of them, the greater became my desire to claim their protection and kindness; my heart yearned to be known and loved by these amiable creatures; to see their sweet looks directed towards me with affection was the utmost limit of my ambition. I dared not think that they would turn them from me with disdain and horror. The poor that",100
Frankenstein_partition_as,Frankenstein,horror,58008,"to assist me in the destruction of the fiend by whom I was tormented; and at others I felt the fingers of the monster already grasping my neck, and screamed aloud with agony and terror. Fortunately, as I spoke my native language, Mr. Kirwin alone understood me; but my gestures and bitter cries were sufficient to affright the other witnesses. Why did I not die? More miserable than man ever was before, why did I not sink into forgetfulness and rest? Death snatches away many blooming children, the only hopes of their doting parents; how many brides and youthful lovers",100
Frankenstein_partition_at,Frankenstein,horror,66162,"but calm; I had formed in my own heart a resolution to pursue my destroyer to death, and this purpose quieted my agony and for an interval reconciled me to life. I now related my history briefly but with firmness and precision, marking the dates with accuracy and never deviating into invective or exclamation. The magistrate appeared at first perfectly incredulous, but as I continued he became more attentive and interested; I saw him sometimes shudder with horror; at others a lively surprise, unmingled with disbelief, was painted on his countenance. When I had concluded my narration, I said, “This",100
Frankenstein_partition_au,Frankenstein,horror,55933,"my basket into the sea; I listened to the gurgling sound as it sank and then sailed away from the spot. The sky became clouded, but the air was pure, although chilled by the northeast breeze that was then rising. But it refreshed me and filled me with such agreeable sensations that I resolved to prolong my stay on the water, and fixing the rudder in a direct position, stretched myself at the bottom of the boat. Clouds hid the moon, everything was obscure, and I heard only the sound of the boat as its keel cut through the waves;",100
Frankenstein_partition_av,Frankenstein,horror,71810,"returned to their warm firesides. Why, that requires not this preparation; ye need not have come thus far and dragged your captain to the shame of a defeat merely to prove yourselves cowards. Oh! Be men, or be more than men. Be steady to your purposes and firm as a rock. This ice is not made of such stuff as your hearts may be; it is mutable and cannot withstand you if you say that it shall not. Do not return to your families with the stigma of disgrace marked on your brows. Return as heroes who have fought and",100
Frankenstein_partition_aw,Frankenstein,horror,58446,"a safe conscience; it were well if everybody did the same.” I turned with loathing from the woman who could utter so unfeeling a speech to a person just saved, on the very edge of death; but I felt languid and unable to reflect on all that had passed. The whole series of my life appeared to me as a dream; I sometimes doubted if indeed it were all true, for it never presented itself to my mind with the force of reality. As the images that floated before me became more distinct, I grew feverish; a darkness pressed around",100
Frankenstein_partition_ax,Frankenstein,horror,20861,"I hurried into a cabriolet, and bade farewell to my friend. My journey was very melancholy. At first I wished to hurry on, for I longed to console and sympathise with my loved and sorrowing friends; but when I drew near my native town, I slackened my progress. I could hardly sustain the multitude of feelings that crowded into my mind. I passed through scenes familiar to my youth, but which I had not seen for nearly six years. How altered every thing might be during that time! One sudden and desolating change had taken place; but a thousand little",100
Frankenstein_partition_ay,Frankenstein,horror,62216,"every art to destroy me and tear me from the glimpse of happiness which promised partly to console my sufferings. On that night he had determined to consummate his crimes by my death. Well, be it so; a deadly struggle would then assuredly take place, in which if he were victorious I should be at peace and his power over me be at an end. If he were vanquished, I should be a free man. Alas! What freedom? Such as the peasant enjoys when his family have been massacred before his eyes, his cottage burnt, his lands laid waste, and",100
Frankenstein_partition_az,Frankenstein,horror,58991,"surprising accident, on this shore, renowned for its hospitality, seized immediately, and charged with murder. The first sight that was presented to your eyes was the body of your friend, murdered in so unaccountable a manner and placed, as it were, by some fiend across your path.” As Mr. Kirwin said this, notwithstanding the agitation I endured on this retrospect of my sufferings, I also felt considerable surprise at the knowledge he seemed to possess concerning me. I suppose some astonishment was exhibited in my countenance, for Mr. Kirwin hastened to say, “Immediately upon your being taken ill, all the",100
Frankenstein_partition_ba,Frankenstein,horror,33972,"words or letters. “The family, after having been thus occupied for a short time, extinguished their lights and retired, as I conjectured, to rest.” Chapter 12 “I lay on my straw, but I could not sleep. I thought of the occurrences of the day. What chiefly struck me was the gentle manners of these people, and I longed to join them, but dared not. I remembered too well the treatment I had suffered the night before from the barbarous villagers, and resolved, whatever course of conduct I might hereafter think it right to pursue, that for the present I would",100
Frankenstein_partition_bb,Frankenstein,horror,32406,"with a speed of which his debilitated form hardly appeared capable. His appearance, different from any I had ever before seen, and his flight somewhat surprised me. But I was enchanted by the appearance of the hut; here the snow and rain could not penetrate; the ground was dry; and it presented to me then as exquisite and divine a retreat as Pandæmonium appeared to the dæmons of hell after their sufferings in the lake of fire. I greedily devoured the remnants of the shepherd’s breakfast, which consisted of bread, cheese, milk, and wine; the latter, however, I did not",100
Frankenstein_partition_bc,Frankenstein,horror,36347,"complexion wondrously fair, each cheek tinged with a lovely pink. “Felix seemed ravished with delight when he saw her, every trait of sorrow vanished from his face, and it instantly expressed a degree of ecstatic joy, of which I could hardly have believed it capable; his eyes sparkled, as his cheek flushed with pleasure; and at that moment I thought him as beautiful as the stranger. She appeared affected by different feelings; wiping a few tears from her lovely eyes, she held out her hand to Felix, who kissed it rapturously and called her, as well as I could distinguish,",100
Frankenstein_partition_bd,Frankenstein,horror,68327,"in a degree almost too severe to support. The peasants were shut up in their hovels, and only a few of the most hardy ventured forth to seize the animals whom starvation had forced from their hiding-places to seek for prey. The rivers were covered with ice, and no fish could be procured; and thus I was cut off from my chief article of maintenance. The triumph of my enemy increased with the difficulty of my labours. One inscription that he left was in these words: “Prepare! Your toils only begin; wrap yourself in furs and provide food, for we",100
Frankenstein_partition_be,Frankenstein,horror,63517,"these means gained a greater degree of tranquillity. Indeed, as the period approached, the threat appeared more as a delusion, not to be regarded as worthy to disturb my peace, while the happiness I hoped for in my marriage wore a greater appearance of certainty as the day fixed for its solemnisation drew nearer and I heard it continually spoken of as an occurrence which no accident could possibly prevent. Elizabeth seemed happy; my tranquil demeanour contributed greatly to calm her mind. But on the day that was to fulfil my wishes and my destiny, she was melancholy, and a",100
Frankenstein_partition_bf,Frankenstein,horror,31358,"and half frightened, as it were, instinctively, finding myself so desolate. Before I had quitted your apartment, on a sensation of cold, I had covered myself with some clothes, but these were insufficient to secure me from the dews of night. I was a poor, helpless, miserable wretch; I knew, and could distinguish, nothing; but feeling pain invade me on all sides, I sat down and wept. “Soon a gentle light stole over the heavens and gave me a sensation of pleasure. I started up and beheld a radiant form rise from among the trees. [The moon] I gazed with",100
Frankenstein_partition_bg,Frankenstein,horror,35992,"in various arts of cultivation. The birds sang in more cheerful notes, and the leaves began to bud forth on the trees. Happy, happy earth! Fit habitation for gods, which, so short a time before, was bleak, damp, and unwholesome. My spirits were elevated by the enchanting appearance of nature; the past was blotted from my memory, the present was tranquil, and the future gilded by bright rays of hope and anticipations of joy.” Chapter 13 “I now hasten to the more moving part of my story. I shall relate events that impressed me with feelings which, from what I",100
Frankenstein_partition_bh,Frankenstein,horror,57654,"departed. Besides, they observed that it appeared that I had brought the body from another place, and it was likely that as I did not appear to know the shore, I might have put into the harbour ignorant of the distance of the town of —— from the place where I had deposited the corpse. Mr. Kirwin, on hearing this evidence, desired that I should be taken into the room where the body lay for interment, that it might be observed what effect the sight of it would produce upon me. This idea was probably suggested by the extreme agitation",100
Frankenstein_partition_bi,Frankenstein,horror,10155,"father a respite of some weeks. It appeared to me sacrilege so soon to leave the repose, akin to death, of the house of mourning and to rush into the thick of life. I was new to sorrow, but it did not the less alarm me. I was unwilling to quit the sight of those that remained to me, and above all, I desired to see my sweet Elizabeth in some degree consoled. She indeed veiled her grief and strove to act the comforter to us all. She looked steadily on life and assumed its duties with courage and zeal.",100
Frankenstein_partition_bj,Frankenstein,horror,37450,"I listened to the instructions which Felix bestowed upon the Arabian, the strange system of human society was explained to me. I heard of the division of property, of immense wealth and squalid poverty, of rank, descent, and noble blood. “The words induced me to turn towards myself. I learned that the possessions most esteemed by your fellow creatures were high and unsullied descent united with riches. A man might be respected with only one of these advantages, but without either he was considered, except in very rare instances, as a vagabond and a slave, doomed to waste his powers",100
Frankenstein_partition_bk,Frankenstein,horror,30735,"left me no power to consider whether I am just to you or not. Begone! Relieve me from the sight of your detested form.” “Thus I relieve thee, my creator,” he said, and placed his hated hands before my eyes, which I flung from me with violence; “thus I take from thee a sight which you abhor. Still thou canst listen to me and grant me thy compassion. By the virtues that I once possessed, I demand this from you. Hear my tale; it is long and strange, and the temperature of this place is not fitting to your fine",100
Frankenstein_partition_bl,Frankenstein,horror,35614,"my hovel was uniform. During the morning I attended the motions of the cottagers, and when they were dispersed in various occupations, I slept; the remainder of the day was spent in observing my friends. When they had retired to rest, if there was any moon or the night was star-light, I went into the woods and collected my own food and fuel for the cottage. When I returned, as often as it was necessary, I cleared their path from the snow and performed those offices that I had seen done by Felix. I afterwards found that these labours, performed",100
Frankenstein_partition_bm,Frankenstein,horror,44020,"dispersed the clouds that had loitered in the heavens; the blast tore along like a mighty avalanche and produced a kind of insanity in my spirits that burst all bounds of reason and reflection. I lighted the dry branch of a tree and danced with fury around the devoted cottage, my eyes still fixed on the western horizon, the edge of which the moon nearly touched. A part of its orb was at length hid, and I waved my brand; it sank, and with a loud scream I fired the straw, and heath, and bushes, which I had collected. The",100
Frankenstein_partition_bn,Frankenstein,horror,41904,"children had departed, he took up his guitar and played several mournful but sweet airs, more sweet and mournful than I had ever heard him play before. At first his countenance was illuminated with pleasure, but as he continued, thoughtfulness and sadness succeeded; at length, laying aside the instrument, he sat absorbed in reflection. “My heart beat quick; this was the hour and moment of trial, which would decide my hopes or realise my fears. The servants were gone to a neighbouring fair. All was silent in and around the cottage; it was an excellent opportunity; yet, when I proceeded",100
Frankenstein_partition_bo,Frankenstein,horror,70798,"be afterwards modified, are never eradicated; and they can judge of our actions with more certain conclusions as to the integrity of our motives. A sister or a brother can never, unless indeed such symptoms have been shown early, suspect the other of fraud or false dealing, when another friend, however strongly he may be attached, may, in spite of himself, be contemplated with suspicion. But I enjoyed friends, dear not only through habit and association, but from their own merits; and wherever I am, the soothing voice of my Elizabeth and the conversation of Clerval will be ever whispered",100
Frankenstein_partition_bp,Frankenstein,horror,10561,"hitherto been remarkably secluded and domestic, and this had given me invincible repugnance to new countenances. I loved my brothers, Elizabeth, and Clerval; these were “old familiar faces,” but I believed myself totally unfitted for the company of strangers. Such were my reflections as I commenced my journey; but as I proceeded, my spirits and hopes rose. I ardently desired the acquisition of knowledge. I had often, when at home, thought it hard to remain during my youth cooped up in one place and had longed to enter the world and take my station among other human beings. Now my",100
Frankenstein_partition_bq,Frankenstein,horror,18136,"vacillating in her repentance. She sometimes begged Justine to forgive her unkindness, but much oftener accused her of having caused the deaths of her brothers and sister. Perpetual fretting at length threw Madame Moritz into a decline, which at first increased her irritability, but she is now at peace for ever. She died on the first approach of cold weather, at the beginning of this last winter. Justine has just returned to us; and I assure you I love her tenderly. She is very clever and gentle, and extremely pretty; as I mentioned before, her mien and her expression continually",100
Frankenstein_partition_br,Frankenstein,horror,19769,"his soul. The resources of his mind on this occasion were truly astonishing: his conversation was full of imagination; and very often, in imitation of the Persian and Arabic writers, he invented tales of wonderful fancy and passion. At other times he repeated my favourite poems, or drew me out into arguments, which he supported with great ingenuity. We returned to our college on a Sunday afternoon: the peasants were dancing, and every one we met appeared gay and happy. My own spirits were high, and I bounded along with feelings of unbridled joy and hilarity. Chapter 7 On my",100
Frankenstein_partition_bs,Frankenstein,horror,30311,"me a fiend. Make me happy, and I shall again be virtuous.” “Begone! I will not hear you. There can be no community between you and me; we are enemies. Begone, or let us try our strength in a fight, in which one must fall.” “How can I move thee? Will no entreaties cause thee to turn a favourable eye upon thy creature, who implores thy goodness and compassion? Believe me, Frankenstein, I was benevolent; my soul glowed with love and humanity; but am I not alone, miserably alone? You, my creator, abhor me; what hope can I gather from",100
Frankenstein_partition_bt,Frankenstein,horror,50205,"these were my sensations, who can describe those of Henry? He felt as if he had been transported to Fairy-land and enjoyed a happiness seldom tasted by man. “I have seen,” he said, “the most beautiful scenes of my own country; I have visited the lakes of Lucerne and Uri, where the snowy mountains descend almost perpendicularly to the water, casting black and impenetrable shades, which would cause a gloomy and mournful appearance were it not for the most verdant islands that relieve the eye by their gay appearance; I have seen this lake agitated by a tempest, when the",100
Frankenstein_partition_bu,Frankenstein,horror,20028,"smiles delighted and warmed my heart, who was so gentle, yet so gay! Victor, he is murdered! “I will not attempt to console you; but will simply relate the circumstances of the transaction. “Last Thursday (May 7th), I, my niece, and your two brothers, went to walk in Plainpalais. The evening was warm and serene, and we prolonged our walk farther than usual. It was already dusk before we thought of returning; and then we discovered that William and Ernest, who had gone on before, were not to be found. We accordingly rested on a seat until they should return.",100
Frankenstein_partition_bv,Frankenstein,horror,28043,"fainting limbs to some untrodden brake, there to gaze upon the arrow which had pierced it, and to die, was but a type of me. Sometimes I could cope with the sullen despair that overwhelmed me, but sometimes the whirlwind passions of my soul drove me to seek, by bodily exercise and by change of place, some relief from my intolerable sensations. It was during an access of this kind that I suddenly left my home, and bending my steps towards the near Alpine valleys, sought in the magnificence, the eternity of such scenes, to forget myself and my ephemeral,",100
Frankenstein_partition_bw,Frankenstein,horror,8418,"looked carelessly at the title page of my book and said, “Ah! Cornelius Agrippa! My dear Victor, do not waste your time upon this; it is sad trash.” If, instead of this remark, my father had taken the pains to explain to me that the principles of Agrippa had been entirely exploded and that a modern system of science had been introduced which possessed much greater powers than the ancient, because the powers of the latter were chimerical, while those of the former were real and practical, under such circumstances I should certainly have thrown Agrippa aside and have contented",100
Frankenstein_partition_bx,Frankenstein,horror,54377,"began; what is it that you intend? Do you dare to break your promise? I have endured toil and misery; I left Switzerland with you; I crept along the shores of the Rhine, among its willow islands and over the summits of its hills. I have dwelt many months in the heaths of England and among the deserts of Scotland. I have endured incalculable fatigue, and cold, and hunger; do you dare destroy my hopes?” “Begone! I do break my promise; never will I create another like yourself, equal in deformity and wickedness.” “Slave, I before reasoned with you, but",100
Frankenstein_partition_by,Frankenstein,horror,53424,"unequal; I grew restless and nervous. Every moment I feared to meet my persecutor. Sometimes I sat with my eyes fixed on the ground, fearing to raise them lest they should encounter the object which I so much dreaded to behold. I feared to wander from the sight of my fellow creatures lest when alone he should come to claim his companion. In the mean time I worked on, and my labour was already considerably advanced. I looked towards its completion with a tremulous and eager hope, which I dared not trust myself to question but which was intermixed with",100
Frankenstein_partition_bz,Frankenstein,horror,43369,"children. I ought to have familiarised the old De Lacey to me, and by degrees to have discovered myself to the rest of his family, when they should have been prepared for my approach. But I did not believe my errors to be irretrievable, and after much consideration I resolved to return to the cottage, seek the old man, and by my representations win him to my party. “These thoughts calmed me, and in the afternoon I sank into a profound sleep; but the fever of my blood did not allow me to be visited by peaceful dreams. The horrible",100
Frankenstein_partition_ca,Frankenstein,horror,71121,"have visitings of despair and yet be tortured by hope. Oh! My beloved sister, the sickening failing of your heart-felt expectations is, in prospect, more terrible to me than my own death. But you have a husband and lovely children; you may be happy. Heaven bless you and make you so! My unfortunate guest regards me with the tenderest compassion. He endeavours to fill me with hope and talks as if life were a possession which he valued. He reminds me how often the same accidents have happened to other navigators who have attempted this sea, and in spite of",100
Frankenstein_partition_cb,Frankenstein,horror,61069,"Justine, and Henry—they all died by my hands.” My father had often, during my imprisonment, heard me make the same assertion; when I thus accused myself, he sometimes seemed to desire an explanation, and at others he appeared to consider it as the offspring of delirium, and that, during my illness, some idea of this kind had presented itself to my imagination, the remembrance of which I preserved in my convalescence. I avoided explanation and maintained a continual silence concerning the wretch I had created. I had a persuasion that I should be supposed mad, and this in itself would",100
Frankenstein_partition_cc,Frankenstein,horror,54496,"can make you so wretched that the light of day will be hateful to you. You are my creator, but I am your master; obey!” “The hour of my irresolution is past, and the period of your power is arrived. Your threats cannot move me to do an act of wickedness; but they confirm me in a determination of not creating you a companion in vice. Shall I, in cool blood, set loose upon the earth a dæmon whose delight is in death and wretchedness? Begone! I am firm, and your words will only exasperate my rage.” The monster saw",100
Frankenstein_partition_cd,Frankenstein,horror,8161,"not unfolded to him the real loveliness of beneficence and made the doing good the end and aim of his soaring ambition. I feel exquisite pleasure in dwelling on the recollections of childhood, before misfortune had tainted my mind and changed its bright visions of extensive usefulness into gloomy and narrow reflections upon self. Besides, in drawing the picture of my early days, I also record those events which led, by insensible steps, to my after tale of misery, for when I would account to myself for the birth of that passion which afterwards ruled my destiny I find it",100
Frankenstein_partition_ce,Frankenstein,horror,27110,"the shore—often, I say, I was tempted to plunge into the silent lake, that the waters might close over me and my calamities for ever. But I was restrained, when I thought of the heroic and suffering Elizabeth, whom I tenderly loved, and whose existence was bound up in mine. I thought also of my father and surviving brother; should I by my base desertion leave them exposed and unprotected to the malice of the fiend whom I had let loose among them? At these moments I wept bitterly and wished that peace would revisit my mind only that I",100
Frankenstein_partition_cf,Frankenstein,horror,55069,"feelings became calmer, if it may be called calmness when the violence of rage sinks into the depths of despair. I left the house, the horrid scene of the last night’s contention, and walked on the beach of the sea, which I almost regarded as an insuperable barrier between me and my fellow creatures; nay, a wish that such should prove the fact stole across me. I desired that I might pass my life on that barren rock, wearily, it is true, but uninterrupted by any sudden shock of misery. If I returned, it was to be sacrificed or to",100
Frankenstein_partition_cg,Frankenstein,horror,51049,"information they might give me on the subject in which my interest was so terribly profound. Company was irksome to me; when alone, I could fill my mind with the sights of heaven and earth; the voice of Henry soothed me, and I could thus cheat myself into a transitory peace. But busy, uninteresting, joyous faces brought back despair to my heart. I saw an insurmountable barrier placed between me and my fellow men; this barrier was sealed with the blood of William and Justine, and to reflect on the events connected with those names filled my soul with anguish.",100
Frankenstein_partition_ch,Frankenstein,horror,2560,"very tenderly. Remember me with affection, should you never hear from me again. Your affectionate brother, Robert Walton Letter 3 _To Mrs. Saville, England._ July 7th, 17—. My dear Sister, I write a few lines in haste to say that I am safe—and well advanced on my voyage. This letter will reach England by a merchantman now on its homeward voyage from Archangel; more fortunate than I, who may not see my native land, perhaps, for many years. I am, however, in good spirits: my men are bold and apparently firm of purpose, nor do the floating sheets of ice",100
Frankenstein_partition_ci,Frankenstein,horror,49857,"sun, and more happy when he beheld it rise and recommence a new day. He pointed out to me the shifting colours of the landscape and the appearances of the sky. “This is what it is to live,” he cried; “now I enjoy existence! But you, my dear Frankenstein, wherefore are you desponding and sorrowful!” In truth, I was occupied by gloomy thoughts and neither saw the descent of the evening star nor the golden sunrise reflected in the Rhine. And you, my friend, would be far more amused with the journal of Clerval, who observed the scenery with an",100
Frankenstein_partition_cj,Frankenstein,horror,62518,"my immediate union with my cousin would conduce either to hers or my father’s happiness, my adversary’s designs against my life should not retard it a single hour. In this state of mind I wrote to Elizabeth. My letter was calm and affectionate. “I fear, my beloved girl,” I said, “little happiness remains for us on earth; yet all that I may one day enjoy is centred in you. Chase away your idle fears; to you alone do I consecrate my life and my endeavours for contentment. I have one secret, Elizabeth, a dreadful one; when revealed to you, it",100
Frankenstein_partition_ck,Frankenstein,horror,772,"into the channel of their earlier bent. Six years have passed since I resolved on my present undertaking. I can, even now, remember the hour from which I dedicated myself to this great enterprise. I commenced by inuring my body to hardship. I accompanied the whale-fishers on several expeditions to the North Sea; I voluntarily endured cold, famine, thirst, and want of sleep; I often worked harder than the common sailors during the day and devoted my nights to the study of mathematics, the theory of medicine, and those branches of physical science from which a naval adventurer might derive",100
Frankenstein_partition_cl,Frankenstein,horror,46105,"alone can gratify. We may not part until you have promised to comply with my requisition. I am alone and miserable; man will not associate with me; but one as deformed and horrible as myself would not deny herself to me. My companion must be of the same species and have the same defects. This being you must create.” Chapter 17 The being finished speaking and fixed his looks upon me in the expectation of a reply. But I was bewildered, perplexed, and unable to arrange my ideas sufficiently to understand the full extent of his proposition. He continued, “You",100
Frankenstein_partition_cm,Frankenstein,horror,39139,"formed far other plans. He loathed the idea that his daughter should be united to a Christian, but he feared the resentment of Felix if he should appear lukewarm, for he knew that he was still in the power of his deliverer if he should choose to betray him to the Italian state which they inhabited. He revolved a thousand plans by which he should be enabled to prolong the deceit until it might be no longer necessary, and secretly to take his daughter with him when he departed. His plans were facilitated by the news which arrived from Paris.",100
Frankenstein_partition_cn,Frankenstein,horror,51116,"placed between me and my fellow men; this barrier was sealed with the blood of William and Justine, and to reflect on the events connected with those names filled my soul with anguish. But in Clerval I saw the image of my former self; he was inquisitive and anxious to gain experience and instruction. The difference of manners which he observed was to him an inexhaustible source of instruction and amusement. He was also pursuing an object he had long had in view. His design was to visit India, in the belief that he had in his knowledge of its",100
Frankenstein_partition_co,Frankenstein,horror,54921,"with him in mortal strife? But I had suffered him to depart, and he had directed his course towards the mainland. I shuddered to think who might be the next victim sacrificed to his insatiate revenge. And then I thought again of his words—“_I will be with you on your wedding-night._” That, then, was the period fixed for the fulfilment of my destiny. In that hour I should die and at once satisfy and extinguish his malice. The prospect did not move me to fear; yet when I thought of my beloved Elizabeth, of her tears and endless sorrow, when",100
Frankenstein_partition_cp,Frankenstein,horror,70545,"idea and executed the creation of a man. Even now I cannot recollect without passion my reveries while the work was incomplete. I trod heaven in my thoughts, now exulting in my powers, now burning with the idea of their effects. From my infancy I was imbued with high hopes and a lofty ambition; but how am I sunk! Oh! My friend, if you had known me as I once was, you would not recognise me in this state of degradation. Despondency rarely visited my heart; a high destiny seemed to bear me on, until I fell, never, never again",100
Frankenstein_partition_cq,Frankenstein,horror,71582,"or even in possibility, refuse this demand? I hesitated before I answered, when Frankenstein, who had at first been silent, and indeed appeared hardly to have force enough to attend, now roused himself; his eyes sparkled, and his cheeks flushed with momentary vigour. Turning towards the men, he said, “What do you mean? What do you demand of your captain? Are you, then, so easily turned from your design? Did you not call this a glorious expedition? “And wherefore was it glorious? Not because the way was smooth and placid as a southern sea, but because it was full of",100
Frankenstein_partition_cr,Frankenstein,horror,28906,"they diverted my mind from the thoughts over which it had brooded for the last month. I retired to rest at night; my slumbers, as it were, waited on and ministered to by the assemblance of grand shapes which I had contemplated during the day. They congregated round me; the unstained snowy mountain-top, the glittering pinnacle, the pine woods, and ragged bare ravine, the eagle, soaring amidst the clouds—they all gathered round me and bade me be at peace. Where had they fled when the next morning I awoke? All of soul-inspiriting fled with sleep, and dark melancholy clouded every",100
Frankenstein_partition_cs,Frankenstein,horror,63993,"where we can distinguish every pebble that lies at the bottom. What a divine day! How happy and serene all nature appears!” Thus Elizabeth endeavoured to divert her thoughts and mine from all reflection upon melancholy subjects. But her temper was fluctuating; joy for a few instants shone in her eyes, but it continually gave place to distraction and reverie. The sun sank lower in the heavens; we passed the river Drance and observed its path through the chasms of the higher and the glens of the lower hills. The Alps here come closer to the lake, and we approached",100
Frankenstein_partition_ct,Frankenstein,horror,28760,"is advancing down from the summit of the hills to barricade the valley. The abrupt sides of vast mountains were before me; the icy wall of the glacier overhung me; a few shattered pines were scattered around; and the solemn silence of this glorious presence-chamber of imperial Nature was broken only by the brawling waves or the fall of some vast fragment, the thunder sound of the avalanche or the cracking, reverberated along the mountains, of the accumulated ice, which, through the silent working of immutable laws, was ever and anon rent and torn, as if it had been but",100
Frankenstein_partition_cu,Frankenstein,horror,35774,"appeared so miserable and Agatha so sad. I thought (foolish wretch!) that it might be in my power to restore happiness to these deserving people. When I slept or was absent, the forms of the venerable blind father, the gentle Agatha, and the excellent Felix flitted before me. I looked upon them as superior beings who would be the arbiters of my future destiny. I formed in my imagination a thousand pictures of presenting myself to them, and their reception of me. I imagined that they would be disgusted, until, by my gentle demeanour and conciliating words, I should first",100
Frankenstein_partition_cv,Frankenstein,horror,57125,"the night before with his son and brother-in-law, Daniel Nugent, when, about ten o’clock, they observed a strong northerly blast rising, and they accordingly put in for port. It was a very dark night, as the moon had not yet risen; they did not land at the harbour, but, as they had been accustomed, at a creek about two miles below. He walked on first, carrying a part of the fishing tackle, and his companions followed him at some distance. As he was proceeding along the sands, he struck his foot against something and fell at his length on the",100
Frankenstein_partition_cw,Frankenstein,horror,63654,"of preparation, only recognised in the melancholy of his niece the diffidence of a bride. After the ceremony was performed a large party assembled at my father’s, but it was agreed that Elizabeth and I should commence our journey by water, sleeping that night at Evian and continuing our voyage on the following day. The day was fair, the wind favourable; all smiled on our nuptial embarkation. Those were the last moments of my life during which I enjoyed the feeling of happiness. We passed rapidly along; the sun was hot, but we were sheltered from its rays by a",100
Frankenstein_partition_cx,Frankenstein,horror,3804,"“To seek one who fled from me.” “And did the man whom you pursued travel in the same fashion?” “Yes.” “Then I fancy we have seen him, for the day before we picked you up we saw some dogs drawing a sledge, with a man in it, across the ice.” This aroused the stranger’s attention, and he asked a multitude of questions concerning the route which the dæmon, as he called him, had pursued. Soon after, when he was alone with me, he said, “I have, doubtless, excited your curiosity, as well as that of these good people; but you",100
Frankenstein_partition_cy,Frankenstein,horror,50968,"secondary object; I was principally occupied with the means of obtaining the information necessary for the completion of my promise and quickly availed myself of the letters of introduction that I had brought with me, addressed to the most distinguished natural philosophers. If this journey had taken place during my days of study and happiness, it would have afforded me inexpressible pleasure. But a blight had come over my existence, and I only visited these people for the sake of the information they might give me on the subject in which my interest was so terribly profound. Company was irksome",100
Frankenstein_partition_cz,Frankenstein,horror,44057,"dry branch of a tree and danced with fury around the devoted cottage, my eyes still fixed on the western horizon, the edge of which the moon nearly touched. A part of its orb was at length hid, and I waved my brand; it sank, and with a loud scream I fired the straw, and heath, and bushes, which I had collected. The wind fanned the fire, and the cottage was quickly enveloped by the flames, which clung to it and licked it with their forked and destroying tongues. “As soon as I was convinced that no assistance could save",100
Frankenstein_partition_da,Frankenstein,horror,52994,"whose gaunt and scraggy limbs gave tokens of their miserable fare. Vegetables and bread, when they indulged in such luxuries, and even fresh water, was to be procured from the mainland, which was about five miles distant. On the whole island there were but three miserable huts, and one of these was vacant when I arrived. This I hired. It contained but two rooms, and these exhibited all the squalidness of the most miserable penury. The thatch had fallen in, the walls were unplastered, and the door was off its hinges. I ordered it to be repaired, bought some furniture,",100
Frankenstein_partition_db,Frankenstein,horror,21632,"stole from behind a clump of trees near me; I stood fixed, gazing intently: I could not be mistaken. A flash of lightning illuminated the object, and discovered its shape plainly to me; its gigantic stature, and the deformity of its aspect more hideous than belongs to humanity, instantly informed me that it was the wretch, the filthy dæmon, to whom I had given life. What did he there? Could he be (I shuddered at the conception) the murderer of my brother? No sooner did that idea cross my imagination, than I became convinced of its truth; my teeth chattered,",100
Frankenstein_partition_dc,Frankenstein,horror,61261,"this occasion my father said, with an expression of unbounded wonder, “My dearest Victor, what infatuation is this? My dear son, I entreat you never to make such an assertion again.” “I am not mad,” I cried energetically; “the sun and the heavens, who have viewed my operations, can bear witness of my truth. I am the assassin of those most innocent victims; they died by my machinations. A thousand times would I have shed my own blood, drop by drop, to have saved their lives; but I could not, my father, indeed I could not sacrifice the whole human",100
Frankenstein_partition_dd,Frankenstein,horror,16728,"unremitting attentions of my friend could have restored me to life. The form of the monster on whom I had bestowed existence was for ever before my eyes, and I raved incessantly concerning him. Doubtless my words surprised Henry; he at first believed them to be the wanderings of my disturbed imagination, but the pertinacity with which I continually recurred to the same subject persuaded him that my disorder indeed owed its origin to some uncommon and terrible event. By very slow degrees, and with frequent relapses that alarmed and grieved my friend, I recovered. I remember the first time",100
Frankenstein_partition_de,Frankenstein,horror,70008,"on this point he was impenetrable. “Are you mad, my friend?” said he. “Or whither does your senseless curiosity lead you? Would you also create for yourself and the world a demoniacal enemy? Peace, peace! Learn my miseries and do not seek to increase your own.” Frankenstein discovered that I made notes concerning his history; he asked to see them and then himself corrected and augmented them in many places, but principally in giving the life and spirit to the conversations he held with his enemy. “Since you have preserved my narration,” said he, “I would not that a mutilated",100
Frankenstein_partition_df,Frankenstein,horror,3534,"to animation by rubbing him with brandy and forcing him to swallow a small quantity. As soon as he showed signs of life we wrapped him up in blankets and placed him near the chimney of the kitchen stove. By slow degrees he recovered and ate a little soup, which restored him wonderfully. Two days passed in this manner before he was able to speak, and I often feared that his sufferings had deprived him of understanding. When he had in some measure recovered, I removed him to my own cabin and attended on him as much as my duty",100
Frankenstein_partition_dg,Frankenstein,horror,51645,"It was here that Charles I. had collected his forces. This city had remained faithful to him, after the whole nation had forsaken his cause to join the standard of Parliament and liberty. The memory of that unfortunate king and his companions, the amiable Falkland, the insolent Goring, his queen, and son, gave a peculiar interest to every part of the city which they might be supposed to have inhabited. The spirit of elder days found a dwelling here, and we delighted to trace its footsteps. If these feelings had not found an imaginary gratification, the appearance of the city",100
Frankenstein_partition_dh,Frankenstein,horror,73975,"it is not thus—not thus,” interrupted the being. “Yet such must be the impression conveyed to you by what appears to be the purport of my actions. Yet I seek not a fellow feeling in my misery. No sympathy may I ever find. When I first sought it, it was the love of virtue, the feelings of happiness and affection with which my whole being overflowed, that I wished to be participated. But now that virtue has become to me a shadow, and that happiness and affection are turned into bitter and loathing despair, in what should I seek for",100
Frankenstein_partition_di,Frankenstein,horror,3552,"he showed signs of life we wrapped him up in blankets and placed him near the chimney of the kitchen stove. By slow degrees he recovered and ate a little soup, which restored him wonderfully. Two days passed in this manner before he was able to speak, and I often feared that his sufferings had deprived him of understanding. When he had in some measure recovered, I removed him to my own cabin and attended on him as much as my duty would permit. I never saw a more interesting creature: his eyes have generally an expression of wildness, and",100
Frankenstein_partition_dj,Frankenstein,horror,11003,"a fellow professor, would lecture upon chemistry the alternate days that he omitted. I returned home not disappointed, for I have said that I had long considered those authors useless whom the professor reprobated; but I returned not at all the more inclined to recur to these studies in any shape. M. Krempe was a little squat man with a gruff voice and a repulsive countenance; the teacher, therefore, did not prepossess me in favour of his pursuits. In rather a too philosophical and connected a strain, perhaps, I have given an account of the conclusions I had come to",100
Frankenstein_partition_dk,Frankenstein,horror,56179,"I might be driven into the wide Atlantic and feel all the tortures of starvation or be swallowed up in the immeasurable waters that roared and buffeted around me. I had already been out many hours and felt the torment of a burning thirst, a prelude to my other sufferings. I looked on the heavens, which were covered by clouds that flew before the wind, only to be replaced by others; I looked upon the sea; it was to be my grave. “Fiend,” I exclaimed, “your task is already fulfilled!” I thought of Elizabeth, of my father, and of Clerval—all",100
Frankenstein_partition_dl,Frankenstein,horror,17786,"human being. “Justine, you may remember, was a great favourite of yours; and I recollect you once remarked that if you were in an ill humour, one glance from Justine could dissipate it, for the same reason that Ariosto gives concerning the beauty of Angelica—she looked so frank-hearted and happy. My aunt conceived a great attachment for her, by which she was induced to give her an education superior to that which she had at first intended. This benefit was fully repaid; Justine was the most grateful little creature in the world: I do not mean that she made any",100
Frankenstein_partition_dm,Frankenstein,horror,60515,"by no vision and that Clerval, my friend and dearest companion, had fallen a victim to me and the monster of my creation. I repassed, in my memory, my whole life; my quiet happiness while residing with my family in Geneva, the death of my mother, and my departure for Ingolstadt. I remembered, shuddering, the mad enthusiasm that hurried me on to the creation of my hideous enemy, and I called to mind the night in which he first lived. I was unable to pursue the train of thought; a thousand feelings pressed upon me, and I wept bitterly. Ever",100
Frankenstein_partition_dn,Frankenstein,horror,23819,"perceived by a market-woman not far from the spot where the body of the murdered child had been afterwards found. The woman asked her what she did there, but she looked very strangely and only returned a confused and unintelligible answer. She returned to the house about eight o’clock, and when one inquired where she had passed the night, she replied that she had been looking for the child and demanded earnestly if anything had been heard concerning him. When shown the body, she fell into violent hysterics and kept her bed for several days. The picture was then produced",100
Frankenstein_partition_do,Frankenstein,horror,6590,"they had given life, added to the active spirit of tenderness that animated both, it may be imagined that while during every hour of my infant life I received a lesson of patience, of charity, and of self-control, I was so guided by a silken cord that all seemed but one train of enjoyment to me. For a long time I was their only care. My mother had much desired to have a daughter, but I continued their single offspring. When I was about five years old, while making an excursion beyond the frontiers of Italy, they passed a week",100
Frankenstein_partition_dp,Frankenstein,horror,34099,"woman arranged the cottage and prepared the food, and the youth departed after the first meal. “This day was passed in the same routine as that which preceded it. The young man was constantly employed out of doors, and the girl in various laborious occupations within. The old man, whom I soon perceived to be blind, employed his leisure hours on his instrument or in contemplation. Nothing could exceed the love and respect which the younger cottagers exhibited towards their venerable companion. They performed towards him every little office of affection and duty with gentleness, and he rewarded them by",100
Frankenstein_partition_dq,Frankenstein,horror,49689,"sedulous attention. She longed to bid me hasten my return; a thousand conflicting emotions rendered her mute as she bade me a tearful, silent farewell. I threw myself into the carriage that was to convey me away, hardly knowing whither I was going, and careless of what was passing around. I remembered only, and it was with a bitter anguish that I reflected on it, to order that my chemical instruments should be packed to go with me. Filled with dreary imaginations, I passed through many beautiful and majestic scenes, but my eyes were fixed and unobserving. I could only",100
Frankenstein_partition_dr,Frankenstein,horror,42906,"a stick. I could have torn him limb from limb, as the lion rends the antelope. But my heart sank within me as with bitter sickness, and I refrained. I saw him on the point of repeating his blow, when, overcome by pain and anguish, I quitted the cottage, and in the general tumult escaped unperceived to my hovel.” Chapter 16 “Cursed, cursed creator! Why did I live? Why, in that instant, did I not extinguish the spark of existence which you had so wantonly bestowed? I know not; despair had not yet taken possession of me; my feelings were",100
Frankenstein_partition_ds,Frankenstein,horror,27742,"feel as if I were walking on the edge of a precipice, towards which thousands are crowding and endeavouring to plunge me into the abyss. William and Justine were assassinated, and the murderer escapes; he walks about the world free, and perhaps respected. But even if I were condemned to suffer on the scaffold for the same crimes, I would not change places with such a wretch.” I listened to this discourse with the extremest agony. I, not in deed, but in effect, was the true murderer. Elizabeth read my anguish in my countenance, and kindly taking my hand, said,",100
Frankenstein_partition_dt,Frankenstein,horror,59598,"the coffin of Henry.” We were not allowed to converse for any length of time, for the precarious state of my health rendered every precaution necessary that could ensure tranquillity. Mr. Kirwin came in and insisted that my strength should not be exhausted by too much exertion. But the appearance of my father was to me like that of my good angel, and I gradually recovered my health. As my sickness quitted me, I was absorbed by a gloomy and black melancholy that nothing could dissipate. The image of Clerval was for ever before me, ghastly and murdered. More than",100
Frankenstein_partition_du,Frankenstein,horror,42840,"was opened, and Felix, Safie, and Agatha entered. Who can describe their horror and consternation on beholding me? Agatha fainted, and Safie, unable to attend to her friend, rushed out of the cottage. Felix darted forward, and with supernatural force tore me from his father, to whose knees I clung, in a transport of fury, he dashed me to the ground and struck me violently with a stick. I could have torn him limb from limb, as the lion rends the antelope. But my heart sank within me as with bitter sickness, and I refrained. I saw him on the",100
Frankenstein_partition_dv,Frankenstein,horror,44236,"with more fitness than to him who had given me life? Among the lessons that Felix had bestowed upon Safie, geography had not been omitted; I had learned from these the relative situations of the different countries of the earth. You had mentioned Geneva as the name of your native town, and towards this place I resolved to proceed. “But how was I to direct myself? I knew that I must travel in a southwesterly direction to reach my destination, but the sun was my only guide. I did not know the names of the towns that I was to",100
Frankenstein_partition_dw,Frankenstein,horror,49692,"longed to bid me hasten my return; a thousand conflicting emotions rendered her mute as she bade me a tearful, silent farewell. I threw myself into the carriage that was to convey me away, hardly knowing whither I was going, and careless of what was passing around. I remembered only, and it was with a bitter anguish that I reflected on it, to order that my chemical instruments should be packed to go with me. Filled with dreary imaginations, I passed through many beautiful and majestic scenes, but my eyes were fixed and unobserving. I could only think of the",100
Frankenstein_partition_dx,Frankenstein,horror,36471,"the cottage. Some conversation took place between him and his father, and the young stranger knelt at the old man’s feet and would have kissed his hand, but he raised her and embraced her affectionately. “I soon perceived that although the stranger uttered articulate sounds and appeared to have a language of her own, she was neither understood by nor herself understood the cottagers. They made many signs which I did not comprehend, but I saw that her presence diffused gladness through the cottage, dispelling their sorrow as the sun dissipates the morning mists. Felix seemed peculiarly happy and with",100
Frankenstein_partition_dy,Frankenstein,horror,55255,"now sank refreshed me; and when I awoke, I again felt as if I belonged to a race of human beings like myself, and I began to reflect upon what had passed with greater composure; yet still the words of the fiend rang in my ears like a death-knell; they appeared like a dream, yet distinct and oppressive as a reality. The sun had far descended, and I still sat on the shore, satisfying my appetite, which had become ravenous, with an oaten cake, when I saw a fishing-boat land close to me, and one of the men brought me",100
Frankenstein_partition_dz,Frankenstein,horror,33065,"and dank earth. I ate my breakfast with pleasure and was about to remove a plank to procure myself a little water when I heard a step, and looking through a small chink, I beheld a young creature, with a pail on her head, passing before my hovel. The girl was young and of gentle demeanour, unlike what I have since found cottagers and farmhouse servants to be. Yet she was meanly dressed, a coarse blue petticoat and a linen jacket being her only garb; her fair hair was plaited but not adorned: she looked patient yet sad. I lost",100
Frankenstein_partition_ea,Frankenstein,horror,10735,"to some of the principal professors. Chance—or rather the evil influence, the Angel of Destruction, which asserted omnipotent sway over me from the moment I turned my reluctant steps from my father’s door—led me first to M. Krempe, professor of natural philosophy. He was an uncouth man, but deeply imbued in the secrets of his science. He asked me several questions concerning my progress in the different branches of science appertaining to natural philosophy. I replied carelessly, and partly in contempt, mentioned the names of my alchemists as the principal authors I had studied. The professor stared. “Have you,” he",100
Frankenstein_partition_eb,Frankenstein,horror,61644,"time. I would not disturb you at this period, when so many misfortunes weigh upon you, but a conversation that I had with my uncle previous to his departure renders some explanation necessary before we meet. Explanation! You may possibly say, What can Elizabeth have to explain? If you really say this, my questions are answered and all my doubts satisfied. But you are distant from me, and it is possible that you may dread and yet be pleased with this explanation; and in a probability of this being the case, I dare not any longer postpone writing what, during",100
Frankenstein_partition_ec,Frankenstein,horror,2540,"I may receive your letters on some occasions when I need them most to support my spirits. I love you very tenderly. Remember me with affection, should you never hear from me again. Your affectionate brother, Robert Walton Letter 3 _To Mrs. Saville, England._ July 7th, 17—. My dear Sister, I write a few lines in haste to say that I am safe—and well advanced on my voyage. This letter will reach England by a merchantman now on its homeward voyage from Archangel; more fortunate than I, who may not see my native land, perhaps, for many years. I am,",100
Frankenstein_partition_ed,Frankenstein,horror,70702,"life, but he repulses the idea. “I thank you, Walton,” he said, “for your kind intentions towards so miserable a wretch; but when you speak of new ties and fresh affections, think you that any can replace those who are gone? Can any man be to me as Clerval was, or any woman another Elizabeth? Even where the affections are not strongly moved by any superior excellence, the companions of our childhood always possess a certain power over our minds which hardly any later friend can obtain. They know our infantine dispositions, which, however they may be afterwards modified, are",100
Frankenstein_partition_ee,Frankenstein,horror,6826,"Among these there was one which attracted my mother far above all the rest. She appeared of a different stock. The four others were dark-eyed, hardy little vagrants; this child was thin and very fair. Her hair was the brightest living gold, and despite the poverty of her clothing, seemed to set a crown of distinction on her head. Her brow was clear and ample, her blue eyes cloudless, and her lips and the moulding of her face so expressive of sensibility and sweetness that none could behold her without looking on her as of a distinct species, a being",100
Frankenstein_partition_ef,Frankenstein,horror,45870,"aspect and blooming in the loveliness of youth and health. Here, I thought, is one of those whose joy-imparting smiles are bestowed on all but me. And then I bent over her and whispered, ‘Awake, fairest, thy lover is near—he who would give his life but to obtain one look of affection from thine eyes; my beloved, awake!’ “The sleeper stirred; a thrill of terror ran through me. Should she indeed awake, and see me, and curse me, and denounce the murderer? Thus would she assuredly act if her darkened eyes opened and she beheld me. The thought was madness;",100
Frankenstein_partition_eg,Frankenstein,horror,29389,"it only renders them more necessary beings. If our impulses were confined to hunger, thirst, and desire, we might be nearly free; but now we are moved by every wind that blows and a chance word or scene that that word may convey to us. We rest; a dream has power to poison sleep. We rise; one wand’ring thought pollutes the day. We feel, conceive, or reason; laugh or weep, Embrace fond woe, or cast our cares away; It is the same: for, be it joy or sorrow, The path of its departure still is free. Man’s yesterday may ne’er",100
Frankenstein_partition_eh,Frankenstein,horror,8993,"authors, the fulfilment of which I most eagerly sought; and if my incantations were always unsuccessful, I attributed the failure rather to my own inexperience and mistake than to a want of skill or fidelity in my instructors. And thus for a time I was occupied by exploded systems, mingling, like an unadept, a thousand contradictory theories and floundering desperately in a very slough of multifarious knowledge, guided by an ardent imagination and childish reasoning, till an accident again changed the current of my ideas. When I was about fifteen years old we had retired to our house near Belrive,",100
Frankenstein_partition_ei,Frankenstein,horror,5276,"that my tale conveys in its series internal evidence of the truth of the events of which it is composed.” You may easily imagine that I was much gratified by the offered communication, yet I could not endure that he should renew his grief by a recital of his misfortunes. I felt the greatest eagerness to hear the promised narrative, partly from curiosity and partly from a strong desire to ameliorate his fate if it were in my power. I expressed these feelings in my answer. “I thank you,” he replied, “for your sympathy, but it is useless; my fate",100
Frankenstein_partition_ej,Frankenstein,horror,4067,"promised that someone should watch for him and give him instant notice if any new object should appear in sight. Such is my journal of what relates to this strange occurrence up to the present day. The stranger has gradually improved in health but is very silent and appears uneasy when anyone except myself enters his cabin. Yet his manners are so conciliating and gentle that the sailors are all interested in him, although they have had very little communication with him. For my own part, I begin to love him as a brother, and his constant and deep grief",100
Frankenstein_partition_ek,Frankenstein,horror,32411,"his debilitated form hardly appeared capable. His appearance, different from any I had ever before seen, and his flight somewhat surprised me. But I was enchanted by the appearance of the hut; here the snow and rain could not penetrate; the ground was dry; and it presented to me then as exquisite and divine a retreat as Pandæmonium appeared to the dæmons of hell after their sufferings in the lake of fire. I greedily devoured the remnants of the shepherd’s breakfast, which consisted of bread, cheese, milk, and wine; the latter, however, I did not like. Then, overcome by fatigue,",100
Frankenstein_partition_el,Frankenstein,horror,26130,"a hell within me which nothing could extinguish. We stayed several hours with Justine, and it was with great difficulty that Elizabeth could tear herself away. “I wish,” cried she, “that I were to die with you; I cannot live in this world of misery.” Justine assumed an air of cheerfulness, while she with difficulty repressed her bitter tears. She embraced Elizabeth and said in a voice of half-suppressed emotion, “Farewell, sweet lady, dearest Elizabeth, my beloved and only friend; may heaven, in its bounty, bless and preserve you; may this be the last misfortune that you will ever suffer!",100
Frankenstein_partition_em,Frankenstein,horror,2671,"which we are advancing, appear to dismay them. We have already reached a very high latitude; but it is the height of summer, and although not so warm as in England, the southern gales, which blow us speedily towards those shores which I so ardently desire to attain, breathe a degree of renovating warmth which I had not expected. No incidents have hitherto befallen us that would make a figure in a letter. One or two stiff gales and the springing of a leak are accidents which experienced navigators scarcely remember to record, and I shall be well content if",100
Frankenstein_partition_en,Frankenstein,horror,19973,"and griefs; and how shall I inflict pain on my long absent son? I wish to prepare you for the woeful news, but I know it is impossible; even now your eye skims over the page to seek the words which are to convey to you the horrible tidings. “William is dead!—that sweet child, whose smiles delighted and warmed my heart, who was so gentle, yet so gay! Victor, he is murdered! “I will not attempt to console you; but will simply relate the circumstances of the transaction. “Last Thursday (May 7th), I, my niece, and your two brothers, went",100
Frankenstein_partition_eo,Frankenstein,horror,31266,"wearying me as I walked, I sought a place where I could receive shade. This was the forest near Ingolstadt; and here I lay by the side of a brook resting from my fatigue, until I felt tormented by hunger and thirst. This roused me from my nearly dormant state, and I ate some berries which I found hanging on the trees or lying on the ground. I slaked my thirst at the brook, and then lying down, was overcome by sleep. “It was dark when I awoke; I felt cold also, and half frightened, as it were, instinctively, finding",100
Frankenstein_partition_ep,Frankenstein,horror,16544,"tell. Oh, save me! Save me!” I imagined that the monster seized me; I struggled furiously and fell down in a fit. Poor Clerval! What must have been his feelings? A meeting, which he anticipated with such joy, so strangely turned to bitterness. But I was not the witness of his grief, for I was lifeless and did not recover my senses for a long, long time. This was the commencement of a nervous fever which confined me for several months. During all that time Henry was my only nurse. I afterwards learned that, knowing my father’s advanced age and",100
Frankenstein_partition_eq,Frankenstein,horror,62070,"has too sincere a love for you not to be made miserable by this supposition. Be happy, my friend; and if you obey me in this one request, remain satisfied that nothing on earth will have the power to interrupt my tranquillity. “Do not let this letter disturb you; do not answer tomorrow, or the next day, or even until you come, if it will give you pain. My uncle will send me news of your health, and if I see but one smile on your lips when we meet, occasioned by this or any other exertion of mine, I",100
Frankenstein_partition_er,Frankenstein,horror,14993,"black lips. The different accidents of life are not so changeable as the feelings of human nature. I had worked hard for nearly two years, for the sole purpose of infusing life into an inanimate body. For this I had deprived myself of rest and health. I had desired it with an ardour that far exceeded moderation; but now that I had finished, the beauty of the dream vanished, and breathless horror and disgust filled my heart. Unable to endure the aspect of the being I had created, I rushed out of the room and continued a long time traversing",100
Frankenstein_partition_es,Frankenstein,horror,73920,"sit among the ruins and lament the fall. Hypocritical fiend! If he whom you mourn still lived, still would he be the object, again would he become the prey, of your accursed vengeance. It is not pity that you feel; you lament only because the victim of your malignity is withdrawn from your power.” “Oh, it is not thus—not thus,” interrupted the being. “Yet such must be the impression conveyed to you by what appears to be the purport of my actions. Yet I seek not a fellow feeling in my misery. No sympathy may I ever find. When I",100
Frankenstein_partition_et,Frankenstein,horror,28569,"bade me weep no more. Then again the kindly influence ceased to act—I found myself fettered again to grief and indulging in all the misery of reflection. Then I spurred on my animal, striving so to forget the world, my fears, and more than all, myself—or, in a more desperate fashion, I alighted and threw myself on the grass, weighed down by horror and despair. At length I arrived at the village of Chamounix. Exhaustion succeeded to the extreme fatigue both of body and of mind which I had endured. For a short space of time I remained at the",100
Frankenstein_partition_eu,Frankenstein,horror,60952,"acts and the crimes which had their source in me! My father yielded at length to my desire to avoid society and strove by various arguments to banish my despair. Sometimes he thought that I felt deeply the degradation of being obliged to answer a charge of murder, and he endeavoured to prove to me the futility of pride. “Alas! My father,” said I, “how little do you know me. Human beings, their feelings and passions, would indeed be degraded if such a wretch as I felt pride. Justine, poor unhappy Justine, was as innocent as I, and she suffered",100
Frankenstein_partition_ev,Frankenstein,horror,33586,"placed it on the fire; then she and the youth went apart into a nook of the cottage, and he showed her a large loaf and a piece of cheese. She seemed pleased and went into the garden for some roots and plants, which she placed in water, and then upon the fire. She afterwards continued her work, whilst the young man went into the garden and appeared busily employed in digging and pulling up roots. After he had been employed thus about an hour, the young woman joined him and they entered the cottage together. “The old man had,",100
Frankenstein_partition_ew,Frankenstein,horror,48351,"my friends with a readier smile and a more cheerful heart. It was after my return from one of these rambles that my father, calling me aside, thus addressed me, “I am happy to remark, my dear son, that you have resumed your former pleasures and seem to be returning to yourself. And yet you are still unhappy and still avoid our society. For some time I was lost in conjecture as to the cause of this, but yesterday an idea struck me, and if it is well founded, I conjure you to avow it. Reserve on such a point",100
Frankenstein_partition_ex,Frankenstein,horror,21992,"endowed with the will and power to effect purposes of horror, such as the deed which he had now done, nearly in the light of my own vampire, my own spirit let loose from the grave, and forced to destroy all that was dear to me. Day dawned; and I directed my steps towards the town. The gates were open, and I hastened to my father’s house. My first thought was to discover what I knew of the murderer, and cause instant pursuit to be made. But I paused when I reflected on the story that I had to tell.",100
Frankenstein_partition_ey,Frankenstein,horror,15012,"worked hard for nearly two years, for the sole purpose of infusing life into an inanimate body. For this I had deprived myself of rest and health. I had desired it with an ardour that far exceeded moderation; but now that I had finished, the beauty of the dream vanished, and breathless horror and disgust filled my heart. Unable to endure the aspect of the being I had created, I rushed out of the room and continued a long time traversing my bed-chamber, unable to compose my mind to sleep. At length lassitude succeeded to the tumult I had before",100
Frankenstein_partition_ez,Frankenstein,horror,21465,"Alps of Savoy; vivid flashes of lightning dazzled my eyes, illuminating the lake, making it appear like a vast sheet of fire; then for an instant every thing seemed of a pitchy darkness, until the eye recovered itself from the preceding flash. The storm, as is often the case in Switzerland, appeared at once in various parts of the heavens. The most violent storm hung exactly north of the town, over the part of the lake which lies between the promontory of Belrive and the village of Copêt. Another storm enlightened Jura with faint flashes; and another darkened and sometimes",100
Frankenstein_partition_fa,Frankenstein,horror,40768,"of an omnipotent God warring with his creatures was capable of exciting. I often referred the several situations, as their similarity struck me, to my own. Like Adam, I was apparently united by no link to any other being in existence; but his state was far different from mine in every other respect. He had come forth from the hands of God a perfect creature, happy and prosperous, guarded by the especial care of his Creator; he was allowed to converse with and acquire knowledge from beings of a superior nature, but I was wretched, helpless, and alone. Many times",100
Frankenstein_partition_fb,Frankenstein,horror,14168,"The summer months passed while I was thus engaged, heart and soul, in one pursuit. It was a most beautiful season; never did the fields bestow a more plentiful harvest or the vines yield a more luxuriant vintage, but my eyes were insensible to the charms of nature. And the same feelings which made me neglect the scenes around me caused me also to forget those friends who were so many miles absent, and whom I had not seen for so long a time. I knew my silence disquieted them, and I well remembered the words of my father: “I",100
Frankenstein_partition_fc,Frankenstein,horror,3365,"vessel,” said he, “will you have the kindness to inform me whither you are bound?” You may conceive my astonishment on hearing such a question addressed to me from a man on the brink of destruction and to whom I should have supposed that my vessel would have been a resource which he would not have exchanged for the most precious wealth the earth can afford. I replied, however, that we were on a voyage of discovery towards the northern pole. Upon hearing this he appeared satisfied and consented to come on board. Good God! Margaret, if you had seen",100
Frankenstein_partition_fd,Frankenstein,horror,40888,"my protectors, the bitter gall of envy rose within me. “Another circumstance strengthened and confirmed these feelings. Soon after my arrival in the hovel I discovered some papers in the pocket of the dress which I had taken from your laboratory. At first I had neglected them, but now that I was able to decipher the characters in which they were written, I began to study them with diligence. It was your journal of the four months that preceded my creation. You minutely described in these papers every step you took in the progress of your work; this history was",100
Frankenstein_partition_fe,Frankenstein,horror,49192,"my father to comply. After so long a period of an absorbing melancholy that resembled madness in its intensity and effects, he was glad to find that I was capable of taking pleasure in the idea of such a journey, and he hoped that change of scene and varied amusement would, before my return, have restored me entirely to myself. The duration of my absence was left to my own choice; a few months, or at most a year, was the period contemplated. One paternal kind precaution he had taken to ensure my having a companion. Without previously communicating with",100
Frankenstein_partition_ff,Frankenstein,horror,51990,"its debasing and miserable fears to contemplate the divine ideas of liberty and self-sacrifice of which these sights were the monuments and the remembrancers. For an instant I dared to shake off my chains and look around me with a free and lofty spirit, but the iron had eaten into my flesh, and I sank again, trembling and hopeless, into my miserable self. We left Oxford with regret and proceeded to Matlock, which was our next place of rest. The country in the neighbourhood of this village resembled, to a greater degree, the scenery of Switzerland; but everything is on",100
Frankenstein_partition_fg,Frankenstein,horror,25995,"towards those who think of me with kindness. How sweet is the affection of others to such a wretch as I am! It removes more than half my misfortune, and I feel as if I could die in peace now that my innocence is acknowledged by you, dear lady, and your cousin.” Thus the poor sufferer tried to comfort others and herself. She indeed gained the resignation she desired. But I, the true murderer, felt the never-dying worm alive in my bosom, which allowed of no hope or consolation. Elizabeth also wept and was unhappy, but hers also was the",100
Frankenstein_partition_fh,Frankenstein,horror,9961,"whom we saw every day and whose very existence appeared a part of our own can have departed for ever—that the brightness of a beloved eye can have been extinguished and the sound of a voice so familiar and dear to the ear can be hushed, never more to be heard. These are the reflections of the first days; but when the lapse of time proves the reality of the evil, then the actual bitterness of grief commences. Yet from whom has not that rude hand rent away some dear connection? And why should I describe a sorrow which all",100
Frankenstein_partition_fi,Frankenstein,horror,31830,"hand into the live embers, but quickly drew it out again with a cry of pain. How strange, I thought, that the same cause should produce such opposite effects! I examined the materials of the fire, and to my joy found it to be composed of wood. I quickly collected some branches, but they were wet and would not burn. I was pained at this and sat still watching the operation of the fire. The wet wood which I had placed near the heat dried and itself became inflamed. I reflected on this, and by touching the various branches, I",100
Frankenstein_partition_fj,Frankenstein,horror,13356,"seemingly ineffectual light. I see by your eagerness and the wonder and hope which your eyes express, my friend, that you expect to be informed of the secret with which I am acquainted; that cannot be; listen patiently until the end of my story, and you will easily perceive why I am reserved upon that subject. I will not lead you on, unguarded and ardent as I then was, to your destruction and infallible misery. Learn from me, if not by my precepts, at least by my example, how dangerous is the acquirement of knowledge and how much happier that",100
Frankenstein_partition_fk,Frankenstein,horror,39529,"poverty, and while this distress had been the meed of his virtue, he gloried in it; but the ingratitude of the Turk and the loss of his beloved Safie were misfortunes more bitter and irreparable. The arrival of the Arabian now infused new life into his soul. “When the news reached Leghorn that Felix was deprived of his wealth and rank, the merchant commanded his daughter to think no more of her lover, but to prepare to return to her native country. The generous nature of Safie was outraged by this command; she attempted to expostulate with her father, but",100
Frankenstein_partition_fl,Frankenstein,horror,15866,"so dear to my recollection. I grasped his hand, and in a moment forgot my horror and misfortune; I felt suddenly, and for the first time during many months, calm and serene joy. I welcomed my friend, therefore, in the most cordial manner, and we walked towards my college. Clerval continued talking for some time about our mutual friends and his own good fortune in being permitted to come to Ingolstadt. “You may easily believe,” said he, “how great was the difficulty to persuade my father that all necessary knowledge was not comprised in the noble art of book-keeping; and,",100
Frankenstein_partition_fm,Frankenstein,horror,74177,"I run over the frightful catalogue of my sins, I cannot believe that I am the same creature whose thoughts were once filled with sublime and transcendent visions of the beauty and the majesty of goodness. But it is even so; the fallen angel becomes a malignant devil. Yet even that enemy of God and man had friends and associates in his desolation; I am alone. “You, who call Frankenstein your friend, seem to have a knowledge of my crimes and his misfortunes. But in the detail which he gave you of them he could not sum up the hours",100
Frankenstein_partition_fn,Frankenstein,horror,5383,"one event, and then I shall repose in peace. I understand your feeling,” continued he, perceiving that I wished to interrupt him; “but you are mistaken, my friend, if thus you will allow me to name you; nothing can alter my destiny; listen to my history, and you will perceive how irrevocably it is determined.” He then told me that he would commence his narrative the next day when I should be at leisure. This promise drew from me the warmest thanks. I have resolved every night, when I am not imperatively occupied by my duties, to record, as nearly",100
Frankenstein_partition_fo,Frankenstein,horror,45508,"‘monster! Ugly wretch! You wish to eat me and tear me to pieces. You are an ogre. Let me go, or I will tell my papa.’ “‘Boy, you will never see your father again; you must come with me.’ “‘Hideous monster! Let me go. My papa is a syndic—he is M. Frankenstein—he will punish you. You dare not keep me.’ “‘Frankenstein! you belong then to my enemy—to him towards whom I have sworn eternal revenge; you shall be my first victim.’ “The child still struggled and loaded me with epithets which carried despair to my heart; I grasped his throat",100
Frankenstein_partition_fp,Frankenstein,horror,69827,"could not continue his tale; at others, his voice broken, yet piercing, uttered with difficulty the words so replete with anguish. His fine and lovely eyes were now lighted up with indignation, now subdued to downcast sorrow and quenched in infinite wretchedness. Sometimes he commanded his countenance and tones and related the most horrible incidents with a tranquil voice, suppressing every mark of agitation; then, like a volcano bursting forth, his face would suddenly change to an expression of the wildest rage as he shrieked out imprecations on his persecutor. His tale is connected and told with an appearance of",100
Frankenstein_partition_fq,Frankenstein,horror,56148,"of terror. I had no compass with me and was so slenderly acquainted with the geography of this part of the world that the sun was of little benefit to me. I might be driven into the wide Atlantic and feel all the tortures of starvation or be swallowed up in the immeasurable waters that roared and buffeted around me. I had already been out many hours and felt the torment of a burning thirst, a prelude to my other sufferings. I looked on the heavens, which were covered by clouds that flew before the wind, only to be replaced",100
Frankenstein_partition_fr,Frankenstein,horror,48571,"you may have met with another whom you may love; and considering yourself as bound in honour to Elizabeth, this struggle may occasion the poignant misery which you appear to feel.” “My dear father, reassure yourself. I love my cousin tenderly and sincerely. I never saw any woman who excited, as Elizabeth does, my warmest admiration and affection. My future hopes and prospects are entirely bound up in the expectation of our union.” “The expression of your sentiments of this subject, my dear Victor, gives me more pleasure than I have for some time experienced. If you feel thus, we",100
Frankenstein_partition_fs,Frankenstein,horror,9038,"occupied by exploded systems, mingling, like an unadept, a thousand contradictory theories and floundering desperately in a very slough of multifarious knowledge, guided by an ardent imagination and childish reasoning, till an accident again changed the current of my ideas. When I was about fifteen years old we had retired to our house near Belrive, when we witnessed a most violent and terrible thunderstorm. It advanced from behind the mountains of Jura, and the thunder burst at once with frightful loudness from various quarters of the heavens. I remained, while the storm lasted, watching its progress with curiosity and delight.",100
Frankenstein_partition_ft,Frankenstein,horror,66317,"considerable change in the physiognomy of my own auditor. He had heard my story with that half kind of belief that is given to a tale of spirits and supernatural events; but when he was called upon to act officially in consequence, the whole tide of his incredulity returned. He, however, answered mildly, “I would willingly afford you every aid in your pursuit, but the creature of whom you speak appears to have powers which would put all my exertions to defiance. Who can follow an animal which can traverse the sea of ice and inhabit caves and dens where",100
Frankenstein_partition_fu,Frankenstein,horror,44725,"air. I felt emotions of gentleness and pleasure, that had long appeared dead, revive within me. Half surprised by the novelty of these sensations, I allowed myself to be borne away by them, and forgetting my solitude and deformity, dared to be happy. Soft tears again bedewed my cheeks, and I even raised my humid eyes with thankfulness towards the blessed sun, which bestowed such joy upon me. “I continued to wind among the paths of the wood, until I came to its boundary, which was skirted by a deep and rapid river, into which many of the trees bent",100
Frankenstein_partition_fv,Frankenstein,horror,1658,"me as romantic, and affection enough for me to endeavour to regulate my mind. Well, these are useless complaints; I shall certainly find no friend on the wide ocean, nor even here in Archangel, among merchants and seamen. Yet some feelings, unallied to the dross of human nature, beat even in these rugged bosoms. My lieutenant, for instance, is a man of wonderful courage and enterprise; he is madly desirous of glory, or rather, to word my phrase more characteristically, of advancement in his profession. He is an Englishman, and in the midst of national and professional prejudices, unsoftened by",100
Frankenstein_partition_fw,Frankenstein,horror,55057,"The night passed away, and the sun rose from the ocean; my feelings became calmer, if it may be called calmness when the violence of rage sinks into the depths of despair. I left the house, the horrid scene of the last night’s contention, and walked on the beach of the sea, which I almost regarded as an insuperable barrier between me and my fellow creatures; nay, a wish that such should prove the fact stole across me. I desired that I might pass my life on that barren rock, wearily, it is true, but uninterrupted by any sudden shock",100
Frankenstein_partition_fx,Frankenstein,horror,64251,"still displaying their black outlines. The wind, which had fallen in the south, now rose with great violence in the west. The moon had reached her summit in the heavens and was beginning to descend; the clouds swept across it swifter than the flight of the vulture and dimmed her rays, while the lake reflected the scene of the busy heavens, rendered still busier by the restless waves that were beginning to rise. Suddenly a heavy storm of rain descended. I had been calm during the day, but so soon as night obscured the shapes of objects, a thousand fears",100
Frankenstein_partition_fy,Frankenstein,horror,13833,"child so completely as I should deserve theirs. Pursuing these reflections, I thought that if I could bestow animation upon lifeless matter, I might in process of time (although I now found it impossible) renew life where death had apparently devoted the body to corruption. These thoughts supported my spirits, while I pursued my undertaking with unremitting ardour. My cheek had grown pale with study, and my person had become emaciated with confinement. Sometimes, on the very brink of certainty, I failed; yet still I clung to the hope which the next day or the next hour might realise. One",100
Frankenstein_partition_fz,Frankenstein,horror,56822,"the way to the inn, but no one replied. I then moved forward, and a murmuring sound arose from the crowd as they followed and surrounded me, when an ill-looking man approaching tapped me on the shoulder and said, “Come, sir, you must follow me to Mr. Kirwin’s to give an account of yourself.” “Who is Mr. Kirwin? Why am I to give an account of myself? Is not this a free country?” “Ay, sir, free enough for honest folks. Mr. Kirwin is a magistrate, and you are to give an account of the death of a gentleman who was",100
Frankenstein_partition_ga,Frankenstein,horror,47472,"who could exist in the ice-caves of the glaciers and hide himself from pursuit among the ridges of inaccessible precipices was a being possessing faculties it would be vain to cope with. After a long pause of reflection I concluded that the justice due both to him and my fellow creatures demanded of me that I should comply with his request. Turning to him, therefore, I said, “I consent to your demand, on your solemn oath to quit Europe for ever, and every other place in the neighbourhood of man, as soon as I shall deliver into your hands a",100
Frankenstein_partition_gb,Frankenstein,horror,60258,"should return without delay to Geneva, there to watch over the lives of those I so fondly loved and to lie in wait for the murderer, that if any chance led me to the place of his concealment, or if he dared again to blast me by his presence, I might, with unfailing aim, put an end to the existence of the monstrous image which I had endued with the mockery of a soul still more monstrous. My father still desired to delay our departure, fearful that I could not sustain the fatigues of a journey, for I was a",100
Frankenstein_partition_gc,Frankenstein,horror,20052,"but will simply relate the circumstances of the transaction. “Last Thursday (May 7th), I, my niece, and your two brothers, went to walk in Plainpalais. The evening was warm and serene, and we prolonged our walk farther than usual. It was already dusk before we thought of returning; and then we discovered that William and Ernest, who had gone on before, were not to be found. We accordingly rested on a seat until they should return. Presently Ernest came, and enquired if we had seen his brother; he said, that he had been playing with him, that William had run",100
Frankenstein_partition_gd,Frankenstein,horror,57080,"upon me, however, with some degree of severity, and then, turning towards my conductors, he asked who appeared as witnesses on this occasion. About half a dozen men came forward; and, one being selected by the magistrate, he deposed that he had been out fishing the night before with his son and brother-in-law, Daniel Nugent, when, about ten o’clock, they observed a strong northerly blast rising, and they accordingly put in for port. It was a very dark night, as the moon had not yet risen; they did not land at the harbour, but, as they had been accustomed, at",100
Frankenstein_partition_ge,Frankenstein,horror,23086,"strong enough to convict her. My tale was not one to announce publicly; its astounding horror would be looked upon as madness by the vulgar. Did any one indeed exist, except I, the creator, who would believe, unless his senses convinced him, in the existence of the living monument of presumption and rash ignorance which I had let loose upon the world? We were soon joined by Elizabeth. Time had altered her since I last beheld her; it had endowed her with loveliness surpassing the beauty of her childish years. There was the same candour, the same vivacity, but it",100
Frankenstein_partition_gf,Frankenstein,horror,68386,"from my chief article of maintenance. The triumph of my enemy increased with the difficulty of my labours. One inscription that he left was in these words: “Prepare! Your toils only begin; wrap yourself in furs and provide food, for we shall soon enter upon a journey where your sufferings will satisfy my everlasting hatred.” My courage and perseverance were invigorated by these scoffing words; I resolved not to fail in my purpose, and calling on Heaven to support me, I continued with unabated fervour to traverse immense deserts, until the ocean appeared at a distance and formed the utmost",100
Frankenstein_partition_gg,Frankenstein,horror,35400,"complexions; but how was I terrified when I viewed myself in a transparent pool! At first I started back, unable to believe that it was indeed I who was reflected in the mirror; and when I became fully convinced that I was in reality the monster that I am, I was filled with the bitterest sensations of despondence and mortification. Alas! I did not yet entirely know the fatal effects of this miserable deformity. “As the sun became warmer and the light of day longer, the snow vanished, and I beheld the bare trees and the black earth. From this",100
Frankenstein_partition_gh,Frankenstein,horror,70539,"of these qualities I conceived the idea and executed the creation of a man. Even now I cannot recollect without passion my reveries while the work was incomplete. I trod heaven in my thoughts, now exulting in my powers, now burning with the idea of their effects. From my infancy I was imbued with high hopes and a lofty ambition; but how am I sunk! Oh! My friend, if you had known me as I once was, you would not recognise me in this state of degradation. Despondency rarely visited my heart; a high destiny seemed to bear me on,",100
Frankenstein_partition_gi,Frankenstein,horror,63372,"received, and all wore a smiling appearance. I shut up, as well as I could, in my own heart the anxiety that preyed there and entered with seeming earnestness into the plans of my father, although they might only serve as the decorations of my tragedy. Through my father’s exertions a part of the inheritance of Elizabeth had been restored to her by the Austrian government. A small possession on the shores of Como belonged to her. It was agreed that, immediately after our union, we should proceed to Villa Lavenza and spend our first days of happiness beside the",100
Frankenstein_partition_gj,Frankenstein,horror,60931,"their groans. How they would, each and all, abhor me and hunt me from the world, did they know my unhallowed acts and the crimes which had their source in me! My father yielded at length to my desire to avoid society and strove by various arguments to banish my despair. Sometimes he thought that I felt deeply the degradation of being obliged to answer a charge of murder, and he endeavoured to prove to me the futility of pride. “Alas! My father,” said I, “how little do you know me. Human beings, their feelings and passions, would indeed be",100
Frankenstein_partition_gk,Frankenstein,horror,57091,"towards my conductors, he asked who appeared as witnesses on this occasion. About half a dozen men came forward; and, one being selected by the magistrate, he deposed that he had been out fishing the night before with his son and brother-in-law, Daniel Nugent, when, about ten o’clock, they observed a strong northerly blast rising, and they accordingly put in for port. It was a very dark night, as the moon had not yet risen; they did not land at the harbour, but, as they had been accustomed, at a creek about two miles below. He walked on first, carrying",100
Frankenstein_partition_gl,Frankenstein,horror,35179,"believe, he worked sometimes for a neighbouring farmer, because he often went forth and did not return until dinner, yet brought no wood with him. At other times he worked in the garden, but as there was little to do in the frosty season, he read to the old man and Agatha. “This reading had puzzled me extremely at first, but by degrees I discovered that he uttered many of the same sounds when he read as when he talked. I conjectured, therefore, that he found on the paper signs for speech which he understood, and I ardently longed to",100
Frankenstein_partition_gm,Frankenstein,horror,42245,"whose favour I have some hopes.’ “‘Are they Germans?’ “‘No, they are French. But let us change the subject. I am an unfortunate and deserted creature, I look around and I have no relation or friend upon earth. These amiable people to whom I go have never seen me and know little of me. I am full of fears, for if I fail there, I am an outcast in the world for ever.’ “‘Do not despair. To be friendless is indeed to be unfortunate, but the hearts of men, when unprejudiced by any obvious self-interest, are full of brotherly love",100
Frankenstein_partition_gn,Frankenstein,horror,32177,"the place that I had hitherto inhabited, to seek for one where the few wants I experienced would be more easily satisfied. In this emigration I exceedingly lamented the loss of the fire which I had obtained through accident and knew not how to reproduce it. I gave several hours to the serious consideration of this difficulty, but I was obliged to relinquish all attempt to supply it, and wrapping myself up in my cloak, I struck across the wood towards the setting sun. I passed three days in these rambles and at length discovered the open country. A great",100
Frankenstein_partition_go,Frankenstein,horror,11359,"lecturing room, which M. Waldman entered shortly after. This professor was very unlike his colleague. He appeared about fifty years of age, but with an aspect expressive of the greatest benevolence; a few grey hairs covered his temples, but those at the back of his head were nearly black. His person was short but remarkably erect and his voice the sweetest I had ever heard. He began his lecture by a recapitulation of the history of chemistry and the various improvements made by different men of learning, pronouncing with fervour the names of the most distinguished discoverers. He then took",100
Frankenstein_partition_gp,Frankenstein,horror,36559,"the sun dissipates the morning mists. Felix seemed peculiarly happy and with smiles of delight welcomed his Arabian. Agatha, the ever-gentle Agatha, kissed the hands of the lovely stranger, and pointing to her brother, made signs which appeared to me to mean that he had been sorrowful until she came. Some hours passed thus, while they, by their countenances, expressed joy, the cause of which I did not comprehend. Presently I found, by the frequent recurrence of some sound which the stranger repeated after them, that she was endeavouring to learn their language; and the idea instantly occurred to me",100
Frankenstein_partition_gq,Frankenstein,horror,59087,"taken ill, all the papers that were on your person were brought me, and I examined them that I might discover some trace by which I could send to your relations an account of your misfortune and illness. I found several letters, and, among others, one which I discovered from its commencement to be from your father. I instantly wrote to Geneva; nearly two months have elapsed since the departure of my letter. But you are ill; even now you tremble; you are unfit for agitation of any kind.” “This suspense is a thousand times worse than the most horrible",100
Frankenstein_partition_gr,Frankenstein,horror,31963,"it, I was in the greatest fear lest my fire should be extinguished. I covered it carefully with dry wood and leaves and placed wet branches upon it; and then, spreading my cloak, I lay on the ground and sank into sleep. “It was morning when I awoke, and my first care was to visit the fire. I uncovered it, and a gentle breeze quickly fanned it into a flame. I observed this also and contrived a fan of branches, which roused the embers when they were nearly extinguished. When night came again I found, with pleasure, that the fire",100
AutobiographyOfBenjaminFranklin_partition_a,AutobiographyOfBenjaminFranklin,autobiography,60910,"military laws for non-attendance on divine service. I had hardly finish'd this business, and got my fort well stor'd with provisions, when I receiv'd a letter from the governor, acquainting me that he had call'd the Assembly, and wished my attendance there, if the posture of affairs on the frontiers was such that my remaining there was no longer necessary. My friends, too, of the Assembly, pressing me by their letters to be, if possible, at the meeting, and my three intended forts being now compleated, and the inhabitants contented to remain on their farms under that protection, I resolved",100
AutobiographyOfBenjaminFranklin_partition_b,AutobiographyOfBenjaminFranklin,autobiography,74691,"London Shalloons. Fine and coarse Hats. Men and Women's _English_ Shoes. Stockings, several sorts, for Men, Women and Children. Several sorts of Caps. Women's Bonnets. Several sorts of Horn and Ivory Combs. Gun-powder, Shot, and Flints. Bibles of several sorts. Testaments, Psalters and Primers. Large Paper Books, and small ones, with Pocket-Books, and other Stationary Ware. Several sorts of Checquer'd Linnen. Flannels and Duroys. Scots-Snuff. _To be LET by the above Person. One Half of the House he now possesseth._ Enquire of him and know further. Bibles, Testaments, Psalters, Psalm-Books, Accompt-Books, Bills of Lading bound and unbound, Common Blank Bonds",100
AutobiographyOfBenjaminFranklin_partition_c,AutobiographyOfBenjaminFranklin,autobiography,49674,"of them came thundering at our door, demanding more rum, of which we took no notice. The next day, sensible they had misbehav'd in giving us that disturbance, they sent three of their old counselors to make their apology. The orator acknowledg'd the fault, but laid it upon the rum; and then endeavoured to excuse the rum by saying, ""_The Great Spirit, who made all things, made everything for some use, and whatever use he design'd anything for, that use it should always be put to. Now, when_ _he made rum, he said, 'Let this be for the Indians to",100
AutobiographyOfBenjaminFranklin_partition_d,AutobiographyOfBenjaminFranklin,autobiography,44092,"loud and clear voice, and articulated his words and sentences so perfectly, that he might be heard and understood at a great distance, especially as his auditories, however numerous, observ'd the most exact silence. He preach'd one evening from the top of the Courthouse steps, which are in the middle of Market-street, and on the west side of Second-street, which crosses it at right angles. Both streets were fill'd with his hearers to a considerable distance. Being among the hindmost in Market-street, I had the curiosity to learn how far he could be heard, by retiring backwards down the street",100
AutobiographyOfBenjaminFranklin_partition_e,AutobiographyOfBenjaminFranklin,autobiography,3761,"House of Lords, as well as in society, the bishop always opposed the harsh measures of the Crown toward the Colonies.--Bigelow. That felicity, when I reflected on it, has induced me sometimes to say, that were it offered to my choice, I should have no objection to a repetition of the same life from its beginning, only asking the advantages authors have in a second edition to correct some faults of the first. So I might, besides correcting the faults, change some sinister accidents and events of it for others more favourable. But though this were denied, I should still",100
AutobiographyOfBenjaminFranklin_partition_f,AutobiographyOfBenjaminFranklin,autobiography,64789,"had nearly prevail'd with him to do it; but finally he rather chose to urge the compliance of the Assembly; and he entreated me to use my endeavours with them for that purpose, declaring that he would spare none of the king's troops for the defense of our frontiers, and that, if we did not continue to provide for that defense ourselves, they must remain expos'd to the enemy. I acquainted the House with what had pass'd, and, presenting them with a set of resolutions I had drawn up, declaring our rights, and that we did not relinquish our claim",100
AutobiographyOfBenjaminFranklin_partition_g,AutobiographyOfBenjaminFranklin,autobiography,42600,"houses were set on fire, with cautions against them, and means proposed of avoiding them. This was much spoken of as a useful piece, and gave rise to a project, which soon followed it, of forming a company for the more ready extinguishing of fires, and mutual assistance in removing and securing of goods when in danger. Associates in this scheme were presently found, amounting to thirty. Our articles of agreement oblig'd every member to keep always in good order, and fit for use, a certain number of leather buckets, with strong bags and baskets (for packing and transporting of",100
AutobiographyOfBenjaminFranklin_partition_h,AutobiographyOfBenjaminFranklin,autobiography,23834,"all that disagreeable work to do over again. I forget what his distemper was; it held him a long time, and at length carried him off. He left me a small legacy in a nuncupative will, as a token of his kindness for me, and he left me once more to the wide world; for the store was taken into the care of his executors, and my employment under him ended. [Illustration: ""Mr. Denham took a store in Water-street""] My brother-in-law, Holmes, being now at Philadelphia, advised my return to my business; and Keimer tempted me, with an offer of",100
AutobiographyOfBenjaminFranklin_partition_i,AutobiographyOfBenjaminFranklin,autobiography,63904,"he presented to me at an entertainment given him by the city. He accompanied it with very polite expressions of his esteem for me, having, as he said, been long acquainted with my character. After dinner, when the company, as was customary at that time, were engag'd in drinking, he took me aside into another room, and acquainted me that he had been advis'd by his friends in England to cultivate a friendship with me, as one who was capable of giving him the best advice, and of contributing most effectually to the making his administration easy; that he therefore",100
AutobiographyOfBenjaminFranklin_partition_j,AutobiographyOfBenjaminFranklin,autobiography,27802,"lent him wherewith to purchase his time of Keimer, now came to offer himself as a journeyman to us. We could not then employ him; but I foolishly let him know as a secret that I soon intended to begin a newspaper, and might then have work for him. My hopes of success, as I told him, were founded on this, that the then only newspaper, printed by Bradford, was a paltry thing, wretchedly manag'd, no way entertaining, and yet was profitable to him; I therefore thought a good paper would scarcely fail of good encouragement. I requested Webb not",100
AutobiographyOfBenjaminFranklin_partition_k,AutobiographyOfBenjaminFranklin,autobiography,46507,"one; and as, of the twenty-two Quakers, eight were ready to vote with us, and thirteen, by their absence, manifested that they were not inclin'd to oppose the measure, I afterward estimated the proportion of Quakers sincerely against defense as one to twenty-one only; for these were all regular members of that society, and in good reputation among them, and had due notice of what was propos'd at that meeting. The honorable and learned Mr. Logan, who had always been of that sect, was one who wrote an address to them, declaring his approbation of defensive war, and supporting his",100
AutobiographyOfBenjaminFranklin_partition_l,AutobiographyOfBenjaminFranklin,autobiography,33862,"procure that coolness and clearness of head, which is so necessary where constant vigilance was to be kept up, and guard maintained against the unremitting attraction of ancient habits, and the force of perpetual temptations. This being acquir'd and establish'd, Silence would be more easy; and my desire being to gain knowledge at the same time that I improv'd in virtue, and considering that in conversation it was obtain'd rather by the use of the ears than of the tongue, and therefore wishing to break a habit I was getting into of prattling, punning, and joking, which only made me",100
AutobiographyOfBenjaminFranklin_partition_m,AutobiographyOfBenjaminFranklin,autobiography,44608,"it is more easy to get the second_,"" money itself being of a prolific nature. The partnership at Carolina having succeeded, I was encourag'd to engage in others, and to promote several of my workmen, who had behaved well, by establishing them with printing-houses in different colonies, on the same terms with that in Carolina. Most of them did well, being enabled at the end of our term, six years, to purchase the types of me and go on working for themselves, by which means several families were raised. Partnerships often finish in quarrels; but I was happy in this,",100
AutobiographyOfBenjaminFranklin_partition_n,AutobiographyOfBenjaminFranklin,autobiography,36655,"those of probity and integrity. My list of virtues contain'd at first but twelve; but a Quaker friend having kindly informed me that I was generally thought proud; that my pride show'd itself frequently in conversation; that I was not content with being in the right when discussing any point, but was overbearing, and rather insolent, of which he convinc'd me by mentioning several instances; I determined endeavouring to cure myself, if I could, of this vice or folly among the rest, and I added _Humility_ to my list, giving an extensive meaning to the word. I cannot boast of",100
AutobiographyOfBenjaminFranklin_partition_o,AutobiographyOfBenjaminFranklin,autobiography,36211,"himself, who set these standards up in all seriousness and candor for his own life."" See _Galatians_, chapter V, for the Christian plan of moral perfection. It will be remark'd that, tho' my scheme was not wholly without religion, there was in it no mark of any of the distinguishing tenets of any particular sect. I had purposely avoided them; for, being fully persuaded of the utility and excellency of my method, and that it might be serviceable to people in all religions, and intending some time or other to publish it, I would not have anything in it that",100
AutobiographyOfBenjaminFranklin_partition_p,AutobiographyOfBenjaminFranklin,autobiography,72848,"Commons, Relative to The Repeal of The American Stamp Act._ _1773. Rules by which A Great Empire May Be Reduced to a Small One._ Some twenty satirical rules embodying the line of conduct England was pursuing with America. _1773. An Edict of The King of Prussia._ A satire in which the King of Prussia was made to treat England as England was treating America because England was originally settled by Germans. _1777. Comparison of Great Britain and the United States in Regard to the Basis of Credit in The Two Countries._ One of several similar pamphlets written to effect loans",100
AutobiographyOfBenjaminFranklin_partition_q,AutobiographyOfBenjaminFranklin,autobiography,1330,"is also interesting to us because by his life and teachings he has done more than any other American to advance the material prosperity of his countrymen. It is said that his widely and faithfully read maxims made Philadelphia and Pennsylvania wealthy, while Poor Richard's pithy sayings, translated into many languages, have had a world-wide influence. Franklin is a good type of our American manhood. Although not the wealthiest or the most powerful, he is undoubtedly, in the versatility of his genius and achievements, the greatest of our self-made men. The simple yet graphic story in the _Autobiography_ of his",100
AutobiographyOfBenjaminFranklin_partition_r,AutobiographyOfBenjaminFranklin,autobiography,67715,"right upon the rocks on which the lighthouse was erected. This deliverance impressed me strongly with the utility of lighthouses, and made me resolve to encourage the building more of them in America if I should live to return there. In the morning it was found by the soundings, etc., that we were near our port, but a thick fog hid the land from our sight. About nine o'clock the fog began to rise, and seem'd to be lifted up from the water like the curtain at a play-house, discovering underneath, the town of Falmouth, the vessels in its harbor,",100
AutobiographyOfBenjaminFranklin_partition_s,AutobiographyOfBenjaminFranklin,autobiography,25042,"he remain'd in it. He dissuaded me from returning to my native country, which I began to think of; he reminded me that Keimer was in debt for all he possess'd; that his creditors began to be uneasy; that he kept his shop miserably, sold often without profit for ready money, and often trusted without keeping accounts; that he must therefore fail, which would make a vacancy I might profit of. I objected my want of money. He then let me know that his father had a high opinion of me, and, from some discourse that had pass'd between them,",100
AutobiographyOfBenjaminFranklin_partition_t,AutobiographyOfBenjaminFranklin,autobiography,11221,"out, or I might now have gratify'd them. But, having a trade, and supposing myself a pretty good workman, I offer'd my service to the printer in the place, old Mr. William Bradford, who had been the first printer in Pennsylvania, but removed from thence upon the quarrel of George Keith. He could give me no employment, having little to do, and help enough already; but says he, ""My son at Philadelphia has lately lost his principal hand, Aquilla Rose, by death; if you go thither, I believe he may employ you."" Philadelphia was a hundred miles further; I set",100
AutobiographyOfBenjaminFranklin_partition_u,AutobiographyOfBenjaminFranklin,autobiography,31635,"that we should all of us bring our books to that room, where they would not only be ready to consult in our conferences, but become a common benefit, each of us being at liberty to borrow such as he wish'd to read at home. This was accordingly done, and for some time contented us. Finding the advantage of this little collection, I propos'd to render the benefit from books more common, by commencing a public subscription library. I drew a sketch of the plan and rules that would be necessary, and got a skilful conveyancer, Mr. Charles Brockden, to",100
AutobiographyOfBenjaminFranklin_partition_v,AutobiographyOfBenjaminFranklin,autobiography,53271,"As we pass'd thro' New York, I had there shown my project to Mr. James Alexander and Mr. Kennedy, two gentlemen of great knowledge in public affairs, and, being fortified by their approbation, I ventur'd to lay it before the Congress. It then appeared that several of the commissioners had form'd plans of the same kind. A previous question was first taken, whether a union should be established, which pass'd in the affirmative unanimously. A committee was then appointed, one member from each colony, to consider the several plans and report. Mine happen'd to be preferr'd, and, with a few",100
AutobiographyOfBenjaminFranklin_partition_w,AutobiographyOfBenjaminFranklin,autobiography,64038,"power. He said much to me, also, of the proprietor's good disposition towards the province, and of the advantage it might be to us all, and to me in particular, if the opposition that had been so long continu'd to his measures was dropt, and harmony restor'd between him and the people; in effecting which, it was thought no one could be more serviceable than myself; and I might depend on adequate acknowledgments and recompenses, etc., etc. The drinkers, finding we did not return immediately to the table, sent us a decanter of Madeira, which the governor made liberal use",100
AutobiographyOfBenjaminFranklin_partition_x,AutobiographyOfBenjaminFranklin,autobiography,72768,"Wealth_. _1760. Of the Means of disposing the Enemy to Peace._ A satirical plea for the prosecution of the war against France. _1760. The Interest of Great Britain Considered, with regard to her Colonies, and the Acquisitions of Canada and Guadaloupe._ _1764. Cool Thoughts on the Present Situation of our Public Affairs._ A pamphlet favoring a Royal Government for Pennsylvania in exchange for that of the Proprietors. _1766. The Examination of Doctor Benjamin Franklin, etc., in The British House of Commons, Relative to The Repeal of The American Stamp Act._ _1773. Rules by which A Great Empire May Be Reduced",100
AutobiographyOfBenjaminFranklin_partition_y,AutobiographyOfBenjaminFranklin,autobiography,31499,"which, from a small beginning, is now become so considerable, though I remember to have come down to near the time of that transaction (1730). I will therefore begin here with an account of it, which may be struck out if found to have been already given. At the time I establish'd myself in Pennsylvania, there was not a good bookseller's shop in any of the colonies to the southward of Boston. In New York and Philad'a the printers were indeed stationers; they sold only paper, etc., almanacs, ballads, and a few common school-books. Those who lov'd reading were obliged",100
AutobiographyOfBenjaminFranklin_partition_z,AutobiographyOfBenjaminFranklin,autobiography,62402,"of the men, and my influence in Assembly, the grant of money to pay them, and that, perhaps, without taxing the proprietary estate. Finding me not so forward to engage as he expected, the project was dropt, and he soon after left the government, being superseded by Captain Denny. XVIII SCIENTIFIC EXPERIMENTS Before I proceed in relating the part I had in public affairs under this new governor's administration, it may not be amiss here to give some account of the rise and progress of my philosophical reputation. In 1746, being at Boston, I met there with a Dr. Spence,",100
AutobiographyOfBenjaminFranklin_partition_aa,AutobiographyOfBenjaminFranklin,autobiography,64332,"they appear'd again, the disputes were renewed, and I was as active as ever in the opposition, being the penman, first, of the request to have a communication of the instructions, and then of the remarks upon them, which may be found in the votes of the time, and in the Historical Review I afterward publish'd. But between us personally no enmity arose; we were often together; he was a man of letters, had seen much of the world, and was very entertaining and pleasing in conversation. He gave me the first information that my old friend Jas. Ralph was",100
AutobiographyOfBenjaminFranklin_partition_ab,AutobiographyOfBenjaminFranklin,autobiography,58743,"forces in America. Before we had the news of this defeat, the two Doctors Bond came to me with a subscription paper for raising money to defray the expense of a grand firework, which it was intended to exhibit at a rejoicing on receipt of the news of our taking Fort Duquesne. I looked grave, and said it would, I thought, be time enough to prepare for the rejoicing when we knew we should have occasion to rejoice. They seem'd surpris'd that I did not immediately comply with their proposal. ""Why the d----l!"" says one of them, ""you surely don't",100
AutobiographyOfBenjaminFranklin_partition_ac,AutobiographyOfBenjaminFranklin,autobiography,2260,"the century in _The Tatler_ and _The Spectator_ of Addison and Steele. Pamphleteers flourished throughout the period. The homelier prose of Bunyan and Defoe gradually gave place to the more elegant and artificial language of Samuel Johnson, who set the standard for prose writing from 1745 onward. This century saw the beginnings of the modern novel, in Fielding's _Tom Jones_, Richardson's _Clarissa Harlowe_, Sterne's _Tristram Shandy_, and Goldsmith's _Vicar of Wakefield_. Gibbon wrote _The Decline and Fall of the Roman Empire_, Hume his _History of England_, and Adam Smith the _Wealth of Nations_. In the simplicity and vigor of his",100
AutobiographyOfBenjaminFranklin_partition_ad,AutobiographyOfBenjaminFranklin,autobiography,12196,"in the town, of whom I had bought gingerbread to eat on the water, and ask'd her advice. She invited me to lodge at her house till a passage by water should offer; and being tired with my foot traveling, I accepted the invitation. She understanding I was a printer, would have had me stay at that town and follow my business, being ignorant of the stock necessary to begin with. She was very hospitable, gave me a dinner of ox-cheek with great good will, accepting only of a pot of ale in return; and I thought myself fixed till",100
AutobiographyOfBenjaminFranklin_partition_ae,AutobiographyOfBenjaminFranklin,autobiography,38566,"4 35 8 _will._ 7 2 Trine Mars Merc. _thunder_, 9 Sc 4 35 8 Le. Vi. Li. 8 3 _perhaps hail._ 10 17 4 35 8 Sun ent. Cn. today 9 4 7* rise 2 15 10 Sa 4 34 8 making longest 10 5 _very hot_, 11 13 4 34 8 day 14 h. 51 m. 11 6 St. Barnabas. 12 26 4 34 8 Full Moon 12 day, 12 7 _then rain_. 1 Cp 4 34 8 at 1 morn. 13 C Whitsunday. 2 20 4 35 8 Moon rise 8 20 aft. 14 2 2h Aq",100
AutobiographyOfBenjaminFranklin_partition_af,AutobiographyOfBenjaminFranklin,autobiography,29045,"the company's debts, and went on with the business in my own name, advertising that the partnership was dissolved. I think this was in or about the year 1729. VIII BUSINESS SUCCESS AND FIRST PUBLIC SERVICE About this time there was a cry among the people for more paper money, only fifteen thousand pounds being extant in the province, and that soon to be sunk.[59] The wealthy inhabitants oppos'd any addition, being against all paper currency, from an apprehension that it would depreciate, as it had done in New England, to the prejudice of all creditors. We had discuss'd this",100
AutobiographyOfBenjaminFranklin_partition_ag,AutobiographyOfBenjaminFranklin,autobiography,53005,"the crown as the post-office of Ireland. Since that imprudent transaction, they have receiv'd from it--not one farthing! The business of the post-office occasion'd my taking a journey this year to New England, where the College of Cambridge, of their own motion, presented me with the degree of Master of Arts. Yale College, in Connecticut, had before made me a similar compliment. Thus, without studying in any college, I came to partake of their honours. They were conferr'd in consideration of my improvements and discoveries in the electric branch of natural philosophy. XIV ALBANY PLAN OF UNION In 1754, war",100
AutobiographyOfBenjaminFranklin_partition_ah,AutobiographyOfBenjaminFranklin,autobiography,31890,"their attention from study, became better acquainted with books, and in a few years were observ'd by strangers to be better instructed and more intelligent than people of the same rank generally are in other countries. When we were about to sign the above mentioned articles, which were to be binding on us, our heirs, etc., for fifty years, Mr. Brockden, the scrivener, said to us, ""You are young men, but it is scarcely probable that any of you will live to see the expiration of the term fix'd in the instrument."" A number of us, however, are yet living;",100
AutobiographyOfBenjaminFranklin_partition_ai,AutobiographyOfBenjaminFranklin,autobiography,40135,"the religious stile are called good works. Those, however, of our congregation, who considered themselves as orthodox Presbyterians, disapprov'd his doctrine, and were join'd by most of the old clergy, who arraign'd him of heterodoxy before the synod, in order to have him silenc'd. I became his zealous partisan, and contributed all I could to raise a party in his favour, and we combated for him awhile with some hopes of success. There was much scribbling pro and con upon the occasion; and finding that, tho' an elegant preacher, he was but a poor writer, I lent him my pen",100
AutobiographyOfBenjaminFranklin_partition_aj,AutobiographyOfBenjaminFranklin,autobiography,48368,"increasing fast, the house was soon found too small, and we were looking out for a piece of ground, properly situated, with intention to build, when Providence threw into our way a large house ready built, which, with a few alterations, might well serve our purpose. This was the building before mentioned, erected by the hearers of Mr. Whitefield, and was obtained for us in the following manner. It is to be noted that the contributions to this building being made by people of different sects, care was taken in the nomination of trustees, in whom the building and ground",100
AutobiographyOfBenjaminFranklin_partition_ak,AutobiographyOfBenjaminFranklin,autobiography,62031,"King's service, preventing, by my influence in the House, the proper form of the bills for raising money, and he instanced this parade with my officers as a proof of my having an intention to take the government of the province out of his hands by force. He also applied to Sir Everard Fawkener, the postmaster-general, to deprive me of my office; but it had no other effect than to procure from Sir Everard a gentle admonition. Notwithstanding the continual wrangle between the governor and the House, in which I, as a member, had so large a share, there still",100
AutobiographyOfBenjaminFranklin_partition_al,AutobiographyOfBenjaminFranklin,autobiography,72544,"A Modest Enquiry into the Nature and Necessity of a Paper Currency._ _1732. to 1757. Prefaces to Poor Richard's Almanac._ Among these are _Hints for those that would be Rich_, 1737; and _Plan for saving one hundred thousand pounds to New Jersey, 1756_. 1_743. A Proposal for Promoting Useful Knowledge Among the British Plantations in America._ ""This paper appears to contain the first suggestion, in any public form, for an _American Philosophical Society_."" Sparks. _1744. An Account of the New Invented Pennsylvania Fire-Places._ _1749. Proposals Relating to the Education of Youth in Pennsylvania._ Contains the plan for the school which",100
AutobiographyOfBenjaminFranklin_partition_am,AutobiographyOfBenjaminFranklin,autobiography,69588,"been levied by the act before the order of Council arrived, they appointed a committee to examine the proceedings of the assessors, and on this committee they put several particular friends of the proprietaries. After a full enquiry, they unanimously sign'd a report that they found the tax had been assess'd with perfect equity. The Assembly looked into my entering into the first part of the engagement, as an essential service to the Province, since it secured the credit of the paper money then spread over all the country. They gave me their thanks in form when I return'd. But",100
AutobiographyOfBenjaminFranklin_partition_an,AutobiographyOfBenjaminFranklin,autobiography,45056,"pamphlet, entitled Plain Truth, in which I stated our defenceless situation in strong lights, with the necessity of union and discipline for our defense, and promis'd to propose in a few days an association, to be generally signed for that purpose. The pamphlet had a sudden and surprising effect. I was call'd upon for the instrument of association, and having settled the draft of it with a few friends, I appointed a meeting of the citizens in the large building before mentioned. The house was pretty full; I had prepared a number of printed copies, and provided pens and ink",100
AutobiographyOfBenjaminFranklin_partition_ao,AutobiographyOfBenjaminFranklin,autobiography,55771,"on or before the 20th of May ensuing, and that a reasonable allowance be paid over and above for the time necessary for their travelling to Will's Creek and home again after their discharge. 3. Each waggon and team, and every saddle or pack horse, is to be valued by indifferent persons chosen between me and the owner; and in case of the loss of any waggon, team, or other horse in the service, the price according to such valuation is to be allowed and paid. 4. Seven days' pay is to be advanced and paid in hand by me",100
AutobiographyOfBenjaminFranklin_partition_ap,AutobiographyOfBenjaminFranklin,autobiography,72140,"young, and have the world before you; stoop as you go through it, and you will miss many hard thumps_."" This advice, thus beat into my head, has frequently been of use to me; and I often think of it, when I see pride mortified, and misfortunes brought upon people by their carrying their heads too high. B. Franklin. THE END BIBLIOGRAPHY The last and most complete edition of Franklin's works is that by the late Professor Albert H. Smyth, published in ten volumes by the Macmillan Company, New York, under the title, _The Writings of Benjamin Franklin_. The other",100
AutobiographyOfBenjaminFranklin_partition_aq,AutobiographyOfBenjaminFranklin,autobiography,43357,"with hardy, industrious husbandmen, accustomed to labour, the only people fit for such an enterprise, it was with families of broken shop-keepers and other insolvent debtors, many of indolent and idle habits, taken out of the jails, who, being set down in the woods, unqualified for clearing land, and unable to endure the hardships of a new settlement, perished in numbers, leaving many helpless children unprovided for. The sight of their miserable situation inspir'd the benevolent heart of Mr. Whitefield with the idea of building an Orphan House there, in which they might be supported and educated. Returning northward, he",100
AutobiographyOfBenjaminFranklin_partition_ar,AutobiographyOfBenjaminFranklin,autobiography,46112,"of their younger people. A transaction in our fire company gave me some insight into their prevailing sentiments. It had been propos'd that we should encourage the scheme for building a battery by laying out the present stock, then about sixty pounds, in tickets of the lottery. By our rules, no money could be dispos'd of till the next meeting after the proposal. The company consisted of thirty members, of which twenty-two were Quakers, and eight only of other persuasions. We eight punctually attended the meeting; but, tho' we thought that some of the Quakers would join us, we were",100
AutobiographyOfBenjaminFranklin_partition_as,AutobiographyOfBenjaminFranklin,autobiography,59473,"inhabitants; but the place was thought a good situation for one of the forts. [103] Pronounced Gna´-den-hoot. In order to march thither, I assembled the companies at Bethlehem, the chief establishment of those people. I was surprised to find it in so good a posture of defense; the destruction of Gnadenhut had made them apprehend danger. The principal buildings were defended by a stockade; they had purchased a quantity of arms and ammunition from New York, and had even plac'd quantities of small paving stones between the windows of their high stone houses, for their women to throw down upon",100
AutobiographyOfBenjaminFranklin_partition_at,AutobiographyOfBenjaminFranklin,autobiography,35509,"from the wheel to see how the work went on, and at length would take his ax as it was, without farther grinding. ""No,"" said the smith, ""turn on, turn on; we shall have it bright by-and-by; as yet, it is only speckled."" ""Yes,"" says the man, ""_but I think I like a speckled ax best_."" And I believe this may have been the case with many, who, having, for want of some such means as I employ'd, found the difficulty of obtaining good and breaking bad habits in other points of vice and virtue, have given up the struggle,",100
AutobiographyOfBenjaminFranklin_partition_au,AutobiographyOfBenjaminFranklin,autobiography,40189,"to raise a party in his favour, and we combated for him awhile with some hopes of success. There was much scribbling pro and con upon the occasion; and finding that, tho' an elegant preacher, he was but a poor writer, I lent him my pen and wrote for him two or three pamphlets, and one piece in the Gazette of April, 1735. Those pamphlets, as is generally the case with controversial writings, tho' eagerly read at the time, were soon out of vogue, and I question whether a single copy of them now exists.[76] [76] See ""A List of",100
AutobiographyOfBenjaminFranklin_partition_av,AutobiographyOfBenjaminFranklin,autobiography,32951,"have continued,[65] notwithstanding the occasion I had for the Sunday's leisure in my course of study; but his discourses were chiefly either polemic arguments, or explications of the peculiar doctrines of our sect, and were all to me very dry, uninteresting, and unedifying, since not a single moral principle was inculcated or enforc'd, their aim seeming to be rather to make us Presbyterians than good citizens. [65] Franklin expressed a different view about the duty of attending church later. At length he took for his text that verse of the fourth chapter of Philippians, ""_Finally, brethren, whatsoever things are true,",100
AutobiographyOfBenjaminFranklin_partition_aw,AutobiographyOfBenjaminFranklin,autobiography,30217,"children, and had one side of the shop for his glazier's business, tho' he worked little, being always absorbed in his mathematics. Mrs. Godfrey projected a match for me with a relation's daughter, took opportunities of bringing us often together, till a serious courtship on my part ensu'd, the girl being in herself very deserving. The old folks encourag'd me by continual invitations to supper, and by leaving us together, till at length it was time to explain. Mrs. Godfrey manag'd our little treaty. I let her know that I expected as much money with their daughter as would pay",100
AutobiographyOfBenjaminFranklin_partition_ax,AutobiographyOfBenjaminFranklin,autobiography,15814,"sunken rock, which we scrap'd upon in the passage, I thought this escape of rather more importance to me. At New York I found my friend Collins, who had arriv'd there some time before me. We had been intimate from children, and had read the same books together; but he had the advantage of more time for reading and studying, and a wonderful genius for mathematical learning, in which he far outstript me. While I liv'd in Boston, most of my hours of leisure for conversation were spent with him, and he continu'd a sober as well as an industrious",100
AutobiographyOfBenjaminFranklin_partition_ay,AutobiographyOfBenjaminFranklin,autobiography,25242,"his son, had prevailed on him to abstain long from dram-drinking, and he hop'd might break him of that wretched habit entirely, when we came to be so closely connected. I gave an inventory to the father, who carry'd it to a merchant; the things were sent for, the secret was to be kept till they should arrive, and in the meantime I was to get work, if I could, at the other printing-house. But I found no vacancy there, and so remained idle a few days, when Keimer, on a prospect of being employ'd to print some paper money",100
AutobiographyOfBenjaminFranklin_partition_az,AutobiographyOfBenjaminFranklin,autobiography,41359,"inoculation. This I mention for the sake of parents who omit that operation, on the supposition that they should never forgive themselves if a child died under it; my example showing that the regret may be the same either way, and that, therefore, the safer should be chosen. Our club, the Junto, was found so useful, and afforded such satisfaction to the members, that several were desirous of introducing their friends, which could not well be done without exceeding what we had settled as a convenient number, viz., twelve. We had from the beginning made it a rule to keep",100
AutobiographyOfBenjaminFranklin_partition_ba,AutobiographyOfBenjaminFranklin,autobiography,15670,"a friendly concern for thy welfare, to have no acquaintance with them."" As I seem'd at first not to think so ill of them as she did, she mentioned some things she had observ'd and heard that had escap'd my notice, but now convinc'd me she was right. I thank'd her for her kind advice, and promis'd to follow it. When we arriv'd at New York, they told me where they liv'd, and invited me to come and see them; but I avoided it, and it was well I did; for the next day the captain miss'd a silver spoon",100
AutobiographyOfBenjaminFranklin_partition_bb,AutobiographyOfBenjaminFranklin,autobiography,70236,"Nor dully prepossess'd, nor blindly right; Thô learn'd, well-bred; and, thô well-bred, sincere; Modestly bold, and humanely severe; Who to a Friend his Faults can sweetly show. And gladly praise the Merit of a Foe. Here, there he sits, his chearful Aid to lend; A firm, unshaken, uncorrupted Friend, Averse alike to flatter or offend. _Printed by_ Benjamin Mecom, _at the_ New Printing-Office, (_near the_ Town-House, _in_ Boston) _where_ BOOKS _are Sold, and_ PRINTING-WORK _done, Cheap_. He's rarely _warm_ in Censure or in Praise: _Good-Nature, Wit_, and _Judgment_ round him wait; And thus he sits _inthron'd_ in _Classick-State_: To Failings",100
AutobiographyOfBenjaminFranklin_partition_bc,AutobiographyOfBenjaminFranklin,autobiography,24267,"order, which had been in great confusion, and brought his hands by degrees to mind their business and to do it better. It was an odd thing to find an Oxford scholar in the situation of a bought servant. He was not more than eighteen years of age, and gave me this account of himself; that he was born in Gloucester, educated at a grammar-school there, had been distinguish'd among the scholars for some apparent superiority in performing his part, when they exhibited plays; belong'd to the Witty Club there, and had written some pieces in prose and verse, which",100
AutobiographyOfBenjaminFranklin_partition_bd,AutobiographyOfBenjaminFranklin,autobiography,25105,"would make a vacancy I might profit of. I objected my want of money. He then let me know that his father had a high opinion of me, and, from some discourse that had pass'd between them, he was sure would advance money to set us up, if I would enter into partnership with him. ""My time,"" says he, ""will be out with Keimer in the spring; by that time we may have our press and types in from London. I am sensible I am no workman; if you like it, your skill in the business shall be set against",100
AutobiographyOfBenjaminFranklin_partition_be,AutobiographyOfBenjaminFranklin,autobiography,28361,"got his son once £500.--_Marg. note_. Mr. Vernon, about this time, put me in mind of the debt I ow'd him, but did not press me. I wrote him an ingenuous letter of acknowledgment, crav'd his forbearance a little longer, which he allow'd me, and as soon as I was able, I paid the principal with interest, and many thanks; so that erratum was in some degree corrected. But now another difficulty came upon me which I had never the least reason to expect. Mr. Meredith's father, who was to have paid for our printing-house, according to the expectations given",100
AutobiographyOfBenjaminFranklin_partition_bf,AutobiographyOfBenjaminFranklin,autobiography,63464,"that he lived to see himself the last of his sect, except Monsieur B----, of Paris, his _élève_ and immediate disciple. What gave my book the more sudden and general celebrity, was the success of one of its proposed experiments, made by Messrs. Dalibard and De Lor at Marly, for drawing lightning from the clouds. This engag'd the public attention everywhere. M. de Lor, who had an apparatus for experimental philosophy, and lectur'd in that branch of science, undertook to repeat what he called the _Philadelphia Experiments_; and, after they were performed before the king and court, all the curious",100
AutobiographyOfBenjaminFranklin_partition_bg,AutobiographyOfBenjaminFranklin,autobiography,36241,"that, tho' my scheme was not wholly without religion, there was in it no mark of any of the distinguishing tenets of any particular sect. I had purposely avoided them; for, being fully persuaded of the utility and excellency of my method, and that it might be serviceable to people in all religions, and intending some time or other to publish it, I would not have anything in it that should prejudice anyone, of any sect, against it. I purposed writing a little comment on each virtue, in which I would have shown the advantages of possessing it, and the",100
AutobiographyOfBenjaminFranklin_partition_bh,AutobiographyOfBenjaminFranklin,autobiography,68765,"Paris, who managed for them all their law business in their great suit with the neighbouring proprietary of Maryland, Lord Baltimore, which had subsisted 70 years, and wrote for them all their papers and messages in their dispute with the Assembly. He was a proud, angry man, and as I had occasionally in the answers of the Assembly treated his papers with some severity, they being really weak in point of argument and haughty in expression, he had conceived a mortal enmity to me, which discovering itself whenever we met, I declin'd the proprietary's proposal that he and I should",100
AutobiographyOfBenjaminFranklin_partition_bi,AutobiographyOfBenjaminFranklin,autobiography,37093,"in my choice of words, hardly correct in language, and yet I generally carried my points. In reality, there is, perhaps, no one of our natural passions so hard to subdue as _pride_. Disguise it, struggle with it, beat it down, stifle it, mortify it as much as one pleases, it is still alive, and will every now and then peep out and show itself; you will see it, perhaps, often in this history; for, even if I could conceive that I had compleatly overcome it, I should probably be proud of my humility. [Thus far written at Passy, 1784.]",100
AutobiographyOfBenjaminFranklin_partition_bj,AutobiographyOfBenjaminFranklin,autobiography,13176,"to Andrew Bradford the printer's. I found in the shop the old man his father, whom I had seen at New York, and who, traveling on horseback, had got to Philadelphia before me. He introduc'd me to his son, who receiv'd me civilly, gave me a breakfast, but told me he did not at present want a hand, being lately suppli'd with one; but there was another printer in town, lately set up, one Keimer, who, perhaps, might employ me; if not, I should be welcome to lodge at his house, and he would give me a little work to",100
AutobiographyOfBenjaminFranklin_partition_bk,AutobiographyOfBenjaminFranklin,autobiography,25443,"had been seen in the country; I cut several ornaments and checks for the bills. We went together to Burlington, where I executed the whole to satisfaction; and he received so large a sum for the work as to be enabled thereby to keep his head much longer above water. At Burlington I made an acquaintance with many principal people of the province. Several of them had been appointed by the Assembly a committee to attend the press, and take care that no more bills were printed than the law directed. They were therefore, by turns, constantly with us, and",100
AutobiographyOfBenjaminFranklin_partition_bl,AutobiographyOfBenjaminFranklin,autobiography,38829,"8 _blind man's wife_ 27 C _strange._ 1 16 4 38 8 New moon 27 day, 28 2 Sxtil Sat. Mars _hail and_ 2 Le 4 38 8 near noon. 29 3 St. Peter & Paul 2h 15 4 39 8 _paint herself._ 30 4 Square Mars Ven. _rain_. 3 Vi 4 40 8 Moon sets 9 30 _V Mon._ July hath xxxi days. Who can charge _Ebrio_ with Thirst of Wealth? See he consumes his Money, Time and Health, In drunken Frolicks which will all confound, Neglects his Farm, forgets to till his Ground, His Stock grows less that",100
AutobiographyOfBenjaminFranklin_partition_bm,AutobiographyOfBenjaminFranklin,autobiography,29816,"streets on a wheelbarrow. Thus being esteem'd an industrious, thriving young man, and paying duly for what I bought, the merchants who imported stationery solicited my custom; others proposed supplying me with books, and I went on swimmingly. In the meantime, Keimer's credit and business declining daily, he was at last forc'd to sell his printing-house to satisfy his creditors. He went to Barbadoes, and there lived some years in very poor circumstances. His apprentice, David Harry, whom I had instructed while I work'd with him, set up in his place at Philadelphia, having bought his materials. I was at",100
AutobiographyOfBenjaminFranklin_partition_bn,AutobiographyOfBenjaminFranklin,autobiography,47301,"was lawful, and which, being once published, they could not afterwards, however they might change their minds, easily get rid of, reminds me of what I think a more prudent conduct in another sect among us, that of the Dunkers. I was acquainted with one of its founders, Michael Welfare, soon after it appear'd. He complain'd to me that they were grievously calumniated by the zealots of other persuasions, and charg'd with abominable principles and practices to which they were utter strangers. I told him this had always been the case with new sects, and that, to put a stop",100
AutobiographyOfBenjaminFranklin_partition_bo,AutobiographyOfBenjaminFranklin,autobiography,23519,"was left among Franklin's papers.""--Bigelow. We landed in Philadelphia on the 11th of October, where I found sundry alterations. Keith was no longer governor, being superseded by Major Gordon. I met him walking the streets as a common citizen. He seem'd a little asham'd at seeing me, but pass'd without saying anything. I should have been as much asham'd at seeing Miss Read, had not her friends, despairing with reason of my return after the receipt of my letter, persuaded her to marry another, one Rogers, a potter, which was done in my absence. With him, however, she was never",100
AutobiographyOfBenjaminFranklin_partition_bp,AutobiographyOfBenjaminFranklin,autobiography,39618,"but that I would not take upon me to spread his detraction; and that, having contracted with my subscribers to furnish them with what might be either useful or entertaining, I could not fill their papers with private altercation, in which they had no concern, without doing them manifest injustice. Now, many of our printers make no scruple of gratifying the malice of individuals by false accusations of the fairest characters among ourselves, augmenting animosity even to the producing of duels; and are, moreover, so indiscreet as to print scurrilous reflections on the government of neighboring states, and even on",100
AutobiographyOfBenjaminFranklin_partition_bq,AutobiographyOfBenjaminFranklin,autobiography,1854,"study of the _Autobiography_ is also valuable because of the style in which it is written. If Robert Louis Stevenson is right in believing that his remarkable style was acquired by imitation then the youth who would gain the power to express his ideas clearly, forcibly, and interestingly cannot do better than to study Franklin's method. Franklin's fame in the scientific world was due almost as much to his modest, simple, and sincere manner of presenting his discoveries and to the precision and clearness of the style in which he described his experiments, as to the results he was able",100
AutobiographyOfBenjaminFranklin_partition_br,AutobiographyOfBenjaminFranklin,autobiography,70010,"or window, or under some cover, so that the silk ribbon may not be wet; and care must be taken that the twine does not touch the frame of the door or window. As soon as any of the thunder clouds come over the kite, the pointed wire will draw the electric fire from them, and the kite, with all the twine will be electrified, and the loose filaments of the twine will stand out every way and be attracted by an approaching finger. And when the rain has wet the kite and twine, so that it can conduct the",100
AutobiographyOfBenjaminFranklin_partition_bs,AutobiographyOfBenjaminFranklin,autobiography,16591,"There was great difference in persons; and discretion did not always accompany years, nor was youth always without it. ""And since he will not set you up,"" says he, ""I will do it myself. Give me an inventory of the things necessary to be had from England, and I will send for them. You shall repay me when you are able; I am resolv'd to have a good printer here, and I am sure you must succeed."" This was spoken with such an appearance of cordiality, that I had not the least doubt of his meaning what he said. I",100
AutobiographyOfBenjaminFranklin_partition_bt,AutobiographyOfBenjaminFranklin,autobiography,35954,"still left to him of a good constitution; to Industry and Frugality, the early easiness of his circumstances and acquisition of his fortune, with all that knowledge that enabled him to be a useful citizen, and obtained for him some degree of reputation among the learned; to Sincerity and Justice, the confidence of his country, and the honorable employs it conferred upon him; and to the joint influence of the whole mass of the virtues,[71] even in the imperfect state he was able to acquire them, all that evenness of temper, and that cheerfulness in conversation, which makes his company",100
AutobiographyOfBenjaminFranklin_partition_bu,AutobiographyOfBenjaminFranklin,autobiography,5965,"to be the head of it, and farther was removed into the next class above it, in order to go with that into the third at the end of the year. But my father, in the meantime, from a view of the expense of a college education, which having so large a family he could not well afford, and the mean living many so educated were afterwards able to obtain--reasons that he gave to his friends in my hearing--altered his first intention, took me from the grammar-school, and sent me to a school for writing and arithmetic, kept by a",100
AutobiographyOfBenjaminFranklin_partition_bv,AutobiographyOfBenjaminFranklin,autobiography,7146,"himself at Rhode Island, there was all appearance that I was destined to supply his place, and become a tallow-chandler. But my dislike to the trade continuing, my father was under apprehensions that if he did not find one for me more agreeable, I should break away and get to sea, as his son Josiah had done, to his great vexation. He therefore sometimes took me to walk with him, and see joiners, bricklayers, turners, braziers, etc., at their work, that he might observe my inclination, and endeavor to fix it on some trade or other on land. It has",100
AutobiographyOfBenjaminFranklin_partition_bw,AutobiographyOfBenjaminFranklin,autobiography,72529,"Franklin. They are essays on morality, philosophy and politics, similar to the _Dogood Papers_. _1729. A Modest Enquiry into the Nature and Necessity of a Paper Currency._ _1732. to 1757. Prefaces to Poor Richard's Almanac._ Among these are _Hints for those that would be Rich_, 1737; and _Plan for saving one hundred thousand pounds to New Jersey, 1756_. 1_743. A Proposal for Promoting Useful Knowledge Among the British Plantations in America._ ""This paper appears to contain the first suggestion, in any public form, for an _American Philosophical Society_."" Sparks. _1744. An Account of the New Invented Pennsylvania Fire-Places._ _1749. Proposals",100
AutobiographyOfBenjaminFranklin_partition_bx,AutobiographyOfBenjaminFranklin,autobiography,38290,"to the Almanack of 1757, as the harangue of a wise old man to the people attending an auction. The bringing all these scatter'd councils thus into a focus enabled them to make greater impression. The piece, being universally approved, was copied in all the newspapers of the Continent; reprinted in Britain on a broadside, to be stuck up in houses; two translations were made of it in French, and great numbers bought by the clergy and gentry, to distribute gratis among their poor parishioners and tenants. In Pennsylvania, as it discouraged useless expense in foreign superfluities, some thought it",100
AutobiographyOfBenjaminFranklin_partition_by,AutobiographyOfBenjaminFranklin,autobiography,16551,"of my life; and this affair show'd that my father was not much out in his judgment when he suppos'd me too young to manage business of importance. But Sir William, on reading his letter, said he was too prudent. There was great difference in persons; and discretion did not always accompany years, nor was youth always without it. ""And since he will not set you up,"" says he, ""I will do it myself. Give me an inventory of the things necessary to be had from England, and I will send for them. You shall repay me when you are",100
AutobiographyOfBenjaminFranklin_partition_bz,AutobiographyOfBenjaminFranklin,autobiography,64340,"I was as active as ever in the opposition, being the penman, first, of the request to have a communication of the instructions, and then of the remarks upon them, which may be found in the votes of the time, and in the Historical Review I afterward publish'd. But between us personally no enmity arose; we were often together; he was a man of letters, had seen much of the world, and was very entertaining and pleasing in conversation. He gave me the first information that my old friend Jas. Ralph was still alive; that he was esteem'd one of",100
AutobiographyOfBenjaminFranklin_partition_ca,AutobiographyOfBenjaminFranklin,autobiography,13446,"what manner he intended to proceed. I, who stood by and heard all, saw immediately that one of them was a crafty old sophister, and the other a mere novice. Bradford left me with Keimer, who was greatly surpris'd when I told him who the old man was. Keimer's printing-house, I found, consisted of an old shatter'd press, and one small, worn-out font of English, which he was then using himself, composing an Elegy on Aquilla Rose, before mentioned, an ingenious young man, of excellent character, much respected in the town, clerk of the Assembly, and a pretty poet. Keimer",100
AutobiographyOfBenjaminFranklin_partition_cb,AutobiographyOfBenjaminFranklin,autobiography,1607,"science and public service, in diplomacy and in literature. He was the Edison of his day, turning his scientific discoveries to the benefit of his fellow-men. He perceived the identity of lightning and electricity and set up the lightning rod. He invented the Franklin stove, still widely used, and refused to patent it. He possessed a masterly shrewdness in business and practical affairs. Carlyle called him the father of all the Yankees. He founded a fire company, assisted in founding a hospital, and improved the cleaning and lighting of streets. He developed journalism, established the American Philosophical Society, the public",100
AutobiographyOfBenjaminFranklin_partition_cc,AutobiographyOfBenjaminFranklin,autobiography,75243,"March 6._ The Conspiracy form'd by the Grand Vizir last January was Twelvemonth, with design to make himself King of Persia, was seasonably discover'd, and himself and Accomplices secured; since which the State hath enjoy'd its former Tranquility, and a new Vizir is appointed in his room, The old one's Eyes being both put out, he is kept alive (but in Prison) to make him discover all his Riches; which must be immensely great, since they found in one of his Chests four hundred thousand Persian Ducats, beside Foreign Coin, and in another Place abundance of Jewels, Gold and Silver;",100
AutobiographyOfBenjaminFranklin_partition_cd,AutobiographyOfBenjaminFranklin,autobiography,37268,"following little paper, accidentally preserv'd, viz.: _Observations_ on my reading history, in Library, May 19th, 1731. ""That the great affairs of the world, the wars, revolutions, etc., are carried on and effected by parties. ""That the view of these parties is their present general interest, or what they take to be such. ""That the different views of these different parties occasion all confusion. ""That while a party is carrying on a general design, each man has his particular private interest in view. ""That as soon as a party has gain'd its general point, each member becomes intent upon his particular",100
AutobiographyOfBenjaminFranklin_partition_ce,AutobiographyOfBenjaminFranklin,autobiography,61524,"for themselves;"" which, indeed, I could not deny. Being returned to Philadelphia, I found the association went on swimmingly, the inhabitants that were not Quakers having pretty generally come into it, formed themselves into companies, and chose their captains, lieutenants, and ensigns, according to the new law. Dr. B. visited me, and gave me an account of the pains he had taken to spread a general good liking to the law, and ascribed much to those endeavours. I had had the vanity to ascribe all to my _Dialogue_; however, not knowing but that he might be in the right, I",100
AutobiographyOfBenjaminFranklin_partition_cf,AutobiographyOfBenjaminFranklin,autobiography,62746,"such method, as that the foregoing should assist in comprehending the following. He procur'd an elegant apparatus for the purpose, in which all the little machines that I had roughly made for myself were nicely form'd by instrument-makers. His lectures were well attended, and gave great satisfaction; and after some time he went thro' the colonies, exhibiting them in every capital town, and pick'd up some money. In the West India islands, indeed, it was with difficulty the experiments could be made, from the general moisture of the air. Oblig'd as we were to Mr. Collinson for his present of",100
AutobiographyOfBenjaminFranklin_partition_cg,AutobiographyOfBenjaminFranklin,autobiography,57733,"marks, and fell very fast; and the soldiers were crowded together in a huddle, having or hearing no orders, and standing to be shot at till two-thirds of them were killed; and then, being seiz'd with a panick, the whole fled with precipitation. [Illustration: ""The only danger I apprehend of obstruction to your march is from ambuscades of Indians""] The waggoners took each a horse out of his team and scamper'd; their example was immediately followed by others; so that all the waggons, provisions, artillery, and stores were left to the enemy. The general, being wounded, was brought off with",100
AutobiographyOfBenjaminFranklin_partition_ch,AutobiographyOfBenjaminFranklin,autobiography,44657,"same terms with that in Carolina. Most of them did well, being enabled at the end of our term, six years, to purchase the types of me and go on working for themselves, by which means several families were raised. Partnerships often finish in quarrels; but I was happy in this, that mine were all carried on and ended amicably, owing, I think, a good deal to the precaution of having very explicitly settled, in our articles, everything to be done by or expected from each partner, so that there was nothing to dispute, which precaution I would therefore recommend",100
AutobiographyOfBenjaminFranklin_partition_ci,AutobiographyOfBenjaminFranklin,autobiography,24164,"to be made a pressman. George Webb, an Oxford scholar, whose time for four years he had likewise bought, intending him for a compositor, of whom more presently; and David Harry, a country boy, whom he had taken apprentice. I soon perceiv'd that the intention of engaging me at wages so much higher than he had been us'd to give, was, to have these raw, cheap hands form'd thro' me; and, as soon as I had instructed them, then they being all articled to him, he should be able to do without me. I went on, however, very chearfully, put",100
AutobiographyOfBenjaminFranklin_partition_cj,AutobiographyOfBenjaminFranklin,autobiography,6734,"and prudent in the conduct of life; and little or no notice was ever taken of what related to the victuals on the table, whether it was well or ill dressed, in or out of season, of good or bad flavor, preferable or inferior to this or that other thing of the kind, so that I was bro't up in such a perfect inattention to those matters as to be quite indifferent what kind of food was set before me, and so unobservant of it, that to this day if I am asked I can scarce tell a few hours",100
AutobiographyOfBenjaminFranklin_partition_ck,AutobiographyOfBenjaminFranklin,autobiography,33092,"himself to five points only, as meant by the apostle, viz.: 1. Keeping holy the Sabbath day. 2. Being diligent in reading the holy Scriptures. 3. Attending duly the publick worship. 4. Partaking of the Sacrament. 5. Paying a due respect to God's ministers. These might be all good things; but, as they were not the kind of good things that I expected from that text, I despaired of ever meeting with them from any other, was disgusted, and attended his preaching no more. I had some years before compos'd a little Liturgy, or form of prayer, for my own",100
AutobiographyOfBenjaminFranklin_partition_cl,AutobiographyOfBenjaminFranklin,autobiography,62616,"I say much practice, for my house was continually full, for some time, with people who came to see these new wonders. [106] The Royal Society of London for Improving Natural Knowledge was founded in 1660 and holds the foremost place among English societies for the advancement of science. To divide a little this incumbrance among my friends, I caused a number of similar tubes to be blown at our glass-house, with which they furnish'd themselves, so that we had at length several performers. Among these, the principal was Mr. Kinnersley, an ingenious neighbour, who, being out of business, I",100
AutobiographyOfBenjaminFranklin_partition_cm,AutobiographyOfBenjaminFranklin,autobiography,14953,"in such a manner before his people that he could never forget or forgive it. In this, however, he was mistaken. [32] A peep-show in a box. [33] There were no mints in the colonies, so the metal money was of foreign coinage and not nearly so common as paper money, which was printed in large quantities in America, even in small denominations. [34] Spanish dollar about equivalent to our dollar. My father received the governor's letter with some apparent surprise, but said little of it to me for some days, when Capt. Holmes returning he show'd it to him,",100
AutobiographyOfBenjaminFranklin_partition_cn,AutobiographyOfBenjaminFranklin,autobiography,8564,"constant necessity of searching for variety, and also have tended to fix that variety in my mind, and make me master of it. Therefore I took some of the tales and turned them into verse; and, after a time, when I had pretty well forgotten the prose, turned them back again. I also sometimes jumbled my collections of hints into confusion, and after some weeks endeavored to reduce them into the best order, before I began to form the full sentences and compleat the paper. This was to teach me method in the arrangement of thoughts. By comparing my work",100
AutobiographyOfBenjaminFranklin_partition_co,AutobiographyOfBenjaminFranklin,autobiography,52521,"and carry'd away before the shops are open, is very practicable in the summer, when the days are long; for, in walking thro' the Strand and Fleet-street one morning at seven o'clock, I observ'd there was not one shop open, tho' it had been daylight and the sun up above three hours; the inhabitants of London chusing voluntarily to live much by candle-light, and sleep by sunshine, and yet often complain, a little absurdly, of the duty on candles, and the high price of tallow. Some may think these trifling matters not worth minding or relating; but when they consider",100
AutobiographyOfBenjaminFranklin_partition_cp,AutobiographyOfBenjaminFranklin,autobiography,64454,"Frederic and the king, and had obtain'd a pension of three hundred a year; that his reputation was indeed small as a poet, Pope having damned his poetry in the _Dunciad_,[112] but his prose was thought as good as any man's. [111] Quarrel between George II and his son, Frederick, Prince of Wales, who died before his father. [112] A satirical poem by Alexander Pope directed against various contemporary writers. The Assembly finally finding the proprietary obstinately persisted in manacling their deputies with instructions inconsistent not only with the privileges of the people, but with the service of the crown,",100
AutobiographyOfBenjaminFranklin_partition_cq,AutobiographyOfBenjaminFranklin,autobiography,9710,"forgot;""_ farther recommending to us ""To speak, tho' sure, with seeming diffidence."" And he might have coupled with this line that which he has coupled with another, I think, less properly, ""For want of modesty is want of sense."" If you ask, Why less properly? I must repeat the lines, ""Immodest words admit of no defense, For want of modesty is want of sense."" Now, is not _want of sense_ (where a man is so unfortunate as to want it) some apology for his _want of modesty_? and would not the lines stand more justly thus? ""Immodest words admit _but_",100
AutobiographyOfBenjaminFranklin_partition_cr,AutobiographyOfBenjaminFranklin,autobiography,75631,"to regulate certain Affairs relating to the Town and County of Baden, which formerly belonged to the Eight Eldest Cantons, but in the last Swiss War was given up to Zurich and Berne in Propriety, with a Reservation to the Canton of Glaris (which is mostly Protestant) of the Share it had before in the Sovereignty of that District. The three Deputies of Zurich, Lucern &c Ury, who were commissioned by the late General Dyet to go to Wilchingen, to try to compose the Differences which have been long standing between the Inhabitants of that Place and the Canton of",100
AutobiographyOfBenjaminFranklin_partition_cs,AutobiographyOfBenjaminFranklin,autobiography,7026,"1744, Ætat 89. A. F. born 1667, died 1752,----85. [15] This marble having decayed, the citizens of Boston in 1827 erected in its place a granite obelisk, twenty-one feet high, bearing the original inscription quoted in the text and another explaining the erection of the monument. By my rambling digressions I perceive myself to be grown old. I us'd to write more methodically. But one does not dress for private company as for a publick ball. 'Tis perhaps only negligence. To return: I continued thus employed in my father's business for two years, that is, till I was twelve years",100
AutobiographyOfBenjaminFranklin_partition_ct,AutobiographyOfBenjaminFranklin,autobiography,19887,"he should succeed in it. Then he propos'd to Roberts, a publisher in Paternoster Row,[39] to write for him a weekly paper like the Spectator, on certain conditions, which Roberts did not approve. Then he endeavoured to get employment as a hackney writer, to copy for the stationers and lawyers about the Temple,[40] but could find no vacancy. [36] One of the oldest parts of London, north of St. Paul's Cathedral, called ""Little Britain"" because the Dukes of Brittany used to live there. See the essay entitled ""Little Britain"" in Washington Irving's _Sketch Book_. [37] A gold coin worth about",100
AutobiographyOfBenjaminFranklin_partition_cu,AutobiographyOfBenjaminFranklin,autobiography,19555,"persuading him to be bound for him. By this letter it appear'd there was a secret scheme on foot to the prejudice of Hamilton (suppos'd to be then coming over with us); and that Keith was concerned in it with Riddlesden. Denham, who was a friend of Hamilton's, thought he ought to be acquainted with it; so, when he arriv'd in England, which was soon after, partly from resentment and ill-will to Keith and Riddlesden, and partly from good-will to him, I waited on him, and gave him the letter. He thank'd me cordially, the information being of importance to",100
AutobiographyOfBenjaminFranklin_partition_cv,AutobiographyOfBenjaminFranklin,autobiography,73772,"among his Friends what is wanting in himself._ _Upon the Whole, we may assure the Publick, that as far as the Encouragement we meet with will enable us, no Care and Pains shall be omitted, that may make the_ Pennsylvania Gazette _as agreeable and useful an Entertainment as the Nature of the Thing will allow._ The Following is the last Message sent by his Excellency Governor _Burnet_, to the House of Representatives in _Boston_. _Gentlemen of the House of Representatives,_ It is not with so vain a Hope as to convince you, that I take the Trouble to answer your",100
AutobiographyOfBenjaminFranklin_partition_cw,AutobiographyOfBenjaminFranklin,autobiography,39824,"receive one-third of the profits of the business, paying one-third of the expense. He was a man of learning, and honest but ignorant in matters of account; and, tho' he sometimes made me remittances, I could get no account from him, nor any satisfactory state of our partnership while he lived. On his decease, the business was continued by his widow, who, being born and bred in Holland, where, as I have been inform'd, the knowledge of accounts makes a part of female education, she not only sent me as clear a state as she could find of the transactions",100
AutobiographyOfBenjaminFranklin_partition_cx,AutobiographyOfBenjaminFranklin,autobiography,11164,"wind, in three days I found myself in New York, near 300 miles from home, a boy of but 17, without the least recommendation to, or knowledge of, any person in the place, and with very little money in my pocket. [Illustration: Sailboat] III ARRIVAL IN PHILADELPHIA My inclinations for the sea were by this time worne out, or I might now have gratify'd them. But, having a trade, and supposing myself a pretty good workman, I offer'd my service to the printer in the place, old Mr. William Bradford, who had been the first printer in Pennsylvania, but removed",100
AutobiographyOfBenjaminFranklin_partition_cy,AutobiographyOfBenjaminFranklin,autobiography,32530,"bowl, with a spoon of silver! They had been bought for me without my knowledge by my wife, and had cost her the enormous sum of three-and-twenty shillings, for which she had no other excuse or apology to make, but that she thought _her_ husband deserv'd a silver spoon and China bowl as well as any of his neighbors. This was the first appearance of plate and China in our house, which afterward, in a course of years, as our wealth increas'd, augmented gradually to several hundred pounds in value. I had been religiously educated as a Presbyterian; and though",100
AutobiographyOfBenjaminFranklin_partition_cz,AutobiographyOfBenjaminFranklin,autobiography,15525,"of passengers for New York, among which were two young women, companions, and a grave, sensible, matronlike Quaker woman, with her attendants. I had shown an obliging readiness to do her some little services, which impress'd her I suppose with a degree of good will toward me; therefore, when she saw a daily growing familiarity between me and the two young women, which they appear'd to encourage, she took me aside, and said, ""Young man, I am concern'd for thee, as thou hast no friend with thee, and seems not to know much of the world, or of the snares",100
AutobiographyOfBenjaminFranklin_partition_da,AutobiographyOfBenjaminFranklin,autobiography,73147,"Version of the Bible._ Part of the first chapter of _Job_ modernized. (1779. Published) _The Morals of Chess._ 1780? _The Handsome and Deformed Leg._ 1780. _Dialogue between Franklin and the Gout._ (Published in 1802.) 1802. _A Petition of the Left Hand._ 1806. _The Art of Procuring Pleasant Dreams._ [Illustration: MEDAL GIVEN BY THE BOSTON PUBLIC SCHOOLS FROM THE FRANKLIN FUND] [Transcriptions of newspaper pages] [Page 1 of _The Pennsylvania Gazette_,]. Numb. XL. THE Pennsylvania _GAZETTE_. Containing the freshest Advices Foreign and Domestick. From Thursday, September 25. to Thursday, October 2. 1729. _The_ Pennsylvania Gazette _being now to be carry'd on",100
AutobiographyOfBenjaminFranklin_partition_db,AutobiographyOfBenjaminFranklin,autobiography,54548,"deputies to pass no act for levying the necessary taxes, unless their vast estates were in the same act expressly excused; and they had even taken bonds of these deputies to observe such instructions. The Assemblies for three years held out against this injustice, tho' constrained to bend at last. At length Captain Denny, who was Governor Morris's successor, ventured to disobey those instructions; how that was brought about I shall show hereafter. [93] The ""round, selfish, and self-important"" squire of Don Quixote in Cervantes' romance of that name. [94] My acts in Morris's time, military, etc.--_Marg. note_. But I",100
AutobiographyOfBenjaminFranklin_partition_dc,AutobiographyOfBenjaminFranklin,autobiography,29581,"these, to me, were really great advantages, as they were great encouragements. He procured for me, also, the printing of the laws and votes of that government, which continu'd in my hands as long as I follow'd the business. I now open'd a little stationer's shop. I had in it blanks of all sorts, the correctest that ever appear'd among us, being assisted in that by my friend Breintnal. I had also paper, parchment, chapmen's books, etc. One Whitemash, a compositor I had known in London, an excellent workman, now came to me, and work'd with me constantly and diligently;",100
AutobiographyOfBenjaminFranklin_partition_dd,AutobiographyOfBenjaminFranklin,autobiography,68494,"introduced the direct taxation of the American Colonies and has sometimes been called the immediate cause of the Revolution. [119] This whole passage shows how hopelessly divergent were the English and American views on the relations between the mother country and her colonies. Grenville here made clear that the Americans were to have no voice in making or amending their laws. Parliament and the king were to have absolute power over the colonies. No wonder Franklin was alarmed by this new doctrine. With his keen insight into human nature and his consequent knowledge of American character, he foresaw the inevitable",100
AutobiographyOfBenjaminFranklin_partition_de,AutobiographyOfBenjaminFranklin,autobiography,49856,"of mine, conceived the idea of establishing a hospital in Philadelphia (a very beneficent design, which has been ascrib'd to me, but was originally his), for the reception and cure of poor sick persons, whether inhabitants of the province or strangers. He was zealous and active in endeavouring to procure subscriptions for it, but the proposal being a novelty in America, and at first not well understood, he met but with small success. At length he came to me with the compliment that he found there was no such thing as carrying a public-spirited project through without my being concern'd",100
AutobiographyOfBenjaminFranklin_partition_df,AutobiographyOfBenjaminFranklin,autobiography,59049,"to be taxed, those of the proprietaries _not_ excepted."" His amendment was, for _not_ read _only_: a small, but very material alteration. However, when the news of this disaster reached England, our friends there whom we had taken care to furnish with all the Assembly's answers to the governor's messages, rais'd a clamor against the proprietaries for their meanness and injustice in giving their governor such instructions; some going so far as to say that, by obstructing the defense of their province, they forfeited their right to it. They were intimidated by this, and sent orders to their receiver-general to",100
AutobiographyOfBenjaminFranklin_partition_dg,AutobiographyOfBenjaminFranklin,autobiography,58028,"the country, not thinking himself safe till he arrived at Philadelphia, where the inhabitants could protect him. This whole transaction gave us Americans the first suspicion that our exalted ideas of the prowess of British regulars had not been well founded.[99] [99] Other accounts of this expedition and defeat may be found in Fiske's _Washington and his Country_, or Lodge's _George Washington_, Vol. 1. In their first march, too, from their landing till they got beyond the settlements, they had plundered and stripped the inhabitants, totally ruining some poor families, besides insulting, abusing, and confining the people if they remonstrated.",100
AutobiographyOfBenjaminFranklin_partition_dh,AutobiographyOfBenjaminFranklin,autobiography,38974,"_None preaches_ 2 6 7* rise 12 32 5 Li 4 41 8 _better than the_ 3 7 _windy weather._ 6 15 4 41 8 _ant, and she says_ 4 C 2 Sund. p Trinit 6h Sc 4 42 8 First Quarter. 5 2 Vc Jup. Ven. _now_ 7 14 4 43 8 _nothing._ 6 3 _pleasant weather_ 8 27 4 44 8 Moon sets 12 30 m 7 4 _some days_ 9 Sa 4 45 8 _The absent are_ 8 5 _together,_ 10 23 4 48 8 _never without_ 9 6 _but inclines to_ 10 Cp 4 47 8",100
AutobiographyOfBenjaminFranklin_partition_di,AutobiographyOfBenjaminFranklin,autobiography,56207,"means. The people of these back counties have lately complained to the Assembly that a sufficient currency was wanting; you have an opportunity of receiving and dividing among you a very considerable sum; for, if the service of this expedition should continue, as it is more than probable it will, for one hundred and twenty days, the hire of these waggons and horses will amount to upward of thirty thousand pounds, which will be paid you in silver and gold of the king's money. ""The service will be light and easy, for the army will scarce march above twelve miles",100
AutobiographyOfBenjaminFranklin_partition_dj,AutobiographyOfBenjaminFranklin,autobiography,40026,"and enabling them to continue, perhaps, a profitable mercantile house, with establish'd correspondence, till a son is grown up fit to undertake and go on with it, to the lasting advantage and enriching of the family. About the year 1734 there arrived among us from Ireland a young Presbyterian preacher, named Hemphill, who delivered with a good voice, and apparently extempore, most excellent discourses, which drew together considerable numbers of different persuasions, who join'd in admiring them. Among the rest, I became one of his constant hearers, his sermons pleasing me, as they had little of the dogmatical kind, but",100
AutobiographyOfBenjaminFranklin_partition_dk,AutobiographyOfBenjaminFranklin,autobiography,74531,"holy Melody._ Lately Imported from _London_, by _Johu Le_, and are to be sold by him at the lowest Prices, either by Wholesale or Retale, at his Shop in _Market Street_, over against the _Presbyterian_ Meeting-House, these Goods following, _viz._ Callicoes, divers Sorts. Hollands, and several sorts of Sheeting Linnen. Several sorts of Diapers and Table-Cloths. Several sorts of Cambricks. Mantua Silks, and Grassets. Beryllan, and plain Callimanco. Tamie yard-wide. Men's dyed shammie Gloves. Women's _Ditto_, Lamb. Stitching Silk, Thread and Silk. Twist for Women. Silk and Ribbands. Double Thread Stockings. Men's white shammie Gloves. Silk Handkerchiefs, & other sorts",100
AutobiographyOfBenjaminFranklin_partition_dl,AutobiographyOfBenjaminFranklin,autobiography,7894,"stuff, in the Grub-street-ballad style;[17] and when they were printed he sent me about the town to sell them. The first sold wonderfully, the event being recent, having made a great noise. This flattered my vanity; but my father discouraged me by ridiculing my performances, and telling me verse-makers were generally beggars. So I escaped being a poet, most probably a very bad one; but as prose writing has been of great use to me in the course of my life, and was a principal means of my advancement, I shall tell you how, in such a situation, I acquired",100
AutobiographyOfBenjaminFranklin_partition_dm,AutobiographyOfBenjaminFranklin,autobiography,13006,"in, in Philadelphia. Walking down again toward the river, and, looking in the faces of people, I met a young Quaker man, whose countenance I lik'd, and, accosting him, requested he would tell me where a stranger could get lodging. We were then near the sign of the Three Mariners. ""Here,"" says he, ""is one place that entertains strangers, but it is not a reputable house; if thee wilt walk with me, I'll show thee a better."" He brought me to the Crooked Billet in Water-street. Here I got a dinner; and, while I was eating it, several sly questions",100
AutobiographyOfBenjaminFranklin_partition_dn,AutobiographyOfBenjaminFranklin,autobiography,27235,"became afterwards a merchant of great note, and one of our provincial judges. Our friendship continued without interruption to his death, upwards of forty years; and the club continued almost as long, and was the best school of philosophy, morality, and politics that then existed in the province; for our queries, which were read the week preceding their discussion, put us upon reading with attention upon the several subjects, that we might speak more to the purpose; and here, too, we acquired better habits of conversation, everything being studied in our rules which might prevent our disgusting each other. From",100
AutobiographyOfBenjaminFranklin_partition_do,AutobiographyOfBenjaminFranklin,autobiography,27659,"from one of them to supply us with stationery; but as yet we did not chuse to engage in shop business. [55] A sheet 8-1/2 by 13-1/2 inches, having the words _pro patria_ in translucent letters in the body of the paper. Pica--a size of type; as, A B C D: Long Primer--a smaller size of type; as, A B C D. [56] To arrange and lock up pages or columns of type in a rectangular iron frame, ready for printing. [57] Reduced to complete disorder. I mention this industry the more particularly and the more freely, tho' it seems",100
AutobiographyOfBenjaminFranklin_partition_dp,AutobiographyOfBenjaminFranklin,autobiography,34687,"delight in virtue; And that which he delights in must be happy."" Another from Cicero, ""O vitæ Philosophia dux! O virtutum indagatrix expultrixque vitiorum! Unus dies, bene et ex præceptis tuis actus, peccanti immortalitati est anteponendus.""[69] [69] ""O philosophy, guide of life! O searcher out of virtue and exterminator of vice! One day spent well and in accordance with thy precepts is worth an immortality of sin.""--_Tusculan Inquiries_, Book V. Another from the Proverbs of Solomon, speaking of wisdom or virtue: ""Length of days is in her right hand, and in her left hand riches and honour. Her ways are",100
AutobiographyOfBenjaminFranklin_partition_dq,AutobiographyOfBenjaminFranklin,autobiography,10641,"took very kindly, while others began to consider me in an unfavorable light, as a young genius that had a turn for libeling and satyr. My brother's discharge was accompany'd with an order of the House (a very odd one), that ""_James Franklin should no longer print the paper called the New England Courant_."" There was a consultation held in our printing-house among his friends, what he should do in this case. Some proposed to evade the order by changing the name of the paper; but my brother, seeing inconveniences in that, it was finally concluded on as a better",100
AutobiographyOfBenjaminFranklin_partition_dr,AutobiographyOfBenjaminFranklin,autobiography,20585,"liv'd together some time; but, he being still out of business, and her income not sufficient to maintain them with her child, he took a resolution of going from London, to try for a country school, which he thought himself well qualified to undertake, as he wrote an excellent hand, and was a master of arithmetic and accounts. This, however, he deemed a business below him, and confident of future better fortune, when he should be unwilling to have it known that he once was so meanly employed, he changed his name, and did me the honour to assume mine;",100
AutobiographyOfBenjaminFranklin_partition_ds,AutobiographyOfBenjaminFranklin,autobiography,31439,"uncertain, and having just now a little leisure, I will endeavour to recollect and write what I can; if I live to get home, it may there be corrected and improv'd. Not having any copy here of what is already written, I know not whether an account is given of the means I used to establish the Philadelphia public library, which, from a small beginning, is now become so considerable, though I remember to have come down to near the time of that transaction (1730). I will therefore begin here with an account of it, which may be struck out",100
AutobiographyOfBenjaminFranklin_partition_dt,AutobiographyOfBenjaminFranklin,autobiography,22782,"me to think only of returning to Pennsylvania, which he was now about to do. I must record one trait of this good man's character. He had formerly been in business at Bristol, but failed in debt to a number of people, compounded and went to America. There, by a close application to business as a merchant, he acquired a plentiful fortune in a few years. Returning to England in the ship with me, he invited his old creditors to an entertainment, at which he thank'd them for the easy composition they had favoured him with, and, when they expected",100
AutobiographyOfBenjaminFranklin_partition_du,AutobiographyOfBenjaminFranklin,autobiography,72350,"Paul Leicester Ford's _The Many-Sided Franklin_ is a most chatty and readable book, replete with anecdotes and excellently and fully illustrated. An excellent criticism by Woodrow Wilson introduces an edition of the _Autobiography_ in _The Century Classics_ (Century Co., New York, 1901). Interesting magazine articles are those of E. E. Hale, _Christian Examiner_, lxxi, 447; W. P. Trent, _McClure's Magazine_, viii, 273; John Hay, _The Century Magazine_, lxxi, 447. See also the histories of American literature by C. F. Richardson, Moses Coit Tyler, Brander Matthews, John Nichol, and Barrett Wendell, as well as the various encyclopedias. An excellent bibliography of",100
AutobiographyOfBenjaminFranklin_partition_dv,AutobiographyOfBenjaminFranklin,autobiography,9838,"so skillfully devised that the answers would confirm the questioner's position or show the error of the opponent. [22] Alexander Pope (1688-1744), the greatest English poet of the first half of the eighteenth century. My brother had, in 1720 or 1721, begun to print a newspaper. It was the second that appeared in America,[23] and was called the New England Courant. The only one before it was the Boston News-Letter. I remember his being dissuaded by some of his friends from the undertaking, as not likely to succeed, one newspaper being, in their judgment, enough for America. At this time",100
AutobiographyOfBenjaminFranklin_partition_dw,AutobiographyOfBenjaminFranklin,autobiography,20517,"me to let him add that to the number, for which he paid me handsomely. In our house there lodg'd a young woman, a milliner, who, I think, had a shop in the Cloisters. She had been genteelly bred, was sensible and lively, and of most pleasing conversation. Ralph read plays to her in the evenings, they grew intimate, she took another lodging, and he followed her. They liv'd together some time; but, he being still out of business, and her income not sufficient to maintain them with her child, he took a resolution of going from London, to try",100
AutobiographyOfBenjaminFranklin_partition_dx,AutobiographyOfBenjaminFranklin,autobiography,350,"said the Doctor.""--Thomas Jefferson. PAGE Portrait of Franklin vii Pages 1 and 4 of _The Pennsylvania Gazette_, Number XL, the first number after Franklin took control xxi First page of _The New England Courant_ of December 4-11, 1721 33 ""I was employed to carry the papers thro' the streets to the customers"" 36 ""She, standing at the door, saw me, and thought I made, as I certainly did, a most awkward, ridiculous appearance"" 48 ""I took to working at press"" 88 ""I see him still at work when I go home from club"" 120 Two pages from _Poor Richard's Almanac_",100
AutobiographyOfBenjaminFranklin_partition_dy,AutobiographyOfBenjaminFranklin,autobiography,53545,"the provinces, with some members of their respective councils, were to meet and order the raising of troops, building of forts, etc., and to draw on the treasury of Great Britain for the expense, which was afterwards to be refunded by an act of Parliament laying a tax on America. My plan, with my reasons in support of it, is to be found among my political papers that are printed. Being the winter following in Boston, I had much conversation with Governor Shirley upon both the plans. Part of what passed between us on the occasion may also be seen",100
AutobiographyOfBenjaminFranklin_partition_dz,AutobiographyOfBenjaminFranklin,autobiography,59048,"were to be taxed, those of the proprietaries _not_ excepted."" His amendment was, for _not_ read _only_: a small, but very material alteration. However, when the news of this disaster reached England, our friends there whom we had taken care to furnish with all the Assembly's answers to the governor's messages, rais'd a clamor against the proprietaries for their meanness and injustice in giving their governor such instructions; some going so far as to say that, by obstructing the defense of their province, they forfeited their right to it. They were intimidated by this, and sent orders to their receiver-general",100
AutobiographyOfBenjaminFranklin_partition_ea,AutobiographyOfBenjaminFranklin,autobiography,61592,"to the law, and ascribed much to those endeavours. I had had the vanity to ascribe all to my _Dialogue_; however, not knowing but that he might be in the right, I let him enjoy his opinion, which I take to be generally the best way in such cases. The officers, meeting, chose me to be colonel of the regiment, which I this time accepted. I forget how many companies we had, but we paraded about twelve hundred well-looking men, with a company of artillery, who had been furnished with six brass field-pieces, which they had become so expert in",100
AutobiographyOfBenjaminFranklin_partition_eb,AutobiographyOfBenjaminFranklin,autobiography,38175,"inculcated industry and frugality, as the means of procuring wealth, and thereby securing virtue; it being more difficult for a man in want, to act always honestly, as, to use here one of those proverbs, _it is hard for an empty sack to stand upright_. [74] The almanac at that time was a kind of periodical as well as a guide to natural phenomena and the weather. Franklin took his title from _Poor Robin_, a famous English almanac, and from Richard Saunders, a well-known almanac publisher. For the maxims of Poor Richard, see pages 331-335. These proverbs, which contained the",100
AutobiographyOfBenjaminFranklin_partition_ec,AutobiographyOfBenjaminFranklin,autobiography,4278,"of curiosity in collecting family anecdotes) once put into my hands, furnished me with several particulars relating to our ancestors. From these notes I learned that the family had lived in the same village, Ecton, in Northamptonshire,[5] for three hundred years, and how much longer he knew not (perhaps from the time when the name of Franklin, that before was the name of an order of people,[6] was assumed by them as a surname when others took surnames all over the kingdom), on a freehold of about thirty acres, aided by the smith's business, which had continued in the family",100
AutobiographyOfBenjaminFranklin_partition_ed,AutobiographyOfBenjaminFranklin,autobiography,30340,"no such sum to spare; I said they might mortgage their house in the loan-office. The answer to this, after some days, was, that they did not approve the match; that, on inquiry of Bradford, they had been informed the printing business was not a profitable one; the types would soon be worn out, and more wanted; that S. Keimer and D. Harry had failed one after the other, and I should probably soon follow them; and, therefore, I was forbidden the house, and the daughter shut up. Whether this was a real change of sentiment or only artifice, on",100
AutobiographyOfBenjaminFranklin_partition_ee,AutobiographyOfBenjaminFranklin,autobiography,37762,"improper persons, but that the members should each of them search among his acquaintance for ingenuous, well-disposed youths, to whom, with prudent caution, the scheme should be gradually communicated; that the members should engage to afford their advice, assistance, and support to each other in promoting one another's interests, business, and advancement in life; that, for distinction, we should be call'd _The Society of the Free and Easy_: free, as being, by the general practice and habit of the virtues, free from the dominion of vice; and particularly by the practice of industry and frugality, free from debt, which exposes",100
AutobiographyOfBenjaminFranklin_partition_ef,AutobiographyOfBenjaminFranklin,autobiography,37056,"my fellow-citizens when I proposed new institutions, or alterations in the old, and so much influence in public councils when I became a member; for I was but a bad speaker, never eloquent, subject to much hesitation in my choice of words, hardly correct in language, and yet I generally carried my points. In reality, there is, perhaps, no one of our natural passions so hard to subdue as _pride_. Disguise it, struggle with it, beat it down, stifle it, mortify it as much as one pleases, it is still alive, and will every now and then peep out and",100
AutobiographyOfBenjaminFranklin_partition_eg,AutobiographyOfBenjaminFranklin,autobiography,59510,"to find it in so good a posture of defense; the destruction of Gnadenhut had made them apprehend danger. The principal buildings were defended by a stockade; they had purchased a quantity of arms and ammunition from New York, and had even plac'd quantities of small paving stones between the windows of their high stone houses, for their women to throw down upon the heads of any Indians that should attempt to force into them. The armed brethren, too, kept watch, and reliev'd as methodically as in any garrison town. In conversation with the bishop, Spangenberg, I mention'd this my",100
AutobiographyOfBenjaminFranklin_partition_eh,AutobiographyOfBenjaminFranklin,autobiography,9329,"safest for myself and very embarrassing to those against whom I used it; therefore I took a delight in it, practis'd it continually, and grew very artful and expert in drawing people, even of superior knowledge, into concessions, the consequences of which they did not foresee, entangling them in difficulties out of which they could not extricate themselves, and so obtaining victories that neither myself nor my cause always deserved. I continu'd this method some few years, but gradually left it, retaining only the habit of expressing myself in terms of modest diffidence; never using, when I advanced anything that",100
AutobiographyOfBenjaminFranklin_partition_ei,AutobiographyOfBenjaminFranklin,autobiography,30595,"as I should not otherwise think agreeable. A friendly correspondence as neighbours and old acquaintances had continued between me and Mrs. Read's family, who all had a regard for me from the time of my first lodging in their house. I was often invited there and consulted in their affairs, wherein I sometimes was of service. I piti'd poor Miss Read's unfortunate situation, who was generally dejected, seldom chearful, and avoided company. I considered my giddiness and inconstancy when in London as in a great degree the cause of her unhappiness, tho' the mother was good enough to think the",100
AutobiographyOfBenjaminFranklin_partition_ej,AutobiographyOfBenjaminFranklin,autobiography,34675,"there is, all nature cries aloud Thro' all her works), He must delight in virtue; And that which he delights in must be happy."" Another from Cicero, ""O vitæ Philosophia dux! O virtutum indagatrix expultrixque vitiorum! Unus dies, bene et ex præceptis tuis actus, peccanti immortalitati est anteponendus.""[69] [69] ""O philosophy, guide of life! O searcher out of virtue and exterminator of vice! One day spent well and in accordance with thy precepts is worth an immortality of sin.""--_Tusculan Inquiries_, Book V. Another from the Proverbs of Solomon, speaking of wisdom or virtue: ""Length of days is in her right",100
AutobiographyOfBenjaminFranklin_partition_ek,AutobiographyOfBenjaminFranklin,autobiography,25928,"what was intended by them; for the arguments of the Deists, which were quoted to be refuted, appeared to me much stronger than the refutations; in short, I soon became a thorough Deist. My arguments perverted some others, particularly Collins and Ralph; but, each of them having afterwards wrong'd me greatly without the least compunction, and recollecting Keith's conduct towards me (who was another free-thinker), and my own towards Vernon and Miss Read, which at times gave me great trouble, I began to suspect that this doctrine, tho' it might be true, was not very useful. My London pamphlet, which",100
AutobiographyOfBenjaminFranklin_partition_el,AutobiographyOfBenjaminFranklin,autobiography,55723,"and for each able horse with a pack-saddle, or other saddle and furniture, two shillings per diem; and for each able horse without a saddle, eighteen pence per diem. 2. That the pay commence from the time of their joining the forces at Will's Creek, which must be on or before the 20th of May ensuing, and that a reasonable allowance be paid over and above for the time necessary for their travelling to Will's Creek and home again after their discharge. 3. Each waggon and team, and every saddle or pack horse, is to be valued by indifferent persons",100
AutobiographyOfBenjaminFranklin_partition_em,AutobiographyOfBenjaminFranklin,autobiography,15043,"days, when Capt. Holmes returning he show'd it to him, asked him if he knew Keith, and what kind of man he was; adding his opinion that he must be of small discretion to think of setting a boy up in business who wanted yet three years of being at man's estate. Holmes said what he could in favour of the project, but my father was clear in the impropriety of it, and at last, gave a flat denial to it. Then he wrote a civil letter to Sir William, thanking him for the patronage he had so kindly offered",100
AutobiographyOfBenjaminFranklin_partition_en,AutobiographyOfBenjaminFranklin,autobiography,71376,"myself. When I was a child of seven year old, my friends, on a holiday, filled my pocket with coppers. I went directly to a shop where they sold toys for children; and being charmed with the sound of a _whistle_, that I met by the way in the hands of another boy, I voluntarily offered and gave all my money for one. I then came home, and went whistling all over the house, much pleased with my _whistle_, but disturbing all the family. My brothers, and sisters, and cousins, understanding the bargain I had made, told me I had",100
AutobiographyOfBenjaminFranklin_partition_eo,AutobiographyOfBenjaminFranklin,autobiography,29466,"I now think there are limits beyond which the quantity may be hurtful.[61] [61] Paper money is a promise to pay its face value in gold or silver. When a state or nation issues more such promises than there is a likelihood of its being able to redeem, the paper representing the promises depreciates in value. Before the success of the Colonies in the Revolution was assured, it took hundreds of dollars of their paper money to buy a pair of boots. I soon after obtain'd, thro' my friend Hamilton, the printing of the Newcastle paper money, another profitable jobb",100
AutobiographyOfBenjaminFranklin_partition_ep,AutobiographyOfBenjaminFranklin,autobiography,19528,"both of us happen'd to know, as well as the stationer, that Riddlesden, the attorney, was a very knave. He had half ruin'd Miss Read's father by persuading him to be bound for him. By this letter it appear'd there was a secret scheme on foot to the prejudice of Hamilton (suppos'd to be then coming over with us); and that Keith was concerned in it with Riddlesden. Denham, who was a friend of Hamilton's, thought he ought to be acquainted with it; so, when he arriv'd in England, which was soon after, partly from resentment and ill-will to Keith",100
AutobiographyOfBenjaminFranklin_partition_eq,AutobiographyOfBenjaminFranklin,autobiography,34816,"his assistance for obtaining it; to this end I formed the following little prayer, which was prefix'd to my tables of examination, for daily use. ""_O powerful Goodness! bountiful Father! merciful Guide! Increase in me that wisdom which discovers my truest interest. Strengthen my resolutions to perform what that wisdom dictates. Accept my kind offices to thy other children as the only return in my power for thy continual favours to me_."" I used also sometimes a little prayer which I took from Thomson's Poems, viz.: ""Father of light and life, thou Good Supreme! O teach me what is good;",100
AutobiographyOfBenjaminFranklin_partition_er,AutobiographyOfBenjaminFranklin,autobiography,18643,"VI FIRST VISIT TO LONDON The governor, seeming to like my company, had me frequently to his house, and his setting me up was always mention'd as a fixed thing. I was to take with me letters recommendatory to a number of his friends, besides the letter of credit to furnish me with the necessary money for purchasing the press and types, paper, etc. For these letters I was appointed to call at different times, when they were to be ready; but a future time was still named. Thus he went on till the ship, whose departure too had been",100
AutobiographyOfBenjaminFranklin_partition_es,AutobiographyOfBenjaminFranklin,autobiography,9359,"drawing people, even of superior knowledge, into concessions, the consequences of which they did not foresee, entangling them in difficulties out of which they could not extricate themselves, and so obtaining victories that neither myself nor my cause always deserved. I continu'd this method some few years, but gradually left it, retaining only the habit of expressing myself in terms of modest diffidence; never using, when I advanced anything that may possibly be disputed, the words _certainly_, _undoubtedly_, or any others that give the air of positiveness to an opinion; but rather say, I conceive or apprehend a thing to",100
AutobiographyOfBenjaminFranklin_partition_et,AutobiographyOfBenjaminFranklin,autobiography,7816,"very kindly lent me such books as I chose to read. I now took a fancy to poetry, and made some little pieces; my brother, thinking it might turn to account, encouraged me, and put me on composing occasional ballads. One was called _The Lighthouse Tragedy_, and contained an account of the drowning of Captain Worthilake, with his two daughters: the other was a sailor's song, on the taking of _Teach_ (or Blackbeard) the pirate. They were wretched stuff, in the Grub-street-ballad style;[17] and when they were printed he sent me about the town to sell them. The first sold",100
AutobiographyOfBenjaminFranklin_partition_eu,AutobiographyOfBenjaminFranklin,autobiography,21747,"composing occasioned my being put upon all work of dispatch, which was generally better paid. So I went on now very agreeably. [44] A printing house is called a chapel because Caxton, the first English printer, did his printing in a chapel connected with Westminster Abbey. [45] A holiday taken to prolong the dissipation of Saturday's wages. My lodging in Little Britain being too remote, I found another in Duke-street, opposite to the Romish Chapel. It was two pair of stairs backwards, at an Italian warehouse. A widow lady kept the house; she had a daughter, and a maid servant,",100
AutobiographyOfBenjaminFranklin_partition_ev,AutobiographyOfBenjaminFranklin,autobiography,40319,"heard him preach a sermon that was much admired, thought he had somewhere read the sermon before, or at least a part of it. On search, he found that part quoted at length, in one of the British Reviews, from a discourse of Dr. Foster's.[77] This detection gave many of our party disgust, who accordingly abandoned his cause, and occasion'd our more speedy discomfiture in the synod. I stuck by him, however, as I rather approv'd his giving us good sermons composed by others, than bad ones of his own manufacture, tho' the latter was the practice of our common",100
AutobiographyOfBenjaminFranklin_partition_ew,AutobiographyOfBenjaminFranklin,autobiography,74607,"Lamb. Stitching Silk, Thread and Silk. Twist for Women. Silk and Ribbands. Double Thread Stockings. Men's white shammie Gloves. Silk Handkerchiefs, & other sorts of Handkerchiefs. Men's glaz'd Gloves, Topp'd. Men's Shoe-Buckles, Bath-metal. Masks for Women. Several sorts of Penknives. Plain metal Buttons for Men's Coats and Jackets. Ivory Case-Knives, and several sorts of Pocket-Knives. Dowlasses several sorts. Huckabags, and Russia Linnen. Oznaburghs. Several sorts of Looking Glasses. Garlicks and brown Holland. Bag-Holland _Ditto_. Several sorts of Druggets. Fine Kerseys. Superfine double-mill'd Drab. Broad-Cloths. London Shalloons. Fine and coarse Hats. Men and Women's _English_ Shoes. Stockings, several sorts, for Men,",100
AutobiographyOfBenjaminFranklin_partition_ex,AutobiographyOfBenjaminFranklin,autobiography,37828,"and Easy_: free, as being, by the general practice and habit of the virtues, free from the dominion of vice; and particularly by the practice of industry and frugality, free from debt, which exposes a man to confinement, and a species of slavery to his creditors. This is as much as I can now recollect of the project, except that I communicated it in part to two young men, who adopted it with some enthusiasm; but my then narrow circumstances, and the necessity I was under of sticking close to my business, occasioned my postponing the further prosecution of it",100
AutobiographyOfBenjaminFranklin_partition_ey,AutobiographyOfBenjaminFranklin,autobiography,57560,"it is impossible they should make any impression."" I was conscious of an impropriety in my disputing with a military man in matters of his profession, and said no more. The enemy, however, did not take the advantage of his army which I apprehended its long line of march expos'd it to, but let it advance without interruption till within nine miles of the place; and then, when more in a body (for it had just passed a river, where the front had halted till all were come over), and in a more open part of the woods than any",100
AutobiographyOfBenjaminFranklin_partition_ez,AutobiographyOfBenjaminFranklin,autobiography,16299,"on the water,"" says he, ""just as you please."" The others said, ""Let us row; what signifies it?"" But, my mind being soured with his other conduct, I continu'd to refuse. So he swore he would make me row, or throw me overboard; and coming along, stepping on the thwarts, toward me, when he came up and struck at me, I clapped my hand under his crutch, and, rising, pitched him head-foremost into the river. I knew he was a good swimmer, and so was under little concern about him; but before he could get round to lay hold of",100
AutobiographyOfBenjaminFranklin_partition_fa,AutobiographyOfBenjaminFranklin,autobiography,61433,"acquainted with the tempers and dispositions of their respective pupils, they could best judge what matches were suitable, and their judgments were generally acquiesc'd in; but if, for example, it should happen that two or three young women were found to be equally proper for the young man, the lot was then recurred to. I objected, if the matches are not made by the mutual choice of the parties, some of them may chance to be very unhappy. ""And so they may,"" answer'd my informer, ""if you let the parties chuse for themselves;"" which, indeed, I could not deny. Being",100
AutobiographyOfBenjaminFranklin_partition_fb,AutobiographyOfBenjaminFranklin,autobiography,39857,"remittances, I could get no account from him, nor any satisfactory state of our partnership while he lived. On his decease, the business was continued by his widow, who, being born and bred in Holland, where, as I have been inform'd, the knowledge of accounts makes a part of female education, she not only sent me as clear a state as she could find of the transactions past, but continued to account with the greatest regularity and exactness every quarter afterwards, and managed the business with such success, that she not only brought up reputably a family of children, but,",100
AutobiographyOfBenjaminFranklin_partition_fc,AutobiographyOfBenjaminFranklin,autobiography,52757,"it; but in the other case, he escapes the frequent vexation of waiting for barbers, and of their sometimes dirty fingers, offensive breaths, and dull razors; he shaves when most convenient to him, and enjoys daily the pleasure of its being done with a good instrument. With these sentiments I have hazarded the few preceding pages, hoping they may afford hints which some time or other may be useful to a city I love, having lived many years in it very happily, and perhaps to some of our towns in America. Having been for some time employed by the postmaster-general",100
AutobiographyOfBenjaminFranklin_partition_fd,AutobiographyOfBenjaminFranklin,autobiography,35683,"in himself, to keep his friends in countenance. [Illustration: ""The smith consented to grind it bright for him if he would turn the wheel""] [70] Professor McMaster tells us that when Franklin was American Agent in France, his lack of business order was a source of annoyance to his colleagues and friends. ""Strangers who came to see him were amazed to behold papers of the greatest importance scattered in the most careless way over the table and floor."" In truth, I found myself incorrigible with respect to Order; and now I am grown old, and my memory bad, I feel",100
AutobiographyOfBenjaminFranklin_partition_fe,AutobiographyOfBenjaminFranklin,autobiography,65597,"down to Sandy Hook, to join the fleet there, the passengers thought it best to be on board, lest by a sudden order the ships should sail, and they be left behind. There, if I remember right, we were about six weeks, consuming our sea-stores, and oblig'd to procure more. At length the fleet sail'd, the general and all his army on board, bound to Louisburg, with the intent to besiege and take that fortress; all the packet-boats in company ordered to attend the general's ship, ready to receive his dispatches when they should be ready. We were out five",100
AutobiographyOfBenjaminFranklin_partition_ff,AutobiographyOfBenjaminFranklin,autobiography,70776,"To-morrow, do it To-day_. If you were a Servant, would you not be ashamed that a good Master should catch you idle? Are you then your own Master, _be ashamed to catch yourself idle_. Stick to it steadily; and you will see great Effects, for _Constant Dropping wears away Stones_, and by _Diligence and Patience the Mouse ate in two the Cable_; and _Little Strokes fell great Oaks_. Methinks I hear some of you say, _Must a Man afford himself no Leisure_? I will tell thee, my friend, what _Poor Richard_ says, _Employ thy Time well, if thou meanest to",100
AutobiographyOfBenjaminFranklin_partition_fg,AutobiographyOfBenjaminFranklin,autobiography,64722,"in the public papers of that time, which were of my writing, and are printed with the minutes of the Assembly; and the governor pleaded his instructions, the bond he had given to observe them, and his ruin if he disobey'd, yet seemed not unwilling to hazard himself if Lord Loudoun would advise it. This his lordship did not chuse to do, though I once thought I had nearly prevail'd with him to do it; but finally he rather chose to urge the compliance of the Assembly; and he entreated me to use my endeavours with them for that purpose,",100
AutobiographyOfBenjaminFranklin_partition_fh,AutobiographyOfBenjaminFranklin,autobiography,57377,"of fifteen hundred French, who invaded the Iroquois country, I had conceiv'd some doubts and some fears for the event of the campaign. But I ventur'd only to say, ""To be sure, sir, if you arrive well before Duquesne, with these fine troops, so well provided with artillery, that place not yet completely fortified, and as we hear with no very strong garrison, can probably make but a short resistance. The only danger I apprehend of obstruction to your march is from ambuscades of Indians, who, by constant practice, are dexterous in laying and executing them; and the slender line,",100
AutobiographyOfBenjaminFranklin_partition_fi,AutobiographyOfBenjaminFranklin,autobiography,10543,"up, censur'd, and imprison'd for a month, by the speaker's warrant, I suppose, because he would not discover his author. I too was taken up and examin'd before the council; but, tho' I did not give them any satisfaction, they contented themselves with admonishing me, and dismissed me, considering me, perhaps, as an apprentice, who was bound to keep his master's secrets. During my brother's confinement, which I resented a good deal, notwithstanding our private differences, I had the management of the paper; and I made bold to give our rulers some rubs in it, which my brother took very",100
AutobiographyOfBenjaminFranklin_partition_fj,AutobiographyOfBenjaminFranklin,autobiography,5224,"under and within the cover of a joint-stool. When my great-great-grandfather read it to his family, he turned up the joint-stool upon his knees, turning over the leaves then under the tapes. One of the children stood at the door to give notice if he saw the apparitor coming, who was an officer of the spiritual court. In that case the stool was turned down again upon its feet, when the Bible remained concealed under it as before. This anecdote I had from my uncle Benjamin. The family continued all of the Church of England till about the end of",100
AutobiographyOfBenjaminFranklin_partition_fk,AutobiographyOfBenjaminFranklin,autobiography,56626,"well-wisher, ""B. Franklin."" I received of the general about eight hundred pounds, to be disbursed in advance-money to the waggon owners, etc.; but that sum being insufficient, I advanc'd upward of two hundred pounds more, and in two weeks the one hundred and fifty waggons, with two hundred and fifty-nine carrying horses, were on their march for the camp. The advertisement promised payment according to the valuation, in case any waggon or horse should be lost. The owners, however, alleging they did not know General Braddock, or what dependence might be had on his promise, insisted on my bond for",100
AutobiographyOfBenjaminFranklin_partition_fl,AutobiographyOfBenjaminFranklin,autobiography,42247,"business. XI INTEREST IN PUBLIC AFFAIRS I began now to turn my thoughts a little to public affairs, beginning, however, with small matters. The city watch was one of the first things that I conceiv'd to want regulation. It was managed by the constables of the respective wards in turn; the constable warned a number of housekeepers to attend him for the night. Those who chose never to attend, paid him six shillings a year to be excus'd, which was suppos'd to be for hiring substitutes, but was, in reality, much more than was necessary for that purpose, and made",100
AutobiographyOfBenjaminFranklin_partition_fm,AutobiographyOfBenjaminFranklin,autobiography,32816,"might tend to lessen the good opinion another might have of his own religion; and as our province increas'd in people, and new places of worship were continually wanted, and generally erected by voluntary contribution, my mite for such purpose, whatever might be the sect, was never refused. Tho' I seldom attended any public worship, I had still an opinion of its propriety, and of its utility when rightly conducted, and I regularly paid my annual subscription for the support of the only Presbyterian minister or meeting we had in Philadelphia. He us'd to visit me sometimes as a friend,",100
AutobiographyOfBenjaminFranklin_partition_fn,AutobiographyOfBenjaminFranklin,autobiography,3390,"varied, and unusual life. He was one of the greatest conversationalists of his time. His book is the record of that unusual life told in Franklin's own unexcelled conversational style. It is said that the best parts of Boswell's famous biography of Samuel Johnson are those parts where Boswell permits Johnson to tell his own story. In the _Autobiography_ a no less remarkable man and talker than Samuel Johnson is telling his own story throughout. F. W. P. The Gilman Country School, Baltimore, September, 1916. [Illustration: Pages 1 and 4 of The Pennsylvania Gazette, the first number after Franklin took",100
AutobiographyOfBenjaminFranklin_partition_fo,AutobiographyOfBenjaminFranklin,autobiography,11970,"cut so miserable a figure, too, that I found, by the questions ask'd me, I was suspected to be some runaway servant, and in danger of being taken up on that suspicion. However, I proceeded the next day, and got in the evening to an inn, within eight or ten miles of Burlington, kept by one Dr. Brown. He entered into conversation with me while I took some refreshment, and, finding I had read a little, became very sociable and friendly. Our acquaintance continu'd as long as he liv'd. He had been, I imagine, an itinerant doctor, for there was",100
AutobiographyOfBenjaminFranklin_partition_fp,AutobiographyOfBenjaminFranklin,autobiography,30005,"journeyman; they quarrell'd often; Harry went continually behindhand, and at length was forc'd to sell his types and return to his country work in Pennsylvania. The person that bought them employ'd Keimer to use them, but in a few years he died. There remained now no competitor with me at Philadelphia but the old one, Bradford; who was rich and easy, did a little printing now and then by straggling hands, but was not very anxious about the business. However, as he kept the post-office, it was imagined he had better opportunities of obtaining news; his paper was thought a",100
AutobiographyOfBenjaminFranklin_partition_fq,AutobiographyOfBenjaminFranklin,autobiography,75392,"and a thousand Foot, and skirmish'd a little with his Squadron, he abandon'd both those Places, and fled to the Island of Serby in the Territories of Tunis; But the Bey of that Place having deny'd him Shelter, he sail'd farther away, in a French Barque, we know not whether; and his own Galleys and Barques, are gone after him, so that we are now entirely rid of that troublesome Guest. Our Rovers keep all in Port, for Fear of the Malteze. _Cadiz, Aug. 12._ The Flota is expected Home from the West-Indies before the End of this Month. Thirteen",100
AutobiographyOfBenjaminFranklin_partition_fr,AutobiographyOfBenjaminFranklin,autobiography,2719,"when he went to France in the following year, and disappeared during the confusion incident to the Revolution. Twenty-three pages of closely written manuscript fell into the hands of Abel James, an old friend, who sent a copy to Franklin at Passy, near Paris, urging him to complete the story. Franklin took up the work at Passy in 1784 and carried the narrative forward a few months. He changed the plan to meet his new purpose of writing to benefit the young reader. His work was soon interrupted and was not resumed until 1788, when he was at home in",100
AutobiographyOfBenjaminFranklin_partition_fs,AutobiographyOfBenjaminFranklin,autobiography,35325,"master, who must mix with the world, and often receive people of business at their own hours. _Order_, too, with regard to places for things, papers, etc., I found extreamly difficult to acquire. I had not been early accustomed to it, and, having an exceeding good memory, I was not so sensible of the inconvenience attending want of method. This article, therefore, cost me so much painful attention, and my faults in it vexed me so much, and I made so little progress in amendment, and had such frequent relapses, that I was almost ready to give up the attempt,",100
AutobiographyOfBenjaminFranklin_partition_ft,AutobiographyOfBenjaminFranklin,autobiography,75529,"is said they are to join the Dutch Vice-Admiral, who is now in this Bay with four Ships of his Squadron of 50 Guns each, and cruize against the Algerines. Wheat and Barley being very cheap in these Parts, great Quantities have been sent lately to the Canaries, where for some Time past the Inhabitants have been in great Want of Corn. On the 9th Instant died Mr. Charles, His Britannick Majesty's Consul at St. Lucas. _Berne, Aug. 20._ The Deputies of this Canton who went to the Diet at Frawenfeldt, are now assembled at Baden with those of Zurich",100
AutobiographyOfBenjaminFranklin_partition_fu,AutobiographyOfBenjaminFranklin,autobiography,5273,"who was an officer of the spiritual court. In that case the stool was turned down again upon its feet, when the Bible remained concealed under it as before. This anecdote I had from my uncle Benjamin. The family continued all of the Church of England till about the end of Charles the Second's reign, when some of the ministers that had been outed for non-conformity, holding conventicles[9] in Northamptonshire, Benjamin and Josiah adhered to them, and so continued all their lives: the rest of the family remained with the Episcopal Church. [9] Secret gatherings of dissenters from the established",100
AutobiographyOfBenjaminFranklin_partition_fv,AutobiographyOfBenjaminFranklin,autobiography,22962,"the store. He added, that, as soon as I should be acquainted with mercantile business, he would promote me by sending me with a cargo of flour and bread, etc., to the West Indies, and procure me commissions from others which would be profitable; and, if I manag'd well, would establish me handsomely. The thing pleas'd me; for I was grown tired of London, remembered with pleasure the happy months I had spent in Pennsylvania, and wish'd again to see it; therefore I immediately agreed on the terms of fifty pounds a year,[49] Pennsylvania money; less, indeed, than my present",100
AutobiographyOfBenjaminFranklin_partition_fw,AutobiographyOfBenjaminFranklin,autobiography,61669,"hundred well-looking men, with a company of artillery, who had been furnished with six brass field-pieces, which they had become so expert in the use of as to fire twelve times in a minute. The first time I reviewed my regiment they accompanied me to my house, and would salute me with some rounds fired before my door, which shook down and broke several glasses of my electrical apparatus. And my new honour proved not much less brittle; for all our commissions were soon after broken by a repeal of the law in England. During this short time of my",100
AutobiographyOfBenjaminFranklin_partition_fx,AutobiographyOfBenjaminFranklin,autobiography,68021,"I was advis'd to obtain. He was against an immediate complaint to government, and thought the proprietaries should first be personally appli'd to, who might possibly be induc'd by the interposition and persuasion of some private friends, to accommodate matters amicably. I then waited on my old friend and correspondent, Mr. Peter Collinson, who told me that John Hanbury, the great Virginia merchant, had requested to be informed when I should arrive, that he might carry me to Lord Granville's,[118] who was then President of the Council and wished to see me as soon as possible. I agreed to go",100
AutobiographyOfBenjaminFranklin_partition_fy,AutobiographyOfBenjaminFranklin,autobiography,57963,"the stores, ammunition, etc., to be destroy'd, that he might have more horses to assist his flight towards the settlements, and less lumber to remove. He was there met with requests from the governors of Virginia, Maryland, and Pennsylvania, that he would post his troops on the frontier, so as to afford some protection to the inhabitants; but he continued his hasty march thro' all the country, not thinking himself safe till he arrived at Philadelphia, where the inhabitants could protect him. This whole transaction gave us Americans the first suspicion that our exalted ideas of the prowess of British",100
AutobiographyOfBenjaminFranklin_partition_fz,AutobiographyOfBenjaminFranklin,autobiography,36458,"time to time, put down short hints of the sentiments, reasonings, etc., to be made use of in it, some of which I have still by me; but the necessary close attention to private business in the earlier part of my life, and public business since, have occasioned my postponing it; for, it being connected in my mind with _a great and extensive project_, that required the whole man to execute, and which an unforeseen succession of employs prevented my attending to, it has hitherto remain'd unfinish'd. In this piece it was my design to explain and enforce this doctrine,",100
AutobiographyOfBenjaminFranklin_partition_ga,AutobiographyOfBenjaminFranklin,autobiography,23788,"My distemper was a pleurisy, which very nearly carried me off. I suffered a good deal, gave up the point in my own mind, and was rather disappointed when I found myself recovering, regretting, in some degree, that I must now, some time or other, have all that disagreeable work to do over again. I forget what his distemper was; it held him a long time, and at length carried him off. He left me a small legacy in a nuncupative will, as a token of his kindness for me, and he left me once more to the wide world;",100
AutobiographyOfBenjaminFranklin_partition_gb,AutobiographyOfBenjaminFranklin,autobiography,57132,"immediately an order on the paymaster for the round sum of one thousand pounds, leaving the remainder to the next account. I consider this payment as good luck, having never been able to obtain that remainder, of which more hereafter. This general was, I think, a brave man, and might probably have made a figure as a good officer in some European war. But he had too much self-confidence, too high an opinion of the validity of regular troops, and too mean a one of both Americans and Indians. George Croghan, our Indian interpreter, join'd him on his march with",100
AutobiographyOfBenjaminFranklin_partition_gc,AutobiographyOfBenjaminFranklin,autobiography,64451,"dispute[111] between Prince Frederic and the king, and had obtain'd a pension of three hundred a year; that his reputation was indeed small as a poet, Pope having damned his poetry in the _Dunciad_,[112] but his prose was thought as good as any man's. [111] Quarrel between George II and his son, Frederick, Prince of Wales, who died before his father. [112] A satirical poem by Alexander Pope directed against various contemporary writers. The Assembly finally finding the proprietary obstinately persisted in manacling their deputies with instructions inconsistent not only with the privileges of the people, but with the service",100
AutobiographyOfBenjaminFranklin_partition_gd,AutobiographyOfBenjaminFranklin,autobiography,11959,"beginning now to wish that I had never left home. I cut so miserable a figure, too, that I found, by the questions ask'd me, I was suspected to be some runaway servant, and in danger of being taken up on that suspicion. However, I proceeded the next day, and got in the evening to an inn, within eight or ten miles of Burlington, kept by one Dr. Brown. He entered into conversation with me while I took some refreshment, and, finding I had read a little, became very sociable and friendly. Our acquaintance continu'd as long as he liv'd.",100
AutobiographyOfBenjaminFranklin_partition_ge,AutobiographyOfBenjaminFranklin,autobiography,61605,"vanity to ascribe all to my _Dialogue_; however, not knowing but that he might be in the right, I let him enjoy his opinion, which I take to be generally the best way in such cases. The officers, meeting, chose me to be colonel of the regiment, which I this time accepted. I forget how many companies we had, but we paraded about twelve hundred well-looking men, with a company of artillery, who had been furnished with six brass field-pieces, which they had become so expert in the use of as to fire twelve times in a minute. The first",100
AutobiographyOfBenjaminFranklin_partition_gf,AutobiographyOfBenjaminFranklin,autobiography,45607,"to promote reformation, and implore the blessing of Heaven on our undertaking. They embrac'd the motion; but, as it was the first fast ever thought of in the province, the secretary had no precedent from which to draw the proclamation. My education in New England, where a fast is proclaimed every year, was here of some advantage: I drew it in the accustomed stile, it was translated into German,[81] printed in both languages, and divulg'd thro' the province. This gave the clergy of the different sects an opportunity of influencing their congregations to join in the association, and it would",100
AutobiographyOfBenjaminFranklin_partition_gg,AutobiographyOfBenjaminFranklin,autobiography,53523,"for the approbation of his majesty; but another scheme was form'd, supposed to answer the same purpose better, whereby the governors of the provinces, with some members of their respective councils, were to meet and order the raising of troops, building of forts, etc., and to draw on the treasury of Great Britain for the expense, which was afterwards to be refunded by an act of Parliament laying a tax on America. My plan, with my reasons in support of it, is to be found among my political papers that are printed. Being the winter following in Boston, I had",100
AutobiographyOfBenjaminFranklin_partition_gh,AutobiographyOfBenjaminFranklin,autobiography,43687,"precaution, emptied his pockets before he came from home. Towards the conclusion of the discourse, however, he felt a strong desire to give, and apply'd to a neighbour who stood near him, to borrow some money for the purpose. The application was unfortunately [made] to perhaps the only man in the company who had the firmness not to be affected by the preacher. His answer was, ""_At any other time, Friend Hopkinson, I would lend to thee freely; but not now, for thee seems to be out of thy right senses._"" Some of Mr. Whitefield's enemies affected to suppose that",100
AutobiographyOfBenjaminFranklin_partition_gi,AutobiographyOfBenjaminFranklin,autobiography,42081,"postmaster-general, being dissatisfied with the conduct of his deputy at Philadelphia, respecting some negligence in rendering, and inexactitude of his accounts, took from him the commission and offered it to me. I accepted it readily, and found it of great advantage; for, tho' the salary was small, it facilitated the correspondence that improv'd my newspaper, increas'd the number demanded, as well as the advertisements to be inserted, so that it came to afford me a considerable income. My old competitor's newspaper declin'd proportionately, and I was satisfy'd without retaliating his refusal, while postmaster, to permit my papers being carried by",100
AutobiographyOfBenjaminFranklin_partition_gj,AutobiographyOfBenjaminFranklin,autobiography,13710,"been bred to it, and was very illiterate; and Keimer, tho' something of a scholar, was a mere compositor, knowing nothing of presswork. He had been one of the French prophets,[29] and could act their enthusiastic agitations. At this time he did not profess any particular religion, but something of all on occasion; was very ignorant of the world, and had, as I afterward found, a good deal of the knave in his composition. He did not like my lodging at Bradford's while I work'd with him. He had a house, indeed, but without furniture, so he could not lodge",100
AutobiographyOfBenjaminFranklin_partition_gk,AutobiographyOfBenjaminFranklin,autobiography,21079,"imagining I felt a want of the bodily exercise I had been us'd to in America, where presswork is mix'd with composing. I drank only water; the other workmen, near fifty in number, were great guzzlers of beer. On occasion, I carried up and down stairs a large form of types in each hand, when others carried but one in both hands. They wondered to see, from this and several instances, that the _Water-American_, as they called me, was _stronger_ than themselves, who drank _strong_ beer! We had an alehouse boy who attended always in the house to supply the",100
AutobiographyOfBenjaminFranklin_partition_gl,AutobiographyOfBenjaminFranklin,autobiography,43228,"a much shorter time than could have been expected. Both house and ground were vested in trustees, expressly for the use of any preacher of any religious persuasion who might desire to say something to the people at Philadelphia; the design in building not being to accommodate any particular sect, but the inhabitants in general; so that even if the Mufti of Constantinople were to send a missionary to preach Mohammedanism to us, he would find a pulpit at his service. [80] A part of the palace of Westminster, now forming the vestibule to the Houses of Parliament in London.",100
AutobiographyOfBenjaminFranklin_partition_gm,AutobiographyOfBenjaminFranklin,autobiography,53955,"he must expect as uncomfortable an administration. I said, ""No; you may, on the contrary, have a very comfortable one, if you will only take care not to enter into any dispute with the Assembly."" ""My dear friend,"" says he, pleasantly, ""how can you advise my avoiding disputes? You know I love disputing; it is one of my greatest pleasures; however, to show the regard I have for your counsel, I promise you I will, if possible, avoid them."" He had some reason for loving to dispute, being eloquent, an acute sophister, and, therefore, generally successful in argumentative conversation. He",100
AutobiographyOfBenjaminFranklin_partition_gn,AutobiographyOfBenjaminFranklin,autobiography,64942,"in the meantime, the packet had sailed with my sea-stores, which was some loss to me, and my only recompense was his lordship's thanks for my service, all the credit of obtaining the accommodation falling to his share. He set out for New York before me; and, as the time for dispatching the packet-boats was at his disposition, and there were two then remaining there, one of which, he said, was to sail very soon, I requested to know the precise time, that I might not miss her by any delay of mine. His answer was, ""I have given out",100
AutobiographyOfBenjaminFranklin_partition_go,AutobiographyOfBenjaminFranklin,autobiography,37777,"ingenuous, well-disposed youths, to whom, with prudent caution, the scheme should be gradually communicated; that the members should engage to afford their advice, assistance, and support to each other in promoting one another's interests, business, and advancement in life; that, for distinction, we should be call'd _The Society of the Free and Easy_: free, as being, by the general practice and habit of the virtues, free from the dominion of vice; and particularly by the practice of industry and frugality, free from debt, which exposes a man to confinement, and a species of slavery to his creditors. This is as",100
AutobiographyOfBenjaminFranklin_partition_gp,AutobiographyOfBenjaminFranklin,autobiography,52488,"streets, and the difficulty of placing the draining-sleds so as not to encumber too much the passage; but I am still of opinion that the former, requiring the dust to be swept up and carry'd away before the shops are open, is very practicable in the summer, when the days are long; for, in walking thro' the Strand and Fleet-street one morning at seven o'clock, I observ'd there was not one shop open, tho' it had been daylight and the sun up above three hours; the inhabitants of London chusing voluntarily to live much by candle-light, and sleep by sunshine,",100
AutobiographyOfBenjaminFranklin_partition_gq,AutobiographyOfBenjaminFranklin,autobiography,72102,"hastily, ""_Stoop, stoop!_"" I did not understand him, till I felt my head hit against the beam. He was a man that never missed any occasion of giving instruction, and upon this he said to me, ""_You are young, and have the world before you; stoop as you go through it, and you will miss many hard thumps_."" This advice, thus beat into my head, has frequently been of use to me; and I often think of it, when I see pride mortified, and misfortunes brought upon people by their carrying their heads too high. B. Franklin. THE END BIBLIOGRAPHY",100
AutobiographyOfBenjaminFranklin_partition_gr,AutobiographyOfBenjaminFranklin,autobiography,4809,"shall have 365 days, and all other years shall have 366 days. In the eighteenth century there was a difference of eleven days between the old and the new style of reckoning, which the English Parliament canceled by making the 3rd of September, 1752, the 14th. The Julian calendar, or ""old style,"" is still retained in Russia and Greece, whose dates consequently are now 13 days behind those of other Christian countries. John was bred a dyer, I believe of woollens, Benjamin was bred a silk dyer, serving an apprenticeship at London. He was an ingenious man. I remember him",100
