book,genre,ngram_type,ngram,count
AutobiographyOfBenjaminFranklin,biography,unigrams,franklin,132
AutobiographyOfBenjaminFranklin,biography,unigrams,may,107
AutobiographyOfBenjaminFranklin,biography,unigrams,see,69
AutobiographyOfBenjaminFranklin,biography,unigrams,way,49
AutobiographyOfBenjaminFranklin,biography,unigrams,saw,37
AutobiographyOfBenjaminFranklin,biography,unigrams,town,34
AutobiographyOfBenjaminFranklin,biography,unigrams,son,31
AutobiographyOfBenjaminFranklin,biography,unigrams,king,30
AutobiographyOfBenjaminFranklin,biography,unigrams,william,29
AutobiographyOfBenjaminFranklin,biography,unigrams,richard,28
AutobiographyOfBenjaminFranklin,biography,unigrams,french,27
AutobiographyOfBenjaminFranklin,biography,unigrams,case,25
AutobiographyOfBenjaminFranklin,biography,unigrams,john,25
AutobiographyOfBenjaminFranklin,biography,unigrams,ralph,22
AutobiographyOfBenjaminFranklin,biography,unigrams,james,21
AutobiographyOfBenjaminFranklin,biography,unigrams,drew,20
AutobiographyOfBenjaminFranklin,biography,unigrams,benjamin,19
AutobiographyOfBenjaminFranklin,biography,unigrams,fortune,19
AutobiographyOfBenjaminFranklin,biography,unigrams,say,18
AutobiographyOfBenjaminFranklin,biography,unigrams,bradford,18
AutobiographyOfBenjaminFranklin,biography,unigrams,thomas,16
AutobiographyOfBenjaminFranklin,biography,unigrams,royal,16
AutobiographyOfBenjaminFranklin,biography,unigrams,george,15
AutobiographyOfBenjaminFranklin,biography,unigrams,page,14
AutobiographyOfBenjaminFranklin,biography,unigrams,carry,14
AutobiographyOfBenjaminFranklin,biography,unigrams,miles,14
AutobiographyOfBenjaminFranklin,biography,unigrams,hope,13
AutobiographyOfBenjaminFranklin,biography,unigrams,bill,13
AutobiographyOfBenjaminFranklin,biography,bigrams,poor richard,25
AutobiographyOfBenjaminFranklin,biography,bigrams,benjamin franklin,11
AutobiographyOfBenjaminFranklin,biography,bigrams,richard almanac,9
AutobiographyOfBenjaminFranklin,biography,bigrams,royal society,7
AutobiographyOfBenjaminFranklin,biography,bigrams,temple franklin,7
AutobiographyOfBenjaminFranklin,biography,bigrams,sir william,7
AutobiographyOfBenjaminFranklin,biography,bigrams,father abraham,6
AutobiographyOfBenjaminFranklin,biography,bigrams,franklin autobiography,6
AutobiographyOfBenjaminFranklin,biography,bigrams,colonel french,6
AutobiographyOfBenjaminFranklin,biography,bigrams,illustration franklin,5
AutobiographyOfBenjaminFranklin,biography,bigrams,mr hamilton,5
AutobiographyOfBenjaminFranklin,biography,bigrams,may found,5
AutobiographyOfBenjaminFranklin,biography,bigrams,way wealth,4
AutobiographyOfBenjaminFranklin,biography,bigrams,franklin took,4
AutobiographyOfBenjaminFranklin,biography,bigrams,walk see,4
AutobiographyOfBenjaminFranklin,biography,bigrams,see matter,4
AutobiographyOfBenjaminFranklin,biography,bigrams,abraham speech,4
AutobiographyOfBenjaminFranklin,biography,bigrams,want modesty,4
AutobiographyOfBenjaminFranklin,biography,bigrams,west indies,4
AutobiographyOfBenjaminFranklin,biography,bigrams,friend ralph,4
AutobiographyOfBenjaminFranklin,biography,bigrams,mr charles,4
AutobiographyOfBenjaminFranklin,biography,bigrams,first page,3
AutobiographyOfBenjaminFranklin,biography,bigrams,page new,3
AutobiographyOfBenjaminFranklin,biography,bigrams,employed carry,3
AutobiographyOfBenjaminFranklin,biography,bigrams,carry thro,3
AutobiographyOfBenjaminFranklin,biography,bigrams,door saw,3
AutobiographyOfBenjaminFranklin,biography,bigrams,saw thought,3
AutobiographyOfBenjaminFranklin,biography,bigrams,see still,3
AutobiographyOfBenjaminFranklin,biography,bigrams,discourage hope,3
AutobiographyOfBenjaminFranklin,biography,bigrams,hope agreement,3
AutobiographyOfBenjaminFranklin,biography,bigrams,tallow chandler,3
AutobiographyOfBenjaminFranklin,biography,bigrams,franklin must,3
AutobiographyOfBenjaminFranklin,biography,bigrams,franklin paul,3
AutobiographyOfBenjaminFranklin,biography,bigrams,william temple,3
AutobiographyOfBenjaminFranklin,biography,bigrams,franklin works,3
AutobiographyOfBenjaminFranklin,biography,bigrams,may find,3
AutobiographyOfBenjaminFranklin,biography,bigrams,may well,3
AutobiographyOfBenjaminFranklin,biography,bigrams,woodrow wilson,3
AutobiographyOfBenjaminFranklin,biography,bigrams,uncle benjamin,3
AutobiographyOfBenjaminFranklin,biography,bigrams,saw many,3
AutobiographyOfBenjaminFranklin,biography,bigrams,see work,3
AutobiographyOfBenjaminFranklin,biography,bigrams,port royal,3
AutobiographyOfBenjaminFranklin,biography,bigrams,modesty want,3
AutobiographyOfBenjaminFranklin,biography,bigrams,friend collins,3
AutobiographyOfBenjaminFranklin,biography,bigrams,may employ,3
AutobiographyOfBenjaminFranklin,biography,bigrams,make fortune,3
AutobiographyOfBenjaminFranklin,biography,bigrams,st paul,3
AutobiographyOfBenjaminFranklin,biography,bigrams,came see,3
AutobiographyOfBenjaminFranklin,biography,bigrams,david harry,3
AutobiographyOfBenjaminFranklin,biography,bigrams,time may,3
AutobiographyOfBenjaminFranklin,biography,bigrams,great way,3
AutobiographyOfBenjaminFranklin,biography,bigrams,robert grace,3
AutobiographyOfBenjaminFranklin,biography,bigrams,mrs godfrey,3
AutobiographyOfBenjaminFranklin,biography,bigrams,paul leicester,3
AutobiographyOfBenjaminFranklin,biography,bigrams,leicester ford,3
AutobiographyOfBenjaminFranklin,biography,bigrams,mr morris,3
AutobiographyOfBenjaminFranklin,biography,bigrams,grant money,3
AutobiographyOfBenjaminFranklin,biography,bigrams,king use,3
AutobiographyOfBenjaminFranklin,biography,bigrams,governor morris,3
AutobiographyOfBenjaminFranklin,biography,bigrams,general shirley,3
AutobiographyOfBenjaminFranklin,biography,bigrams,franklin new,3
AutobiographyOfBenjaminFranklin,biography,bigrams,franklin arms,2
AutobiographyOfBenjaminFranklin,biography,bigrams,franklin seal,2
AutobiographyOfBenjaminFranklin,biography,bigrams,franklin court,2
AutobiographyOfBenjaminFranklin,biography,bigrams,court louis,2
AutobiographyOfBenjaminFranklin,biography,bigrams,put king,2
AutobiographyOfBenjaminFranklin,biography,bigrams,king prize,2
AutobiographyOfBenjaminFranklin,biography,bigrams,doctor thomas,2
AutobiographyOfBenjaminFranklin,biography,bigrams,autobiography benjamin,2
AutobiographyOfBenjaminFranklin,biography,bigrams,henry holt,2
AutobiographyOfBenjaminFranklin,biography,bigrams,franklin defense,2
AutobiographyOfBenjaminFranklin,biography,bigrams,letter samuel,2
AutobiographyOfBenjaminFranklin,biography,bigrams,bibliography franklin,2
AutobiographyOfBenjaminFranklin,biography,bigrams,number franklin,2
AutobiographyOfBenjaminFranklin,biography,bigrams,abraham study,2
AutobiographyOfBenjaminFranklin,biography,bigrams,left franklin,2
AutobiographyOfBenjaminFranklin,biography,bigrams,hundred sterling,2
AutobiographyOfBenjaminFranklin,biography,bigrams,said town,2
AutobiographyOfBenjaminFranklin,biography,bigrams,account franklin,2
AutobiographyOfBenjaminFranklin,biography,bigrams,franklin told,2
AutobiographyOfBenjaminFranklin,biography,bigrams,people may,2
AutobiographyOfBenjaminFranklin,biography,bigrams,life benjamin,2
AutobiographyOfBenjaminFranklin,biography,bigrams,must patience,2
AutobiographyOfBenjaminFranklin,biography,bigrams,influence franklin,2
AutobiographyOfBenjaminFranklin,biography,bigrams,franklin franklin,2
AutobiographyOfBenjaminFranklin,biography,bigrams,franklin fame,2
AutobiographyOfBenjaminFranklin,biography,bigrams,name franklin,2
AutobiographyOfBenjaminFranklin,biography,bigrams,franklin stove,2
AutobiographyOfBenjaminFranklin,biography,bigrams,fellow royal,2
AutobiographyOfBenjaminFranklin,biography,bigrams,sided franklin,2
AutobiographyOfBenjaminFranklin,biography,bigrams,style franklin,2
AutobiographyOfBenjaminFranklin,biography,bigrams,franklin work,2
AutobiographyOfBenjaminFranklin,biography,bigrams,son william,2
AutobiographyOfBenjaminFranklin,biography,bigrams,william franklin,2
AutobiographyOfBenjaminFranklin,biography,bigrams,grandson william,2
AutobiographyOfBenjaminFranklin,biography,bigrams,abel james,2
AutobiographyOfBenjaminFranklin,biography,bigrams,mr john,2
AutobiographyOfBenjaminFranklin,biography,bigrams,autobiography temple,2
AutobiographyOfBenjaminFranklin,biography,trigrams,poor richard almanac,9
AutobiographyOfBenjaminFranklin,biography,trigrams,father abraham speech,4
AutobiographyOfBenjaminFranklin,biography,trigrams,first page new,3
AutobiographyOfBenjaminFranklin,biography,trigrams,page new courant,3
AutobiographyOfBenjaminFranklin,biography,trigrams,employed carry thro,3
AutobiographyOfBenjaminFranklin,biography,trigrams,carry thro streets,3
AutobiographyOfBenjaminFranklin,biography,trigrams,standing door saw,3
AutobiographyOfBenjaminFranklin,biography,trigrams,door saw thought,3
AutobiographyOfBenjaminFranklin,biography,trigrams,saw thought made,3
AutobiographyOfBenjaminFranklin,biography,trigrams,see still work,3
AutobiographyOfBenjaminFranklin,biography,trigrams,among walk see,3
AutobiographyOfBenjaminFranklin,biography,trigrams,walk see matter,3
AutobiographyOfBenjaminFranklin,biography,trigrams,far discourage hope,3
AutobiographyOfBenjaminFranklin,biography,trigrams,discourage hope agreement,3
AutobiographyOfBenjaminFranklin,biography,trigrams,william temple franklin,3
AutobiographyOfBenjaminFranklin,biography,trigrams,want modesty want,3
AutobiographyOfBenjaminFranklin,biography,trigrams,modesty want sense,3
AutobiographyOfBenjaminFranklin,biography,trigrams,paul leicester ford,3
AutobiographyOfBenjaminFranklin,biography,trigrams,franklin court louis,2
AutobiographyOfBenjaminFranklin,biography,trigrams,happening put king,2
AutobiographyOfBenjaminFranklin,biography,trigrams,put king prize,2
AutobiographyOfBenjaminFranklin,biography,trigrams,king prize doctor,2
AutobiographyOfBenjaminFranklin,biography,trigrams,said doctor thomas,2
AutobiographyOfBenjaminFranklin,biography,trigrams,autobiography benjamin franklin,2
AutobiographyOfBenjaminFranklin,biography,trigrams,henry holt company,2
AutobiographyOfBenjaminFranklin,biography,trigrams,franklin defense frontier,2
AutobiographyOfBenjaminFranklin,biography,trigrams,first number franklin,2
AutobiographyOfBenjaminFranklin,biography,trigrams,number franklin took,2
AutobiographyOfBenjaminFranklin,biography,trigrams,franklin took control,2
AutobiographyOfBenjaminFranklin,biography,trigrams,two poor richard,2
AutobiographyOfBenjaminFranklin,biography,trigrams,father abraham study,2
AutobiographyOfBenjaminFranklin,biography,trigrams,one hundred sterling,2
AutobiographyOfBenjaminFranklin,biography,trigrams,life benjamin franklin,2
AutobiographyOfBenjaminFranklin,biography,trigrams,franklin stove still,2
AutobiographyOfBenjaminFranklin,biography,trigrams,autobiography poor richard,2
AutobiographyOfBenjaminFranklin,biography,trigrams,fellow royal society,2
AutobiographyOfBenjaminFranklin,biography,trigrams,many sided franklin,2
AutobiographyOfBenjaminFranklin,biography,trigrams,son william franklin,2
AutobiographyOfBenjaminFranklin,biography,trigrams,grandson william temple,2
AutobiographyOfBenjaminFranklin,biography,trigrams,autobiography temple franklin,2
AutobiographyOfBenjaminFranklin,biography,trigrams,last year franklin,2
AutobiographyOfBenjaminFranklin,biography,trigrams,year franklin life,2
AutobiographyOfBenjaminFranklin,biography,trigrams,bishop st asaph,2
AutobiographyOfBenjaminFranklin,biography,trigrams,may like know,2
AutobiographyOfBenjaminFranklin,biography,trigrams,defense want modesty,2
AutobiographyOfBenjaminFranklin,biography,trigrams,went west indies,2
AutobiographyOfBenjaminFranklin,biography,trigrams,north st paul,2
AutobiographyOfBenjaminFranklin,biography,trigrams,christ bleeding face,2
AutobiographyOfBenjaminFranklin,biography,trigrams,subscription library drew,2
AutobiographyOfBenjaminFranklin,biography,trigrams,smith grind bright,2
AutobiographyOfBenjaminFranklin,biography,trigrams,list written benjamin,2
AutobiographyOfBenjaminFranklin,biography,trigrams,written benjamin franklin,2
AutobiographyOfBenjaminFranklin,biography,trigrams,franklin paul leicester,2
AutobiographyOfBenjaminFranklin,biography,trigrams,last time saw,2
AutobiographyOfBenjaminFranklin,biography,trigrams,march many miles,2
AutobiographyOfBenjaminFranklin,biography,trigrams,many miles rain,2
AutobiographyOfBenjaminFranklin,biography,trigrams,royal society improving,2
AutobiographyOfBenjaminFranklin,biography,trigrams,medal sir godfrey,2
AutobiographyOfBenjaminFranklin,biography,trigrams,preface poor richard,2
AutobiographyOfBenjaminFranklin,biography,trigrams,remember poor richard,2
AutobiographyOfBenjaminFranklin,biography,trigrams,much whistle saw,2
AutobiographyOfBenjaminFranklin,biography,trigrams,benjamin franklin new,2
AutobiographyOfBenjaminFranklin,biography,trigrams,franklin new york,2
AutobiographyOfBenjaminFranklin,biography,trigrams,page pennsylvania gazette,2
AutobiographyOfBenjaminFranklin,biography,trigrams,master may shall,2
AutobiographyOfBenjaminFranklin,biography,trigrams,produced brian distributed,1
AutobiographyOfBenjaminFranklin,biography,trigrams,brian distributed proofreading,1
AutobiographyOfBenjaminFranklin,biography,trigrams,net illustration franklin,1
AutobiographyOfBenjaminFranklin,biography,trigrams,illustration franklin arms,1
AutobiographyOfBenjaminFranklin,biography,trigrams,franklin arms illustration,1
AutobiographyOfBenjaminFranklin,biography,trigrams,arms illustration franklin,1
AutobiographyOfBenjaminFranklin,biography,trigrams,illustration franklin seal,1
AutobiographyOfBenjaminFranklin,biography,trigrams,franklin seal illustration,1
AutobiographyOfBenjaminFranklin,biography,trigrams,seal illustration franklin,1
AutobiographyOfBenjaminFranklin,biography,trigrams,illustration franklin court,1
AutobiographyOfBenjaminFranklin,biography,trigrams,court louis therefore,1
AutobiographyOfBenjaminFranklin,biography,trigrams,louis therefore court,1
AutobiographyOfBenjaminFranklin,biography,trigrams,doctor thomas autobiography,1
AutobiographyOfBenjaminFranklin,biography,trigrams,thomas autobiography benjamin,1
AutobiographyOfBenjaminFranklin,biography,trigrams,benjamin franklin boyd,1
AutobiographyOfBenjaminFranklin,biography,trigrams,franklin boyd smith,1
AutobiographyOfBenjaminFranklin,biography,trigrams,boyd smith frank,1
AutobiographyOfBenjaminFranklin,biography,trigrams,smith frank pine,1
AutobiographyOfBenjaminFranklin,biography,trigrams,frank pine illustration,1
AutobiographyOfBenjaminFranklin,biography,trigrams,pine illustration mark,1
AutobiographyOfBenjaminFranklin,biography,trigrams,illustration mark new,1
AutobiographyOfBenjaminFranklin,biography,trigrams,mark new york,1
AutobiographyOfBenjaminFranklin,biography,trigrams,new york henry,1
AutobiographyOfBenjaminFranklin,biography,trigrams,york henry holt,1
AutobiographyOfBenjaminFranklin,biography,trigrams,company copyright henry,1
AutobiographyOfBenjaminFranklin,biography,trigrams,copyright henry holt,1
AutobiographyOfBenjaminFranklin,biography,trigrams,holt company june,1
AutobiographyOfBenjaminFranklin,biography,trigrams,company june boden,1
AutobiographyOfBenjaminFranklin,biography,trigrams,june boden press,1
AutobiographyOfBenjaminFranklin,biography,trigrams,press contents page,1
AutobiographyOfBenjaminFranklin,biography,trigrams,contents page introduction,1
AutobiographyOfBenjaminFranklin,biography,trigrams,page introduction autobiography,1
AutobiographyOfBenjaminFranklin,biography,trigrams,perfection poor richard,1
AutobiographyOfBenjaminFranklin,biography,trigrams,richard almanac xi,1
AutobiographyOfBenjaminFranklin,biography,trigrams,proprietary expedition franklin,1
AutobiographyOfBenjaminFranklin,biography,trigrams,expedition franklin defense,1
AutobiographyOfBenjaminFranklin,biography,trigrams,electrical kite way,1
AutobiographyOfBenjaminFranklin,biography,trigrams,kite way wealth,1
AutobiographyOfBenjaminFranklin,biography,trigrams,way wealth whistle,1
AutobiographyOfBenjaminFranklin,biography,trigrams,whistle letter samuel,1
AutobiographyOfBenjaminFranklin,biography,trigrams,letter samuel bibliography,1
AutobiographyOfBenjaminFranklin,biography,trigrams,samuel bibliography franklin,1
AutobiographyOfBenjaminFranklin,biography,trigrams,bibliography franklin court,1
AutobiographyOfBenjaminFranklin,biography,trigrams,court louis frontispiece,1
AutobiographyOfBenjaminFranklin,biography,trigrams,louis frontispiece therefore,1
AutobiographyOfBenjaminFranklin,biography,trigrams,doctor thomas page,1
AutobiographyOfBenjaminFranklin,biography,trigrams,thomas page portrait,1
AutobiographyOfBenjaminFranklin,biography,trigrams,page portrait franklin,1
AutobiographyOfBenjaminFranklin,biography,trigrams,portrait franklin pennsylvania,1
AutobiographyOfBenjaminFranklin,biography,trigrams,franklin pennsylvania gazette,1
AutobiographyOfBenjaminFranklin,biography,trigrams,control first page,1
AutobiographyOfBenjaminFranklin,biography,trigrams,december employed carry,1
AutobiographyOfBenjaminFranklin,biography,trigrams,working press see,1
AutobiographyOfBenjaminFranklin,biography,trigrams,press see still,1
AutobiographyOfBenjaminFranklin,biography,trigrams,richard almanac regularly,1
AutobiographyOfBenjaminFranklin,biography,trigrams,see matter axes,1
AutobiographyOfBenjaminFranklin,biography,trigrams,hope agreement find,1
AutobiographyOfBenjaminFranklin,biography,trigrams,knuckle father abraham,1
AutobiographyOfBenjaminFranklin,biography,trigrams,abraham study end,1
AutobiographyOfBenjaminFranklin,biography,trigrams,show front franklin,1
AutobiographyOfBenjaminFranklin,biography,trigrams,front franklin arms,1
AutobiographyOfBenjaminFranklin,biography,trigrams,franklin arms franklin,1
AutobiographyOfBenjaminFranklin,biography,trigrams,arms franklin seal,1
AutobiographyOfBenjaminFranklin,biography,trigrams,franklin seal back,1
AutobiographyOfBenjaminFranklin,biography,trigrams,fund left franklin,1
AutobiographyOfBenjaminFranklin,biography,trigrams,left franklin purpose,1
AutobiographyOfBenjaminFranklin,biography,trigrams,franklin purpose provided,1
AutobiographyOfBenjaminFranklin,biography,trigrams,hundred sterling free,1
AutobiographyOfBenjaminFranklin,biography,trigrams,sterling free native,1
AutobiographyOfBenjaminFranklin,biography,trigrams,free native town,1
AutobiographyOfBenjaminFranklin,biography,trigrams,native town boston,1
AutobiographyOfBenjaminFranklin,biography,trigrams,town boston put,1
AutobiographyOfBenjaminFranklin,biography,trigrams,belonging said town,1
AutobiographyOfBenjaminFranklin,biography,trigrams,said town manner,1
AutobiographyOfBenjaminFranklin,biography,trigrams,town manner discretion,1
AutobiographyOfBenjaminFranklin,biography,trigrams,discretion said town,1
AutobiographyOfBenjaminFranklin,biography,trigrams,said town shall,1
AutobiographyOfBenjaminFranklin,biography,trigrams,town shall seem,1
AutobiographyOfBenjaminFranklin,biography,trigrams,meet illustration franklin,1
AutobiographyOfBenjaminFranklin,biography,trigrams,illustration franklin engraving,1
AutobiographyOfBenjaminFranklin,biography,trigrams,franklin engraving original,1
AutobiographyOfBenjaminFranklin,biography,trigrams,picture illustration franklin,1
AutobiographyOfBenjaminFranklin,biography,trigrams,illustration franklin signature,1
AutobiographyOfBenjaminFranklin,biography,trigrams,franklin signature introduction,1
AutobiographyOfBenjaminFranklin,biography,trigrams,lamp give fortune,1
AutobiographyOfBenjaminFranklin,biography,trigrams,give fortune ready,1
AutobiographyOfBenjaminFranklin,biography,trigrams,fortune ready hand,1
AutobiographyOfBenjaminFranklin,biography,trigrams,perhaps history franklin,1
AutobiographyOfBenjaminFranklin,biography,trigrams,history franklin autobiography,1
AutobiographyOfBenjaminFranklin,biography,trigrams,franklin autobiography much,1
LifeOfKingEdwardVII,biography,unigrams,prince,1053
LifeOfKingEdwardVII,biography,unigrams,royal,748
LifeOfKingEdwardVII,biography,unigrams,king,659
LifeOfKingEdwardVII,biography,unigrams,duke,346
LifeOfKingEdwardVII,biography,unigrams,edward,222
LifeOfKingEdwardVII,biography,unigrams,may,220
LifeOfKingEdwardVII,biography,unigrams,earl,154
LifeOfKingEdwardVII,biography,unigrams,canada,132
LifeOfKingEdwardVII,biography,unigrams,george,128
LifeOfKingEdwardVII,biography,unigrams,victoria,127
LifeOfKingEdwardVII,biography,unigrams,june,92
LifeOfKingEdwardVII,biography,unigrams,mayor,85
LifeOfKingEdwardVII,biography,unigrams,way,84
LifeOfKingEdwardVII,biography,unigrams,alexandra,80
LifeOfKingEdwardVII,biography,unigrams,hall,73
LifeOfKingEdwardVII,biography,unigrams,william,68
LifeOfKingEdwardVII,biography,unigrams,albert,66
LifeOfKingEdwardVII,biography,unigrams,august,58
LifeOfKingEdwardVII,biography,unigrams,charles,57
LifeOfKingEdwardVII,biography,unigrams,henry,57
LifeOfKingEdwardVII,biography,unigrams,john,57
LifeOfKingEdwardVII,biography,unigrams,april,56
LifeOfKingEdwardVII,biography,unigrams,son,52
LifeOfKingEdwardVII,biography,unigrams,french,51
LifeOfKingEdwardVII,biography,unigrams,saw,48
LifeOfKingEdwardVII,biography,unigrams,love,46
LifeOfKingEdwardVII,biography,unigrams,town,46
LifeOfKingEdwardVII,biography,unigrams,frederick,44
LifeOfKingEdwardVII,biography,unigrams,major,42
LifeOfKingEdwardVII,biography,unigrams,hope,41
LifeOfKingEdwardVII,biography,unigrams,see,39
LifeOfKingEdwardVII,biography,unigrams,say,39
LifeOfKingEdwardVII,biography,unigrams,james,37
LifeOfKingEdwardVII,biography,unigrams,case,34
LifeOfKingEdwardVII,biography,unigrams,lev,32
LifeOfKingEdwardVII,biography,unigrams,arthur,31
LifeOfKingEdwardVII,biography,unigrams,bishop,31
LifeOfKingEdwardVII,biography,unigrams,abbey,31
LifeOfKingEdwardVII,biography,unigrams,christian,29
LifeOfKingEdwardVII,biography,unigrams,miles,28
LifeOfKingEdwardVII,biography,unigrams,west,27
LifeOfKingEdwardVII,biography,unigrams,derby,27
LifeOfKingEdwardVII,biography,unigrams,francis,27
LifeOfKingEdwardVII,biography,unigrams,paul,27
LifeOfKingEdwardVII,biography,bigrams,royal highness,169
LifeOfKingEdwardVII,biography,bigrams,king edward,122
LifeOfKingEdwardVII,biography,bigrams,prince princess,85
LifeOfKingEdwardVII,biography,bigrams,queen victoria,60
LifeOfKingEdwardVII,biography,bigrams,royal family,58
LifeOfKingEdwardVII,biography,bigrams,may th,57
LifeOfKingEdwardVII,biography,bigrams,duke duchess,57
LifeOfKingEdwardVII,biography,bigrams,june th,56
LifeOfKingEdwardVII,biography,bigrams,queen alexandra,52
LifeOfKingEdwardVII,biography,bigrams,royal couple,42
LifeOfKingEdwardVII,biography,bigrams,prince consort,41
LifeOfKingEdwardVII,biography,bigrams,king george,38
LifeOfKingEdwardVII,biography,bigrams,th prince,37
LifeOfKingEdwardVII,biography,bigrams,lord mayor,37
LifeOfKingEdwardVII,biography,bigrams,king queen,36
LifeOfKingEdwardVII,biography,bigrams,april th,33
LifeOfKingEdwardVII,biography,bigrams,august th,30
LifeOfKingEdwardVII,biography,bigrams,duke connaught,29
LifeOfKingEdwardVII,biography,bigrams,th royal,29
LifeOfKingEdwardVII,biography,bigrams,royal party,28
LifeOfKingEdwardVII,biography,bigrams,duke york,27
LifeOfKingEdwardVII,biography,bigrams,major general,26
LifeOfKingEdwardVII,biography,bigrams,crown prince,24
LifeOfKingEdwardVII,biography,bigrams,sir william,23
LifeOfKingEdwardVII,biography,bigrams,late king,22
LifeOfKingEdwardVII,biography,bigrams,sir francis,22
LifeOfKingEdwardVII,biography,bigrams,sir henry,21
LifeOfKingEdwardVII,biography,bigrams,prince albert,21
LifeOfKingEdwardVII,biography,bigrams,sir john,21
LifeOfKingEdwardVII,biography,bigrams,princess victoria,20
LifeOfKingEdwardVII,biography,bigrams,royal visitor,20
LifeOfKingEdwardVII,biography,bigrams,young prince,19
LifeOfKingEdwardVII,biography,bigrams,prince george,19
LifeOfKingEdwardVII,biography,bigrams,day royal,18
LifeOfKingEdwardVII,biography,bigrams,earl lord,18
LifeOfKingEdwardVII,biography,bigrams,sir frederick,18
LifeOfKingEdwardVII,biography,bigrams,princess royal,17
LifeOfKingEdwardVII,biography,bigrams,st james,17
LifeOfKingEdwardVII,biography,bigrams,sir charles,17
LifeOfKingEdwardVII,biography,bigrams,st george,16
LifeOfKingEdwardVII,biography,bigrams,queen prince,16
LifeOfKingEdwardVII,biography,bigrams,prince made,16
LifeOfKingEdwardVII,biography,bigrams,st paul,16
LifeOfKingEdwardVII,biography,bigrams,sir edward,16
LifeOfKingEdwardVII,biography,bigrams,edward prince,15
LifeOfKingEdwardVII,biography,bigrams,st john,15
LifeOfKingEdwardVII,biography,bigrams,day prince,15
LifeOfKingEdwardVII,biography,bigrams,albert victor,15
LifeOfKingEdwardVII,biography,bigrams,princess louise,14
LifeOfKingEdwardVII,biography,bigrams,speech prince,14
LifeOfKingEdwardVII,biography,bigrams,sir thomas,14
LifeOfKingEdwardVII,biography,bigrams,th king,14
LifeOfKingEdwardVII,biography,bigrams,illustration king,13
LifeOfKingEdwardVII,biography,bigrams,house royal,13
LifeOfKingEdwardVII,biography,bigrams,paul cathedral,13
LifeOfKingEdwardVII,biography,bigrams,new king,12
LifeOfKingEdwardVII,biography,bigrams,sir george,12
LifeOfKingEdwardVII,biography,bigrams,prince christian,12
LifeOfKingEdwardVII,biography,bigrams,prince duke,12
LifeOfKingEdwardVII,biography,bigrams,given prince,12
LifeOfKingEdwardVII,biography,bigrams,earl earl,12
LifeOfKingEdwardVII,biography,bigrams,royal yacht,12
LifeOfKingEdwardVII,biography,bigrams,canada australia,12
LifeOfKingEdwardVII,biography,bigrams,visit prince,11
LifeOfKingEdwardVII,biography,bigrams,royal reception,11
LifeOfKingEdwardVII,biography,bigrams,field marshal,11
LifeOfKingEdwardVII,biography,bigrams,duke clarence,11
LifeOfKingEdwardVII,biography,bigrams,royal chairman,11
LifeOfKingEdwardVII,biography,bigrams,james palace,11
LifeOfKingEdwardVII,biography,bigrams,sir arthur,11
LifeOfKingEdwardVII,biography,bigrams,royal tour,10
LifeOfKingEdwardVII,biography,bigrams,chapter prince,10
LifeOfKingEdwardVII,biography,bigrams,little prince,10
LifeOfKingEdwardVII,biography,bigrams,time prince,10
LifeOfKingEdwardVII,biography,bigrams,duke argyll,10
LifeOfKingEdwardVII,biography,bigrams,prince always,10
LifeOfKingEdwardVII,biography,bigrams,dean stanley,10
LifeOfKingEdwardVII,biography,bigrams,st lawrence,10
LifeOfKingEdwardVII,biography,bigrams,prince edward,10
LifeOfKingEdwardVII,biography,bigrams,royal procession,10
LifeOfKingEdwardVII,biography,bigrams,may added,10
LifeOfKingEdwardVII,biography,bigrams,earl countess,10
LifeOfKingEdwardVII,biography,bigrams,town hall,10
LifeOfKingEdwardVII,biography,bigrams,princess alice,9
LifeOfKingEdwardVII,biography,bigrams,grand duke,9
LifeOfKingEdwardVII,biography,bigrams,may st,9
LifeOfKingEdwardVII,biography,bigrams,earl derby,9
LifeOfKingEdwardVII,biography,bigrams,later prince,9
LifeOfKingEdwardVII,biography,bigrams,th duke,9
LifeOfKingEdwardVII,biography,bigrams,duke newcastle,9
LifeOfKingEdwardVII,biography,bigrams,royal guest,9
LifeOfKingEdwardVII,biography,bigrams,prince received,9
LifeOfKingEdwardVII,biography,bigrams,roman catholic,9
LifeOfKingEdwardVII,biography,bigrams,sir edmund,9
LifeOfKingEdwardVII,biography,bigrams,city hall,9
LifeOfKingEdwardVII,biography,bigrams,duke fife,9
LifeOfKingEdwardVII,biography,bigrams,royal visit,9
LifeOfKingEdwardVII,biography,bigrams,emperor william,9
LifeOfKingEdwardVII,biography,bigrams,save king,9
LifeOfKingEdwardVII,biography,bigrams,great king,8
LifeOfKingEdwardVII,biography,bigrams,princess alexandra,8
LifeOfKingEdwardVII,biography,bigrams,prince king,8
LifeOfKingEdwardVII,biography,bigrams,prince henry,8
LifeOfKingEdwardVII,biography,bigrams,mayor corporation,8
LifeOfKingEdwardVII,biography,bigrams,prince prince,8
LifeOfKingEdwardVII,biography,bigrams,prince one,8
LifeOfKingEdwardVII,biography,bigrams,evening prince,8
LifeOfKingEdwardVII,biography,bigrams,morning royal,8
LifeOfKingEdwardVII,biography,bigrams,king great,8
LifeOfKingEdwardVII,biography,bigrams,royal mother,8
LifeOfKingEdwardVII,biography,bigrams,diamond jubilee,8
LifeOfKingEdwardVII,biography,bigrams,sir samuel,8
LifeOfKingEdwardVII,biography,bigrams,royal agricultural,8
LifeOfKingEdwardVII,biography,bigrams,expressed hope,8
LifeOfKingEdwardVII,biography,bigrams,prince never,8
LifeOfKingEdwardVII,biography,bigrams,king received,8
LifeOfKingEdwardVII,biography,bigrams,cape town,8
LifeOfKingEdwardVII,biography,bigrams,duke norfolk,8
LifeOfKingEdwardVII,biography,bigrams,queen mary,8
LifeOfKingEdwardVII,biography,bigrams,edward king,7
LifeOfKingEdwardVII,biography,bigrams,many royal,7
LifeOfKingEdwardVII,biography,bigrams,may said,7
LifeOfKingEdwardVII,biography,bigrams,albert edward,7
LifeOfKingEdwardVII,biography,bigrams,duke earl,7
LifeOfKingEdwardVII,biography,bigrams,chapel royal,7
LifeOfKingEdwardVII,biography,bigrams,saxe coburg,7
LifeOfKingEdwardVII,biography,bigrams,may prince,7
LifeOfKingEdwardVII,biography,bigrams,prince left,7
LifeOfKingEdwardVII,biography,bigrams,prince went,7
LifeOfKingEdwardVII,biography,bigrams,life prince,7
LifeOfKingEdwardVII,biography,bigrams,royal review,7
LifeOfKingEdwardVII,biography,bigrams,nova scotia,7
LifeOfKingEdwardVII,biography,bigrams,upper canada,7
LifeOfKingEdwardVII,biography,bigrams,prince suite,7
LifeOfKingEdwardVII,biography,bigrams,public prince,7
LifeOfKingEdwardVII,biography,bigrams,victoria alexandra,7
LifeOfKingEdwardVII,biography,bigrams,prince denmark,7
LifeOfKingEdwardVII,biography,bigrams,albert hall,7
LifeOfKingEdwardVII,biography,bigrams,duke prince,7
LifeOfKingEdwardVII,biography,bigrams,year prince,7
LifeOfKingEdwardVII,biography,bigrams,late prince,7
LifeOfKingEdwardVII,biography,bigrams,eldest son,7
LifeOfKingEdwardVII,biography,bigrams,royal commission,7
LifeOfKingEdwardVII,biography,bigrams,sir gordon,7
LifeOfKingEdwardVII,biography,bigrams,upon king,7
LifeOfKingEdwardVII,biography,bigrams,royal progress,7
LifeOfKingEdwardVII,biography,bigrams,photo paul,7
LifeOfKingEdwardVII,biography,bigrams,life king,6
LifeOfKingEdwardVII,biography,bigrams,education prince,6
LifeOfKingEdwardVII,biography,bigrams,prince india,6
LifeOfKingEdwardVII,biography,bigrams,alexandra prince,6
LifeOfKingEdwardVII,biography,bigrams,special royal,6
LifeOfKingEdwardVII,biography,bigrams,mr george,6
LifeOfKingEdwardVII,biography,bigrams,george chapel,6
LifeOfKingEdwardVII,biography,bigrams,visit king,6
LifeOfKingEdwardVII,biography,bigrams,duke saxe,6
LifeOfKingEdwardVII,biography,bigrams,princess helena,6
LifeOfKingEdwardVII,biography,bigrams,prince arthur,6
LifeOfKingEdwardVII,biography,bigrams,royal father,6
LifeOfKingEdwardVII,biography,bigrams,christ church,6
LifeOfKingEdwardVII,biography,bigrams,made prince,6
LifeOfKingEdwardVII,biography,bigrams,earl spencer,6
LifeOfKingEdwardVII,biography,bigrams,prince crown,6
LifeOfKingEdwardVII,biography,bigrams,sermon bishop,6
LifeOfKingEdwardVII,biography,bigrams,banquet may,6
LifeOfKingEdwardVII,biography,bigrams,time royal,6
LifeOfKingEdwardVII,biography,bigrams,george frederick,6
LifeOfKingEdwardVII,biography,bigrams,afterwards prince,6
LifeOfKingEdwardVII,biography,bigrams,charles denmark,6
LifeOfKingEdwardVII,biography,bigrams,every way,6
LifeOfKingEdwardVII,biography,bigrams,edward queen,6
LifeOfKingEdwardVII,biography,bigrams,duke lord,6
LifeOfKingEdwardVII,biography,bigrams,way home,6
LifeOfKingEdwardVII,biography,bigrams,brother duke,6
LifeOfKingEdwardVII,biography,bigrams,prince took,6
LifeOfKingEdwardVII,biography,bigrams,princess may,6
LifeOfKingEdwardVII,biography,bigrams,royal received,6
LifeOfKingEdwardVII,biography,bigrams,mayor city,6
LifeOfKingEdwardVII,biography,bigrams,earnest hope,6
LifeOfKingEdwardVII,biography,bigrams,duke devonshire,6
LifeOfKingEdwardVII,biography,bigrams,late duke,6
LifeOfKingEdwardVII,biography,bigrams,king lord,6
LifeOfKingEdwardVII,biography,bigrams,time king,6
LifeOfKingEdwardVII,biography,bigrams,canada sir,6
LifeOfKingEdwardVII,biography,bigrams,edmund barton,6
LifeOfKingEdwardVII,biography,bigrams,received king,6
LifeOfKingEdwardVII,biography,bigrams,francis laking,6
LifeOfKingEdwardVII,biography,bigrams,father king,6
LifeOfKingEdwardVII,biography,bigrams,sir albert,6
LifeOfKingEdwardVII,biography,bigrams,king illness,6
LifeOfKingEdwardVII,biography,bigrams,illustration edward,5
LifeOfKingEdwardVII,biography,bigrams,prince great,5
LifeOfKingEdwardVII,biography,bigrams,illness prince,5
LifeOfKingEdwardVII,biography,bigrams,prince heir,5
LifeOfKingEdwardVII,biography,bigrams,reign king,5
LifeOfKingEdwardVII,biography,bigrams,cecil rhodes,5
LifeOfKingEdwardVII,biography,bigrams,thousand miles,5
LifeOfKingEdwardVII,biography,bigrams,victoria prince,5
LifeOfKingEdwardVII,biography,bigrams,future king,5
LifeOfKingEdwardVII,biography,bigrams,king emperor,5
LifeOfKingEdwardVII,biography,bigrams,lord prince,5
LifeOfKingEdwardVII,biography,bigrams,prince first,5
LifeOfKingEdwardVII,biography,bigrams,new prince,5
LifeOfKingEdwardVII,biography,bigrams,duke kent,5
LifeOfKingEdwardVII,biography,bigrams,prince life,5
LifeOfKingEdwardVII,biography,bigrams,prince afterwards,5
LifeOfKingEdwardVII,biography,bigrams,prince alfred,5
LifeOfKingEdwardVII,biography,bigrams,prince charles,5
LifeOfKingEdwardVII,biography,bigrams,sir james,5
LifeOfKingEdwardVII,biography,bigrams,may well,5
LifeOfKingEdwardVII,biography,bigrams,general canada,5
LifeOfKingEdwardVII,biography,bigrams,prince may,5
LifeOfKingEdwardVII,biography,bigrams,royal suite,5
LifeOfKingEdwardVII,biography,bigrams,morning prince,5
LifeOfKingEdwardVII,biography,bigrams,mayor mr,5
LifeOfKingEdwardVII,biography,bigrams,st prince,5
LifeOfKingEdwardVII,biography,bigrams,city prince,5
LifeOfKingEdwardVII,biography,bigrams,reception prince,5
LifeOfKingEdwardVII,biography,bigrams,royal canadian,5
LifeOfKingEdwardVII,biography,trigrams,major general sir,16
LifeOfKingEdwardVII,biography,trigrams,prince albert victor,14
LifeOfKingEdwardVII,biography,trigrams,st paul cathedral,13
LifeOfKingEdwardVII,biography,trigrams,th royal highness,12
LifeOfKingEdwardVII,biography,trigrams,following day royal,11
LifeOfKingEdwardVII,biography,trigrams,st james palace,11
LifeOfKingEdwardVII,biography,trigrams,illustration king edward,10
LifeOfKingEdwardVII,biography,trigrams,god save king,9
LifeOfKingEdwardVII,biography,trigrams,th prince princess,8
LifeOfKingEdwardVII,biography,trigrams,king queen alexandra,8
LifeOfKingEdwardVII,biography,trigrams,late queen victoria,7
LifeOfKingEdwardVII,biography,trigrams,following day prince,7
LifeOfKingEdwardVII,biography,trigrams,day royal highness,7
LifeOfKingEdwardVII,biography,trigrams,royal agricultural society,7
LifeOfKingEdwardVII,biography,trigrams,duke duchess york,7
LifeOfKingEdwardVII,biography,trigrams,alexandra prince princess,6
LifeOfKingEdwardVII,biography,trigrams,st george chapel,6
LifeOfKingEdwardVII,biography,trigrams,lord mayor corporation,6
LifeOfKingEdwardVII,biography,trigrams,crown prince denmark,6
LifeOfKingEdwardVII,biography,trigrams,april th prince,6
LifeOfKingEdwardVII,biography,trigrams,late prince consort,6
LifeOfKingEdwardVII,biography,trigrams,sir sir william,6
LifeOfKingEdwardVII,biography,trigrams,duke duchess connaught,6
LifeOfKingEdwardVII,biography,trigrams,sir francis laking,6
LifeOfKingEdwardVII,biography,trigrams,life king edward,5
LifeOfKingEdwardVII,biography,trigrams,king edward prince,5
LifeOfKingEdwardVII,biography,trigrams,duke saxe coburg,5
LifeOfKingEdwardVII,biography,trigrams,queen prince consort,5
LifeOfKingEdwardVII,biography,trigrams,may th prince,5
LifeOfKingEdwardVII,biography,trigrams,july th royal,5
LifeOfKingEdwardVII,biography,trigrams,edward queen alexandra,5
LifeOfKingEdwardVII,biography,trigrams,april th royal,5
LifeOfKingEdwardVII,biography,trigrams,sir samuel baker,5
LifeOfKingEdwardVII,biography,trigrams,princess royal family,5
LifeOfKingEdwardVII,biography,trigrams,royal family present,5
LifeOfKingEdwardVII,biography,trigrams,prince crown prince,5
LifeOfKingEdwardVII,biography,trigrams,may th royal,5
LifeOfKingEdwardVII,biography,trigrams,waiting late king,5
LifeOfKingEdwardVII,biography,trigrams,sir francis sir,5
LifeOfKingEdwardVII,biography,trigrams,queen alexandra princess,5
LifeOfKingEdwardVII,biography,trigrams,alexandra princess victoria,5
LifeOfKingEdwardVII,biography,trigrams,queen alexandra prince,5
LifeOfKingEdwardVII,biography,trigrams,king edward reign,5
LifeOfKingEdwardVII,biography,trigrams,death king edward,4
LifeOfKingEdwardVII,biography,trigrams,governor general canada,4
LifeOfKingEdwardVII,biography,trigrams,sir edmund head,4
LifeOfKingEdwardVII,biography,trigrams,earl derby earl,4
LifeOfKingEdwardVII,biography,trigrams,new town hall,4
LifeOfKingEdwardVII,biography,trigrams,george frederick ernest,4
LifeOfKingEdwardVII,biography,trigrams,frederick ernest albert,4
LifeOfKingEdwardVII,biography,trigrams,princess charles denmark,4
LifeOfKingEdwardVII,biography,trigrams,sir john sir,4
LifeOfKingEdwardVII,biography,trigrams,king edward queen,4
LifeOfKingEdwardVII,biography,trigrams,days later prince,4
LifeOfKingEdwardVII,biography,trigrams,july th prince,4
LifeOfKingEdwardVII,biography,trigrams,royal albert hall,4
LifeOfKingEdwardVII,biography,trigrams,december th prince,4
LifeOfKingEdwardVII,biography,trigrams,queen prince princess,4
LifeOfKingEdwardVII,biography,trigrams,service st paul,4
LifeOfKingEdwardVII,biography,trigrams,royal highness received,4
LifeOfKingEdwardVII,biography,trigrams,royal college music,4
LifeOfKingEdwardVII,biography,trigrams,princess may teck,4
LifeOfKingEdwardVII,biography,trigrams,late king lord,4
LifeOfKingEdwardVII,biography,trigrams,countess earl countess,4
LifeOfKingEdwardVII,biography,trigrams,paul new york,4
LifeOfKingEdwardVII,biography,trigrams,mr cecil rhodes,4
LifeOfKingEdwardVII,biography,trigrams,sir henry bannerman,4
LifeOfKingEdwardVII,biography,trigrams,german emperor duke,4
LifeOfKingEdwardVII,biography,trigrams,emperor duke connaught,4
LifeOfKingEdwardVII,biography,trigrams,majesty queen alexandra,4
LifeOfKingEdwardVII,biography,trigrams,sir william sir,4
LifeOfKingEdwardVII,biography,trigrams,statue queen victoria,4
LifeOfKingEdwardVII,biography,trigrams,royal couple drove,4
LifeOfKingEdwardVII,biography,trigrams,princess louise duchess,4
LifeOfKingEdwardVII,biography,trigrams,canada king edward,4
LifeOfKingEdwardVII,biography,trigrams,sir edward brabant,4
LifeOfKingEdwardVII,biography,trigrams,sir edmund barton,4
LifeOfKingEdwardVII,biography,trigrams,king united kingdom,3
LifeOfKingEdwardVII,biography,trigrams,early education prince,3
LifeOfKingEdwardVII,biography,trigrams,royal tour british,3
LifeOfKingEdwardVII,biography,trigrams,prince heir apparent,3
LifeOfKingEdwardVII,biography,trigrams,reign king edward,3
LifeOfKingEdwardVII,biography,trigrams,various royal family,3
LifeOfKingEdwardVII,biography,trigrams,special royal family,3
LifeOfKingEdwardVII,biography,trigrams,life queen victoria,3
LifeOfKingEdwardVII,biography,trigrams,queen victoria prince,3
LifeOfKingEdwardVII,biography,trigrams,george chapel windsor,3
LifeOfKingEdwardVII,biography,trigrams,visit king queen,3
LifeOfKingEdwardVII,biography,trigrams,illustration edward prince,3
LifeOfKingEdwardVII,biography,trigrams,across st lawrence,3
LifeOfKingEdwardVII,biography,trigrams,day royal review,3
LifeOfKingEdwardVII,biography,trigrams,day included lev,3
LifeOfKingEdwardVII,biography,trigrams,cathedral sermon bishop,3
LifeOfKingEdwardVII,biography,trigrams,prince edward island,3
LifeOfKingEdwardVII,biography,trigrams,christ church cathedral,3
LifeOfKingEdwardVII,biography,trigrams,royal review took,3
LifeOfKingEdwardVII,biography,trigrams,th royal visitor,3
LifeOfKingEdwardVII,biography,trigrams,sir sir henry,3
LifeOfKingEdwardVII,biography,trigrams,sir royal highness,3
LifeOfKingEdwardVII,biography,trigrams,hope royal highness,3
LifeOfKingEdwardVII,biography,trigrams,king great britain,3
LifeOfKingEdwardVII,biography,trigrams,october th prince,3
LifeOfKingEdwardVII,biography,trigrams,crown prince princess,3
LifeOfKingEdwardVII,biography,trigrams,edward king edward,3
LifeOfKingEdwardVII,biography,trigrams,order star india,3
LifeOfKingEdwardVII,biography,trigrams,public prince princess,3
LifeOfKingEdwardVII,biography,trigrams,given lord mayor,3
LifeOfKingEdwardVII,biography,trigrams,life prince princess,3
LifeOfKingEdwardVII,biography,trigrams,hall royal couple,3
LifeOfKingEdwardVII,biography,trigrams,royal couple received,3
LifeOfKingEdwardVII,biography,trigrams,prince george frederick,3
LifeOfKingEdwardVII,biography,trigrams,royal highness also,3
LifeOfKingEdwardVII,biography,trigrams,prince duke york,3
LifeOfKingEdwardVII,biography,trigrams,prince annual banquet,3
LifeOfKingEdwardVII,biography,trigrams,th prince annual,3
LifeOfKingEdwardVII,biography,trigrams,royal highness spoke,3
LifeOfKingEdwardVII,biography,trigrams,prince christian duke,3
LifeOfKingEdwardVII,biography,trigrams,st royal highness,3
LifeOfKingEdwardVII,biography,trigrams,prince princess princess,3
LifeOfKingEdwardVII,biography,trigrams,visit prince princess,3
LifeOfKingEdwardVII,biography,trigrams,field marshal uniform,3
LifeOfKingEdwardVII,biography,trigrams,government house royal,3
LifeOfKingEdwardVII,biography,trigrams,january th prince,3
LifeOfKingEdwardVII,biography,trigrams,march th prince,3
LifeOfKingEdwardVII,biography,trigrams,later prince princess,3
LifeOfKingEdwardVII,biography,trigrams,march th royal,3
LifeOfKingEdwardVII,biography,trigrams,duke connaught duke,3
LifeOfKingEdwardVII,biography,trigrams,banquet may th,3
LifeOfKingEdwardVII,biography,trigrams,sir frederick leighton,3
LifeOfKingEdwardVII,biography,trigrams,sir sir john,3
LifeOfKingEdwardVII,biography,trigrams,duke prince christian,3
LifeOfKingEdwardVII,biography,trigrams,princess duke duchess,3
LifeOfKingEdwardVII,biography,trigrams,sir john rose,3
LifeOfKingEdwardVII,biography,trigrams,albert edward prince,3
LifeOfKingEdwardVII,biography,trigrams,th duke york,3
LifeOfKingEdwardVII,biography,trigrams,chapel royal st,3
LifeOfKingEdwardVII,biography,trigrams,king edward king,3
LifeOfKingEdwardVII,biography,trigrams,house royal highness,3
LifeOfKingEdwardVII,biography,trigrams,duke duchess devonshire,3
LifeOfKingEdwardVII,biography,trigrams,earl countess earl,3
LifeOfKingEdwardVII,biography,trigrams,photograph paul new,3
LifeOfKingEdwardVII,biography,trigrams,sir edward grey,3
LifeOfKingEdwardVII,biography,trigrams,earl earl earl,3
LifeOfKingEdwardVII,biography,trigrams,prime minister canada,3
LifeOfKingEdwardVII,biography,trigrams,edmund barton australia,3
LifeOfKingEdwardVII,biography,trigrams,royal canadian regiment,3
LifeOfKingEdwardVII,biography,trigrams,britain canada australia,3
LifeOfKingEdwardVII,biography,trigrams,canada australia new,3
LifeOfKingEdwardVII,biography,trigrams,high mighty prince,3
LifeOfKingEdwardVII,biography,trigrams,duke connaught riding,3
LifeOfKingEdwardVII,biography,trigrams,days later king,3
LifeOfKingEdwardVII,biography,trigrams,duke fife lord,3
LifeOfKingEdwardVII,biography,trigrams,general sir arthur,3
LifeOfKingEdwardVII,biography,trigrams,princess victoria princess,3
LifeOfKingEdwardVII,biography,trigrams,king edward personal,3
LifeOfKingEdwardVII,biography,trigrams,march th king,3
LifeOfKingEdwardVII,biography,trigrams,sir george white,3
LifeOfKingEdwardVII,biography,trigrams,sir west ridgeway,3
LifeOfKingEdwardVII,biography,trigrams,duke duchess drove,3
LifeOfKingEdwardVII,biography,trigrams,queen victoria laid,3
LifeOfKingEdwardVII,biography,trigrams,stone queen victoria,3
LifeOfKingEdwardVII,biography,trigrams,afternoon duke duchess,3
LifeOfKingEdwardVII,biography,trigrams,morning royal couple,3
LifeOfKingEdwardVII,biography,trigrams,royal family great,3
LifeOfKingEdwardVII,biography,trigrams,louise duchess argyll,3
LifeOfKingEdwardVII,biography,trigrams,king edward took,3
LifeOfKingEdwardVII,biography,trigrams,may th majesty,3
LifeOfKingEdwardVII,biography,trigrams,king edward death,3
LifeOfKingEdwardVII,biography,trigrams,edward reign illustration,3
LifeOfKingEdwardVII,biography,trigrams,right hon earl,3
LifeOfKingEdwardVII,biography,trigrams,june th king,3
LifeOfKingEdwardVII,biography,trigrams,sir robert bond,3
LifeOfKingEdwardVII,biography,trigrams,merry del val,3
LifeOfKingEdwardVII,biography,trigrams,general sir edward,3
LifeOfKingEdwardVII,biography,trigrams,june king queen,3
LifeOfKingEdwardVII,biography,trigrams,de camp king,3
LifeOfKingEdwardVII,biography,trigrams,june th majesty,3
LifeOfKingEdwardVII,biography,trigrams,sir thomas barlow,3
LifeOfKingEdwardVII,biography,trigrams,august th king,3
LifeOfKingEdwardVII,biography,trigrams,lord high steward,3
LifeOfKingEdwardVII,biography,trigrams,thee love thy,3
LifeOfKingEdwardVII,biography,trigrams,funeral procession king,3
LifeOfKingEdwardVII,biography,trigrams,procession king edward,3
LifeOfKingEdwardVII,biography,trigrams,photo paul illustration,3
LifeOfKingEdwardVII,biography,trigrams,king george queen,3
LifeOfKingEdwardVII,biography,trigrams,queen victoria life,2
LifeOfKingEdwardVII,biography,trigrams,king edward seventh,2
LifeOfKingEdwardVII,biography,trigrams,chapter royal tour,2
LifeOfKingEdwardVII,biography,trigrams,chapter royal marriage,2
LifeOfKingEdwardVII,biography,trigrams,serious illness prince,2
LifeOfKingEdwardVII,biography,trigrams,prince chapter prince,2
LifeOfKingEdwardVII,biography,trigrams,chapter prince india,2
LifeOfKingEdwardVII,biography,trigrams,chapter xi prince,2
LifeOfKingEdwardVII,biography,trigrams,xi prince family,2
LifeOfKingEdwardVII,biography,trigrams,chapter prince social,2
LifeOfKingEdwardVII,biography,trigrams,prince social leader,2
LifeOfKingEdwardVII,biography,trigrams,chapter prince sportsman,2
LifeOfKingEdwardVII,biography,trigrams,chapter character prince,2
LifeOfKingEdwardVII,biography,trigrams,chapter prince empire,2
LifeOfKingEdwardVII,biography,trigrams,prince empire statesman,2
LifeOfKingEdwardVII,biography,trigrams,chapter prince heir,2
LifeOfKingEdwardVII,biography,trigrams,chapter king south,2
LifeOfKingEdwardVII,biography,trigrams,king south african,2
LifeOfKingEdwardVII,biography,trigrams,chapter reign king,2
LifeOfKingEdwardVII,biography,trigrams,king edward chapter,2
LifeOfKingEdwardVII,biography,trigrams,chapter king diplomatist,2
LifeOfKingEdwardVII,biography,trigrams,king diplomatist peace,2
LifeOfKingEdwardVII,biography,trigrams,chapter death king,2
LifeOfKingEdwardVII,biography,trigrams,solemn funeral king,2
LifeOfKingEdwardVII,biography,trigrams,chapter new king,2
LifeOfKingEdwardVII,biography,trigrams,new king imperial,2
LifeOfKingEdwardVII,biography,trigrams,king edward came,2
LifeOfKingEdwardVII,biography,trigrams,king louis philippe,2
LifeOfKingEdwardVII,biography,trigrams,compliment various royal,2
LifeOfKingEdwardVII,biography,trigrams,egbert alfred great,2
LifeOfKingEdwardVII,biography,trigrams,richard de lion,2
LifeOfKingEdwardVII,biography,trigrams,exercise royal power,2
LifeOfKingEdwardVII,biography,trigrams,queen victoria day,2
LifeOfKingEdwardVII,biography,trigrams,royal family time,2
LifeOfKingEdwardVII,biography,trigrams,prince consort one,2
LifeOfKingEdwardVII,biography,trigrams,time time prince,2
LifeOfKingEdwardVII,biography,trigrams,proxy duchess saxe,2
LifeOfKingEdwardVII,biography,trigrams,queen victoria parliament,2
LifeOfKingEdwardVII,biography,trigrams,given young prince,2
LifeOfKingEdwardVII,biography,trigrams,prince alfred duke,2
LifeOfKingEdwardVII,biography,trigrams,saxe coburg gotha,2
LifeOfKingEdwardVII,biography,trigrams,prince christian holstein,2
LifeOfKingEdwardVII,biography,trigrams,christian holstein princess,2
LifeOfKingEdwardVII,biography,trigrams,holstein princess louise,2
LifeOfKingEdwardVII,biography,trigrams,princess louise married,2
LifeOfKingEdwardVII,biography,trigrams,prince arthur duke,2
LifeOfKingEdwardVII,biography,trigrams,royal party went,2
LifeOfKingEdwardVII,biography,trigrams,prince consort wrote,2
LifeOfKingEdwardVII,biography,trigrams,prince made first,2
LifeOfKingEdwardVII,biography,trigrams,prince consort however,2
LifeOfKingEdwardVII,biography,trigrams,many royal family,2
LifeOfKingEdwardVII,biography,trigrams,royal family days,2
LifeOfKingEdwardVII,biography,trigrams,sister princess royal,2
LifeOfKingEdwardVII,biography,trigrams,lord john russell,2
LifeOfKingEdwardVII,biography,trigrams,edward prince aged,2
LifeOfKingEdwardVII,biography,trigrams,hon robert bruce,2
LifeOfKingEdwardVII,biography,trigrams,death prince consort,2
LifeOfKingEdwardVII,biography,trigrams,princess alice princess,2
LifeOfKingEdwardVII,biography,trigrams,alice princess helena,2
LifeOfKingEdwardVII,biography,trigrams,rev arthur stanley,2
LifeOfKingEdwardVII,biography,trigrams,afterwards major general,2
LifeOfKingEdwardVII,biography,trigrams,legislature may th,2
LifeOfKingEdwardVII,biography,trigrams,duke newcastle practically,2
LifeOfKingEdwardVII,biography,trigrams,given royal visitor,2
LifeOfKingEdwardVII,biography,trigrams,lev government house,2
LifeOfKingEdwardVII,biography,trigrams,roman catholic church,2
LifeOfKingEdwardVII,biography,trigrams,morning august royal,2
LifeOfKingEdwardVII,biography,trigrams,august royal highness,2
LifeOfKingEdwardVII,biography,trigrams,royal highness left,2
LifeOfKingEdwardVII,biography,trigrams,following morning prince,2
LifeOfKingEdwardVII,biography,trigrams,new brunswick nova,2
LifeOfKingEdwardVII,biography,trigrams,brunswick nova scotia,2
LifeOfKingEdwardVII,biography,trigrams,morning august th,2
LifeOfKingEdwardVII,biography,trigrams,bay august th,2
LifeOfKingEdwardVII,biography,trigrams,royal highness first,2
LifeOfKingEdwardVII,biography,trigrams,royal highness governor,2
LifeOfKingEdwardVII,biography,trigrams,roman catholic hierarchy,2
LifeOfKingEdwardVII,biography,trigrams,upper lower canada,2
LifeOfKingEdwardVII,biography,trigrams,royal highness departed,2
LifeOfKingEdwardVII,biography,trigrams,prince enthusiastically received,2
LifeOfKingEdwardVII,biography,trigrams,misunderstanding duke newcastle,2
LifeOfKingEdwardVII,biography,trigrams,one upper canada,2
LifeOfKingEdwardVII,biography,trigrams,september th royal,2
LifeOfKingEdwardVII,biography,trigrams,royal highness visit,2
LifeOfKingEdwardVII,biography,trigrams,royal highness state,2
LifeOfKingEdwardVII,biography,trigrams,day prince left,2
LifeOfKingEdwardVII,biography,trigrams,november th royal,2
LifeOfKingEdwardVII,biography,trigrams,prince princess denmark,2
LifeOfKingEdwardVII,biography,trigrams,royal party cathedral,2
LifeOfKingEdwardVII,biography,trigrams,november th prince,2
LifeOfKingEdwardVII,biography,trigrams,queen victoria first,2
LifeOfKingEdwardVII,biography,trigrams,illustration coronation edward,2
LifeOfKingEdwardVII,biography,trigrams,king edward received,2
LifeOfKingEdwardVII,biography,trigrams,princess princess alice,2
LifeOfKingEdwardVII,biography,trigrams,home life royal,2
LifeOfKingEdwardVII,biography,trigrams,life royal couple,2
LifeOfKingEdwardVII,biography,trigrams,royal couple royal,2
LifeOfKingEdwardVII,biography,trigrams,prince first time,2
LifeOfKingEdwardVII,biography,trigrams,royal couple went,2
LifeOfKingEdwardVII,biography,trigrams,made prince princess,2
LifeOfKingEdwardVII,biography,trigrams,royal highness took,2
LifeOfKingEdwardVII,biography,trigrams,prince public life,2
LifeOfKingEdwardVII,biography,trigrams,banquet may sir,2
LifeOfKingEdwardVII,biography,trigrams,prince princess prince,2
LifeOfKingEdwardVII,biography,trigrams,june th prince,2
NarrativeOfFrederickDouglass,biography,unigrams,lloyd,42
NarrativeOfFrederickDouglass,biography,unigrams,may,36
NarrativeOfFrederickDouglass,biography,unigrams,see,33
NarrativeOfFrederickDouglass,biography,unigrams,way,31
NarrativeOfFrederickDouglass,biography,unigrams,say,30
NarrativeOfFrederickDouglass,biography,unigrams,henry,23
NarrativeOfFrederickDouglass,biography,unigrams,thomas,23
NarrativeOfFrederickDouglass,biography,unigrams,saw,22
NarrativeOfFrederickDouglass,biography,unigrams,frederick,21
NarrativeOfFrederickDouglass,biography,unigrams,michael,21
NarrativeOfFrederickDouglass,biography,unigrams,hugh,21
NarrativeOfFrederickDouglass,biography,unigrams,hope,18
NarrativeOfFrederickDouglass,biography,unigrams,case,17
NarrativeOfFrederickDouglass,biography,unigrams,miles,17
NarrativeOfFrederickDouglass,biography,unigrams,hamilton,15
NarrativeOfFrederickDouglass,biography,unigrams,bay,14
NarrativeOfFrederickDouglass,biography,unigrams,love,13
NarrativeOfFrederickDouglass,biography,unigrams,john,13
NarrativeOfFrederickDouglass,biography,unigrams,lay,13
NarrativeOfFrederickDouglass,biography,unigrams,william,13
NarrativeOfFrederickDouglass,biography,unigrams,yard,13
NarrativeOfFrederickDouglass,biography,unigrams,noble,12
NarrativeOfFrederickDouglass,biography,unigrams,glad,11
NarrativeOfFrederickDouglass,biography,unigrams,bear,11
NarrativeOfFrederickDouglass,biography,unigrams,bailey,11
NarrativeOfFrederickDouglass,biography,unigrams,fred,10
NarrativeOfFrederickDouglass,biography,unigrams,son,9
NarrativeOfFrederickDouglass,biography,unigrams,wood,9
NarrativeOfFrederickDouglass,biography,unigrams,sandy,9
NarrativeOfFrederickDouglass,biography,unigrams,else,8
NarrativeOfFrederickDouglass,biography,unigrams,talbot,8
NarrativeOfFrederickDouglass,biography,unigrams,lucretia,8
NarrativeOfFrederickDouglass,biography,unigrams,joy,8
NarrativeOfFrederickDouglass,biography,bigrams,colonel lloyd,36
NarrativeOfFrederickDouglass,biography,bigrams,st michael,21
NarrativeOfFrederickDouglass,biography,bigrams,master hugh,19
NarrativeOfFrederickDouglass,biography,bigrams,master thomas,14
NarrativeOfFrederickDouglass,biography,bigrams,lloyd plantation,9
NarrativeOfFrederickDouglass,biography,bigrams,ship yard,9
NarrativeOfFrederickDouglass,biography,bigrams,talbot county,8
NarrativeOfFrederickDouglass,biography,bigrams,mr hamilton,7
NarrativeOfFrederickDouglass,biography,bigrams,name frederick,5
NarrativeOfFrederickDouglass,biography,bigrams,mrs lucretia,5
NarrativeOfFrederickDouglass,biography,bigrams,mr william,5
NarrativeOfFrederickDouglass,biography,bigrams,henry john,5
NarrativeOfFrederickDouglass,biography,bigrams,chesapeake bay,4
NarrativeOfFrederickDouglass,biography,bigrams,old barney,4
NarrativeOfFrederickDouglass,biography,bigrams,master andrew,4
NarrativeOfFrederickDouglass,biography,bigrams,william hamilton,4
NarrativeOfFrederickDouglass,biography,bigrams,twelve miles,3
NarrativeOfFrederickDouglass,biography,bigrams,aunt hester,3
NarrativeOfFrederickDouglass,biography,bigrams,thomas auld,3
NarrativeOfFrederickDouglass,biography,bigrams,master son,3
NarrativeOfFrederickDouglass,biography,bigrams,lloyd would,3
NarrativeOfFrederickDouglass,biography,bigrams,mr thomas,3
NarrativeOfFrederickDouglass,biography,bigrams,drew near,3
NarrativeOfFrederickDouglass,biography,bigrams,miles st,3
NarrativeOfFrederickDouglass,biography,bigrams,master william,3
NarrativeOfFrederickDouglass,biography,bigrams,edward covey,3
NarrativeOfFrederickDouglass,biography,bigrams,seven miles,3
NarrativeOfFrederickDouglass,biography,bigrams,wheat fan,3
NarrativeOfFrederickDouglass,biography,bigrams,could see,3
NarrativeOfFrederickDouglass,biography,bigrams,henry bailey,3
NarrativeOfFrederickDouglass,biography,bigrams,said henry,3
NarrativeOfFrederickDouglass,biography,bigrams,fred come,3
NarrativeOfFrederickDouglass,biography,bigrams,fred go,3
NarrativeOfFrederickDouglass,biography,bigrams,life frederick,2
NarrativeOfFrederickDouglass,biography,bigrams,letter wendell,2
NarrativeOfFrederickDouglass,biography,bigrams,wendell frederick,2
NarrativeOfFrederickDouglass,biography,bigrams,month august,2
NarrativeOfFrederickDouglass,biography,bigrams,love god,2
NarrativeOfFrederickDouglass,biography,bigrams,patrick henry,2
NarrativeOfFrederickDouglass,biography,bigrams,south mason,2
NarrativeOfFrederickDouglass,biography,bigrams,mason line,2
NarrativeOfFrederickDouglass,biography,bigrams,one else,2
NarrativeOfFrederickDouglass,biography,bigrams,last ray,2
NarrativeOfFrederickDouglass,biography,bigrams,time may,2
NarrativeOfFrederickDouglass,biography,bigrams,frederick augustus,2
NarrativeOfFrederickDouglass,biography,bigrams,augustus washington,2
NarrativeOfFrederickDouglass,biography,bigrams,washington bailey,2
NarrativeOfFrederickDouglass,biography,bigrams,anna murray,2
NarrativeOfFrederickDouglass,biography,bigrams,never saw,2
NarrativeOfFrederickDouglass,biography,bigrams,captain anthony,2
NarrativeOfFrederickDouglass,biography,bigrams,rich slaveholder,2
NarrativeOfFrederickDouglass,biography,bigrams,lloyd ned,2
NarrativeOfFrederickDouglass,biography,bigrams,warm red,2
NarrativeOfFrederickDouglass,biography,bigrams,red blood,2
NarrativeOfFrederickDouglass,biography,bigrams,daughter lucretia,2
NarrativeOfFrederickDouglass,biography,bigrams,captain thomas,2
NarrativeOfFrederickDouglass,biography,bigrams,miles river,2
NarrativeOfFrederickDouglass,biography,bigrams,son law,2
NarrativeOfFrederickDouglass,biography,bigrams,see baltimore,2
NarrativeOfFrederickDouglass,biography,bigrams,lloyd kept,2
NarrativeOfFrederickDouglass,biography,bigrams,wye town,2
NarrativeOfFrederickDouglass,biography,bigrams,chief gardener,2
NarrativeOfFrederickDouglass,biography,bigrams,young barney,2
NarrativeOfFrederickDouglass,biography,bigrams,sold georgia,2
NarrativeOfFrederickDouglass,biography,bigrams,lloyd mr,2
NarrativeOfFrederickDouglass,biography,bigrams,michael talbot,2
NarrativeOfFrederickDouglass,biography,trigrams,colonel lloyd plantation,9
NarrativeOfFrederickDouglass,biography,trigrams,talbot county maryland,6
NarrativeOfFrederickDouglass,biography,trigrams,mr ship yard,4
NarrativeOfFrederickDouglass,biography,trigrams,master colonel lloyd,3
NarrativeOfFrederickDouglass,biography,trigrams,colonel lloyd would,3
NarrativeOfFrederickDouglass,biography,trigrams,miles st michael,3
NarrativeOfFrederickDouglass,biography,trigrams,narrative life frederick,2
NarrativeOfFrederickDouglass,biography,trigrams,south mason line,2
NarrativeOfFrederickDouglass,biography,trigrams,frederick augustus washington,2
NarrativeOfFrederickDouglass,biography,trigrams,augustus washington bailey,2
NarrativeOfFrederickDouglass,biography,trigrams,belonging colonel lloyd,2
NarrativeOfFrederickDouglass,biography,trigrams,warm red blood,2
NarrativeOfFrederickDouglass,biography,trigrams,captain thomas auld,2
NarrativeOfFrederickDouglass,biography,trigrams,master son law,2
NarrativeOfFrederickDouglass,biography,trigrams,son law captain,2
NarrativeOfFrederickDouglass,biography,trigrams,colonel lloyd kept,2
NarrativeOfFrederickDouglass,biography,trigrams,plantation colonel lloyd,2
NarrativeOfFrederickDouglass,biography,trigrams,seen colonel lloyd,2
NarrativeOfFrederickDouglass,biography,trigrams,lloyd would almost,2
NarrativeOfFrederickDouglass,biography,trigrams,colonel lloyd mr,2
NarrativeOfFrederickDouglass,biography,trigrams,gore colonel lloyd,2
NarrativeOfFrederickDouglass,biography,trigrams,lived st michael,2
NarrativeOfFrederickDouglass,biography,trigrams,st michael talbot,2
NarrativeOfFrederickDouglass,biography,trigrams,michael talbot county,2
NarrativeOfFrederickDouglass,biography,trigrams,left colonel lloyd,2
NarrativeOfFrederickDouglass,biography,trigrams,old master son,2
NarrativeOfFrederickDouglass,biography,trigrams,mrs hamilton used,2
NarrativeOfFrederickDouglass,biography,trigrams,master hugh family,2
NarrativeOfFrederickDouglass,biography,trigrams,bailey ship yard,2
NarrativeOfFrederickDouglass,biography,trigrams,left master thomas,2
NarrativeOfFrederickDouglass,biography,trigrams,mrs lucretia master,2
NarrativeOfFrederickDouglass,biography,trigrams,sold gone rice,2
NarrativeOfFrederickDouglass,biography,trigrams,gone rice swamp,2
NarrativeOfFrederickDouglass,biography,trigrams,rice swamp dank,2
NarrativeOfFrederickDouglass,biography,trigrams,mr william hamilton,2
NarrativeOfFrederickDouglass,biography,trigrams,william hamilton master,2
NarrativeOfFrederickDouglass,biography,trigrams,place master hugh,2
NarrativeOfFrederickDouglass,biography,trigrams,st michael underwent,2
NarrativeOfFrederickDouglass,biography,trigrams,return master thomas,2
NarrativeOfFrederickDouglass,biography,trigrams,edward covey mr,2
NarrativeOfFrederickDouglass,biography,trigrams,mr edward covey,2
NarrativeOfFrederickDouglass,biography,trigrams,henry harris john,2
NarrativeOfFrederickDouglass,biography,trigrams,harris john harris,2
NarrativeOfFrederickDouglass,biography,trigrams,charles henry bailey,2
NarrativeOfFrederickDouglass,biography,trigrams,baltimore master hugh,2
NarrativeOfFrederickDouglass,biography,trigrams,fred come help,2
NarrativeOfFrederickDouglass,biography,trigrams,name frederick bailey,2
NarrativeOfFrederickDouglass,biography,trigrams,law judgment mercy,2
NarrativeOfFrederickDouglass,biography,trigrams,judgment mercy faith,2
NarrativeOfFrederickDouglass,biography,trigrams,gnat swallow camel,2
NarrativeOfFrederickDouglass,biography,trigrams,life frederick american,1
NarrativeOfFrederickDouglass,biography,trigrams,frederick american slave,1
NarrativeOfFrederickDouglass,biography,trigrams,congress year frederick,1
NarrativeOfFrederickDouglass,biography,trigrams,year frederick clerk,1
NarrativeOfFrederickDouglass,biography,trigrams,frederick clerk office,1
NarrativeOfFrederickDouglass,biography,trigrams,book time honor,1
NarrativeOfFrederickDouglass,biography,trigrams,time honor birthday,1
NarrativeOfFrederickDouglass,biography,trigrams,honor birthday martin,1
NarrativeOfFrederickDouglass,biography,trigrams,birthday martin luther,1
NarrativeOfFrederickDouglass,biography,trigrams,martin luther king,1
NarrativeOfFrederickDouglass,biography,trigrams,luther king born,1
NarrativeOfFrederickDouglass,biography,trigrams,king born january,1
NarrativeOfFrederickDouglass,biography,trigrams,preface letter wendell,1
NarrativeOfFrederickDouglass,biography,trigrams,letter wendell frederick,1
NarrativeOfFrederickDouglass,biography,trigrams,wendell frederick chapter,1
NarrativeOfFrederickDouglass,biography,trigrams,frederick chapter chapter,1
NarrativeOfFrederickDouglass,biography,trigrams,preface month august,1
NarrativeOfFrederickDouglass,biography,trigrams,month august anti,1
NarrativeOfFrederickDouglass,biography,trigrams,august anti slavery,1
NarrativeOfFrederickDouglass,biography,trigrams,become acquainted frederick,1
NarrativeOfFrederickDouglass,biography,trigrams,acquainted frederick writer,1
NarrativeOfFrederickDouglass,biography,trigrams,frederick writer following,1
NarrativeOfFrederickDouglass,biography,trigrams,work breaking rod,1
NarrativeOfFrederickDouglass,biography,trigrams,breaking rod oppressor,1
NarrativeOfFrederickDouglass,biography,trigrams,rod oppressor oppressed,1
NarrativeOfFrederickDouglass,biography,trigrams,would befriend love,1
NarrativeOfFrederickDouglass,biography,trigrams,befriend love god,1
NarrativeOfFrederickDouglass,biography,trigrams,love god humanity,1
NarrativeOfFrederickDouglass,biography,trigrams,utterance many noble,1
NarrativeOfFrederickDouglass,biography,trigrams,many noble thrilling,1
NarrativeOfFrederickDouglass,biography,trigrams,noble thrilling soon,1
NarrativeOfFrederickDouglass,biography,trigrams,seat filled hope,1
NarrativeOfFrederickDouglass,biography,trigrams,filled hope admiration,1
NarrativeOfFrederickDouglass,biography,trigrams,hope admiration rose,1
NarrativeOfFrederickDouglass,biography,trigrams,admiration rose declared,1
NarrativeOfFrederickDouglass,biography,trigrams,rose declared patrick,1
NarrativeOfFrederickDouglass,biography,trigrams,declared patrick henry,1
NarrativeOfFrederickDouglass,biography,trigrams,patrick henry revolutionary,1
NarrativeOfFrederickDouglass,biography,trigrams,henry revolutionary fame,1
NarrativeOfFrederickDouglass,biography,trigrams,resident old bay,1
NarrativeOfFrederickDouglass,biography,trigrams,old bay state,1
StoryOfMyLife,biography,unigrams,helen,538
StoryOfMyLife,biography,unigrams,see,300
StoryOfMyLife,biography,unigrams,love,220
StoryOfMyLife,biography,unigrams,way,134
StoryOfMyLife,biography,unigrams,happy,132
StoryOfMyLife,biography,unigrams,may,111
StoryOfMyLife,biography,unigrams,say,93
StoryOfMyLife,biography,unigrams,glad,90
StoryOfMyLife,biography,unigrams,king,85
StoryOfMyLife,biography,unigrams,saw,73
StoryOfMyLife,biography,unigrams,hope,71
StoryOfMyLife,biography,unigrams,mildred,66
StoryOfMyLife,biography,unigrams,doll,61
StoryOfMyLife,biography,unigrams,joy,58
StoryOfMyLife,biography,unigrams,french,51
StoryOfMyLife,biography,unigrams,bell,44
StoryOfMyLife,biography,unigrams,nancy,33
StoryOfMyLife,biography,unigrams,june,29
StoryOfMyLife,biography,unigrams,else,29
StoryOfMyLife,biography,unigrams,john,28
StoryOfMyLife,biography,unigrams,laura,27
StoryOfMyLife,biography,unigrams,rose,24
StoryOfMyLife,biography,unigrams,sunshine,24
StoryOfMyLife,biography,unigrams,april,23
StoryOfMyLife,biography,unigrams,frank,22
StoryOfMyLife,biography,unigrams,washington,21
StoryOfMyLife,biography,unigrams,case,21
StoryOfMyLife,biography,unigrams,cat,21
StoryOfMyLife,biography,bigrams,friend helen,30
StoryOfMyLife,biography,bigrams,could see,28
StoryOfMyLife,biography,bigrams,frost king,28
StoryOfMyLife,biography,bigrams,king frost,23
StoryOfMyLife,biography,bigrams,helen miss,20
StoryOfMyLife,biography,bigrams,mr john,19
StoryOfMyLife,biography,bigrams,mrs laurence,18
StoryOfMyLife,biography,bigrams,come see,18
StoryOfMyLife,biography,bigrams,mr keith,17
StoryOfMyLife,biography,bigrams,much love,14
StoryOfMyLife,biography,bigrams,see hear,13
StoryOfMyLife,biography,bigrams,came see,13
StoryOfMyLife,biography,bigrams,cannot see,13
StoryOfMyLife,biography,bigrams,mr william,12
StoryOfMyLife,biography,bigrams,jack frost,12
StoryOfMyLife,biography,bigrams,give helen,12
StoryOfMyLife,biography,bigrams,helen teacher,11
StoryOfMyLife,biography,bigrams,see little,11
StoryOfMyLife,biography,bigrams,miss caroline,11
StoryOfMyLife,biography,bigrams,caroline derby,11
StoryOfMyLife,biography,bigrams,alexander graham,9
StoryOfMyLife,biography,bigrams,graham bell,9
StoryOfMyLife,biography,bigrams,edward everett,9
StoryOfMyLife,biography,bigrams,boston may,9
StoryOfMyLife,biography,bigrams,william wade,9
StoryOfMyLife,biography,bigrams,wright school,9
StoryOfMyLife,biography,bigrams,one else,9
StoryOfMyLife,biography,bigrams,good helen,9
StoryOfMyLife,biography,bigrams,love good,9
StoryOfMyLife,biography,bigrams,little helen,9
StoryOfMyLife,biography,bigrams,give love,9
StoryOfMyLife,biography,bigrams,glad hear,9
StoryOfMyLife,biography,bigrams,helen letter,9
StoryOfMyLife,biography,bigrams,said helen,9
StoryOfMyLife,biography,bigrams,everett hale,8
StoryOfMyLife,biography,bigrams,french german,8
StoryOfMyLife,biography,bigrams,love little,8
StoryOfMyLife,biography,bigrams,mrs kate,8
StoryOfMyLife,biography,bigrams,uncle frank,8
StoryOfMyLife,biography,bigrams,may dear,8
StoryOfMyLife,biography,bigrams,helen mind,8
StoryOfMyLife,biography,bigrams,read helen,8
StoryOfMyLife,biography,bigrams,account helen,7
StoryOfMyLife,biography,bigrams,anything else,7
StoryOfMyLife,biography,bigrams,go see,7
StoryOfMyLife,biography,bigrams,st nicholas,7
StoryOfMyLife,biography,bigrams,helen mr,7
StoryOfMyLife,biography,bigrams,see us,7
StoryOfMyLife,biography,bigrams,shall see,7
StoryOfMyLife,biography,bigrams,helen learned,7
StoryOfMyLife,biography,bigrams,love tell,7
StoryOfMyLife,biography,bigrams,love beautiful,7
StoryOfMyLife,biography,bigrams,make happy,7
StoryOfMyLife,biography,bigrams,helen little,7
StoryOfMyLife,biography,bigrams,martha washington,6
StoryOfMyLife,biography,bigrams,many happy,6
StoryOfMyLife,biography,bigrams,love love,6
StoryOfMyLife,biography,bigrams,oliver wendell,6
StoryOfMyLife,biography,bigrams,happy little,6
StoryOfMyLife,biography,bigrams,mr michael,6
StoryOfMyLife,biography,bigrams,mr bell,6
StoryOfMyLife,biography,bigrams,boston june,6
StoryOfMyLife,biography,bigrams,happy write,6
StoryOfMyLife,biography,bigrams,see soon,6
StoryOfMyLife,biography,bigrams,love dearly,6
StoryOfMyLife,biography,bigrams,like see,6
StoryOfMyLife,biography,bigrams,see beautiful,6
StoryOfMyLife,biography,bigrams,hope shall,6
StoryOfMyLife,biography,bigrams,happy think,6
StoryOfMyLife,biography,bigrams,mr wade,6
StoryOfMyLife,biography,bigrams,must say,6
StoryOfMyLife,biography,bigrams,helen first,6
StoryOfMyLife,biography,bigrams,helen wrote,6
StoryOfMyLife,biography,bigrams,miss helen,6
StoryOfMyLife,biography,bigrams,say helen,6
StoryOfMyLife,biography,bigrams,made helen,6
StoryOfMyLife,biography,bigrams,day helen,6
StoryOfMyLife,biography,bigrams,ivy green,5
StoryOfMyLife,biography,bigrams,new doll,5
StoryOfMyLife,biography,bigrams,fern quarry,5
StoryOfMyLife,biography,bigrams,see told,5
StoryOfMyLife,biography,bigrams,miss sarah,5
StoryOfMyLife,biography,bigrams,mr charles,5
StoryOfMyLife,biography,bigrams,mark twain,5
StoryOfMyLife,biography,bigrams,take see,5
StoryOfMyLife,biography,bigrams,went see,5
StoryOfMyLife,biography,bigrams,charles dudley,5
StoryOfMyLife,biography,bigrams,dudley warner,5
StoryOfMyLife,biography,bigrams,mr warner,5
StoryOfMyLife,biography,bigrams,see dear,5
StoryOfMyLife,biography,bigrams,mrs william,5
StoryOfMyLife,biography,bigrams,william thaw,5
StoryOfMyLife,biography,bigrams,helen write,5
StoryOfMyLife,biography,bigrams,helen come,5
StoryOfMyLife,biography,bigrams,glad write,5
StoryOfMyLife,biography,bigrams,shall glad,5
StoryOfMyLife,biography,bigrams,shall happy,5
StoryOfMyLife,biography,bigrams,glad know,5
StoryOfMyLife,biography,bigrams,helen came,5
StoryOfMyLife,biography,bigrams,people happy,5
StoryOfMyLife,biography,bigrams,love many,5
StoryOfMyLife,biography,bigrams,think helen,5
StoryOfMyLife,biography,bigrams,one helen,5
StoryOfMyLife,biography,bigrams,whether helen,5
StoryOfMyLife,biography,bigrams,us helen,5
StoryOfMyLife,biography,bigrams,like helen,5
StoryOfMyLife,biography,bigrams,mrs sophia,4
StoryOfMyLife,biography,bigrams,name helen,4
StoryOfMyLife,biography,bigrams,helen told,4
StoryOfMyLife,biography,bigrams,way learned,4
StoryOfMyLife,biography,bigrams,knowledge love,4
StoryOfMyLife,biography,bigrams,warm sunshine,4
StoryOfMyLife,biography,bigrams,joy feel,4
StoryOfMyLife,biography,trigrams,little friend helen,26
StoryOfMyLife,biography,trigrams,miss caroline derby,11
StoryOfMyLife,biography,trigrams,alexander graham bell,9
StoryOfMyLife,biography,trigrams,mr william wade,9
StoryOfMyLife,biography,trigrams,edward everett hale,8
StoryOfMyLife,biography,trigrams,could see hear,7
StoryOfMyLife,biography,trigrams,please give love,7
StoryOfMyLife,biography,trigrams,wish could see,6
StoryOfMyLife,biography,trigrams,charles dudley warner,5
StoryOfMyLife,biography,trigrams,mrs william thaw,5
StoryOfMyLife,biography,trigrams,south boston may,5
StoryOfMyLife,biography,trigrams,came see told,4
StoryOfMyLife,biography,trigrams,miss sarah fuller,4
StoryOfMyLife,biography,trigrams,see little blind,4
StoryOfMyLife,biography,trigrams,ala may dear,4
StoryOfMyLife,biography,trigrams,friend helen miss,4
StoryOfMyLife,biography,trigrams,must say good,4
StoryOfMyLife,biography,trigrams,say good bye,4
StoryOfMyLife,biography,trigrams,wright school new,4
StoryOfMyLife,biography,trigrams,mrs laurence street,4
StoryOfMyLife,biography,trigrams,laurence street boston,4
StoryOfMyLife,biography,trigrams,poor little florence,4
StoryOfMyLife,biography,trigrams,spent many happy,3
StoryOfMyLife,biography,trigrams,story frost king,3
StoryOfMyLife,biography,trigrams,writing frost king,3
StoryOfMyLife,biography,trigrams,frost king episode,3
StoryOfMyLife,biography,trigrams,read wilhelm tell,3
StoryOfMyLife,biography,trigrams,greek roman history,3
StoryOfMyLife,biography,trigrams,mr merton keith,3
StoryOfMyLife,biography,trigrams,go boston june,3
StoryOfMyLife,biography,trigrams,dear mr hale,3
StoryOfMyLife,biography,trigrams,love play little,3
StoryOfMyLife,biography,trigrams,mr michael ala,3
StoryOfMyLife,biography,trigrams,dear mr glad,3
StoryOfMyLife,biography,trigrams,mr glad write,3
StoryOfMyLife,biography,trigrams,much love kiss,3
StoryOfMyLife,biography,trigrams,may dear mr,3
StoryOfMyLife,biography,trigrams,come see soon,3
StoryOfMyLife,biography,trigrams,carrie ethel frank,3
StoryOfMyLife,biography,trigrams,ethel frank helen,3
StoryOfMyLife,biography,trigrams,came see us,3
StoryOfMyLife,biography,trigrams,little daughter helen,3
StoryOfMyLife,biography,trigrams,much love many,3
StoryOfMyLife,biography,trigrams,love little friend,3
StoryOfMyLife,biography,trigrams,may dear miss,3
StoryOfMyLife,biography,trigrams,helen miss returned,3
StoryOfMyLife,biography,trigrams,mrs kate south,3
StoryOfMyLife,biography,trigrams,kate south boston,3
StoryOfMyLife,biography,trigrams,oliver wendell south,3
StoryOfMyLife,biography,trigrams,wendell south boston,3
StoryOfMyLife,biography,trigrams,boston mass april,3
StoryOfMyLife,biography,trigrams,mass april dear,3
StoryOfMyLife,biography,trigrams,john south boston,3
StoryOfMyLife,biography,trigrams,boston may dear,3
StoryOfMyLife,biography,trigrams,boston may th,3
StoryOfMyLife,biography,trigrams,caroline derby new,3
StoryOfMyLife,biography,trigrams,derby new york,3
StoryOfMyLife,biography,trigrams,see every day,3
StoryOfMyLife,biography,trigrams,helen report miss,3
StoryOfMyLife,biography,trigrams,way back house,3
StoryOfMyLife,biography,trigrams,love beautiful truth,3
StoryOfMyLife,biography,trigrams,helen alexander graham,2
StoryOfMyLife,biography,trigrams,john superintendent volta,2
StoryOfMyLife,biography,trigrams,supplementary account helen,2
StoryOfMyLife,biography,trigrams,account helen life,2
StoryOfMyLife,biography,trigrams,helen life education,2
StoryOfMyLife,biography,trigrams,knew never see,2
StoryOfMyLife,biography,trigrams,every motion way,2
StoryOfMyLife,biography,trigrams,motion way learned,2
StoryOfMyLife,biography,trigrams,little sister mildred,2
StoryOfMyLife,biography,trigrams,discovered way teach,2
StoryOfMyLife,biography,trigrams,see anything could,2
StoryOfMyLife,biography,trigrams,big rag doll,2
StoryOfMyLife,biography,trigrams,quiver life saw,2
StoryOfMyLife,biography,trigrams,life saw everything,2
StoryOfMyLife,biography,trigrams,wild cherry tree,2
StoryOfMyLife,biography,trigrams,love love something,2
StoryOfMyLife,biography,trigrams,lay awake long,2
StoryOfMyLife,biography,trigrams,saw many times,2
StoryOfMyLife,biography,trigrams,noise feel cat,2
StoryOfMyLife,biography,trigrams,feel cat purr,2
StoryOfMyLife,biography,trigrams,norway came see,2
StoryOfMyLife,biography,trigrams,see told deaf,2
StoryOfMyLife,biography,trigrams,assistance miss sarah,2
StoryOfMyLife,biography,trigrams,jack frost wonderful,2
StoryOfMyLife,biography,trigrams,time frost king,2
StoryOfMyLife,biography,trigrams,account frost king,2
StoryOfMyLife,biography,trigrams,william wade mr,2
StoryOfMyLife,biography,trigrams,caesar gallic war,2
StoryOfMyLife,biography,trigrams,advanced german french,2
StoryOfMyLife,biography,trigrams,german french latin,2
StoryOfMyLife,biography,trigrams,french latin english,2
StoryOfMyLife,biography,trigrams,english greek roman,2
StoryOfMyLife,biography,trigrams,th th june,2
StoryOfMyLife,biography,trigrams,th june took,2
StoryOfMyLife,biography,trigrams,examination mr eugene,2
StoryOfMyLife,biography,trigrams,mr eugene one,2
StoryOfMyLife,biography,trigrams,eugene one institution,2
StoryOfMyLife,biography,trigrams,attempt communicate way,2
StoryOfMyLife,biography,trigrams,english literature french,2
StoryOfMyLife,biography,trigrams,king philip pond,2
StoryOfMyLife,biography,trigrams,miss ellen terry,2
StoryOfMyLife,biography,trigrams,sir henry irving,2
StoryOfMyLife,biography,trigrams,first time saw,2
StoryOfMyLife,biography,trigrams,rip van winkle,2
StoryOfMyLife,biography,trigrams,miss took see,2
StoryOfMyLife,biography,trigrams,heart soul love,2
StoryOfMyLife,biography,trigrams,papa give helen,2
StoryOfMyLife,biography,trigrams,give helen drink,2
StoryOfMyLife,biography,trigrams,helen drink water,2
StoryOfMyLife,biography,trigrams,helen write little,2
StoryOfMyLife,biography,trigrams,teacher come see,2
StoryOfMyLife,biography,trigrams,love kiss helen,2
StoryOfMyLife,biography,trigrams,mildred go boston,2
StoryOfMyLife,biography,trigrams,good helen mr,2
StoryOfMyLife,biography,trigrams,helen mr michael,2
StoryOfMyLife,biography,trigrams,dear mr bell,2
StoryOfMyLife,biography,trigrams,glad write letter,2
StoryOfMyLife,biography,trigrams,boston june see,2
StoryOfMyLife,biography,trigrams,june see little,2
StoryOfMyLife,biography,trigrams,ala jan dear,2
StoryOfMyLife,biography,trigrams,mr coming see,2
StoryOfMyLife,biography,trigrams,love little blind,2
StoryOfMyLife,biography,trigrams,everett hale alabama,2
StoryOfMyLife,biography,trigrams,hale alabama february,2
StoryOfMyLife,biography,trigrams,happy write letter,2
StoryOfMyLife,biography,trigrams,took us see,2
StoryOfMyLife,biography,trigrams,write letter love,2
StoryOfMyLife,biography,trigrams,natalie good girl,2
StoryOfMyLife,biography,trigrams,making short natalie,2
StoryOfMyLife,biography,trigrams,home much love,2
StoryOfMyLife,biography,trigrams,michael ala may,2
StoryOfMyLife,biography,trigrams,darling child helen,2
StoryOfMyLife,biography,trigrams,would like see,2
StoryOfMyLife,biography,trigrams,darling little mildred,2
StoryOfMyLife,biography,trigrams,mrs kate boston,2
StoryOfMyLife,biography,trigrams,kate boston mass,2
StoryOfMyLife,biography,trigrams,see dear little,2
StoryOfMyLife,biography,trigrams,see many old,2
StoryOfMyLife,biography,trigrams,good people king,2
StoryOfMyLife,biography,trigrams,love many little,2
StoryOfMyLife,biography,trigrams,take see kind,2
StoryOfMyLife,biography,trigrams,glad see teacher,2
StoryOfMyLife,biography,trigrams,time much love,2
StoryOfMyLife,biography,trigrams,much love little,2
StoryOfMyLife,biography,trigrams,bye much love,2
StoryOfMyLife,biography,trigrams,helen edward everett,2
StoryOfMyLife,biography,trigrams,make people happy,2
StoryOfMyLife,biography,trigrams,saw great many,2
StoryOfMyLife,biography,trigrams,every day love,2
StoryOfMyLife,biography,trigrams,give love miss,2
StoryOfMyLife,biography,trigrams,friend helen like,2
StoryOfMyLife,biography,trigrams,grass jumbo pearl,2
StoryOfMyLife,biography,trigrams,little pupil helen,2
StoryOfMyLife,biography,trigrams,fall helen miss,2
StoryOfMyLife,biography,trigrams,great deal love,2
AutobiographyOfCharlesDarwin,biography,unigrams,may,28
AutobiographyOfCharlesDarwin,biography,unigrams,saw,25
AutobiographyOfCharlesDarwin,biography,unigrams,say,16
AutobiographyOfCharlesDarwin,biography,unigrams,case,15
AutobiographyOfCharlesDarwin,biography,unigrams,see,14
AutobiographyOfCharlesDarwin,biography,unigrams,roy,11
AutobiographyOfCharlesDarwin,biography,unigrams,worth,9
AutobiographyOfCharlesDarwin,biography,unigrams,coral,9
AutobiographyOfCharlesDarwin,biography,unigrams,love,8
AutobiographyOfCharlesDarwin,biography,unigrams,bird,7
AutobiographyOfCharlesDarwin,biography,unigrams,hope,6
AutobiographyOfCharlesDarwin,biography,unigrams,way,6
AutobiographyOfCharlesDarwin,biography,unigrams,royal,5
AutobiographyOfCharlesDarwin,biography,unigrams,gray,5
AutobiographyOfCharlesDarwin,biography,unigrams,charles,4
AutobiographyOfCharlesDarwin,biography,unigrams,son,4
AutobiographyOfCharlesDarwin,biography,unigrams,euclid,4
AutobiographyOfCharlesDarwin,biography,unigrams,grant,4
AutobiographyOfCharlesDarwin,biography,unigrams,king,4
AutobiographyOfCharlesDarwin,biography,bigrams,mr case,4
AutobiographyOfCharlesDarwin,biography,bigrams,asa gray,4
AutobiographyOfCharlesDarwin,biography,bigrams,may th,3
AutobiographyOfCharlesDarwin,biography,bigrams,josiah wedgwood,3
AutobiographyOfCharlesDarwin,biography,bigrams,saw two,3
AutobiographyOfCharlesDarwin,biography,bigrams,royal society,3
AutobiographyOfCharlesDarwin,biography,bigrams,society saw,3
AutobiographyOfCharlesDarwin,biography,bigrams,robert brown,3
AutobiographyOfCharlesDarwin,biography,bigrams,written may,2
AutobiographyOfCharlesDarwin,biography,bigrams,may st,2
AutobiographyOfCharlesDarwin,biography,bigrams,uncle josiah,2
AutobiographyOfCharlesDarwin,biography,bigrams,nothing else,2
AutobiographyOfCharlesDarwin,biography,bigrams,may add,2
AutobiographyOfCharlesDarwin,biography,bigrams,royal medical,2
AutobiographyOfCharlesDarwin,biography,bigrams,thirty miles,2
AutobiographyOfCharlesDarwin,biography,bigrams,king college,2
AutobiographyOfCharlesDarwin,biography,bigrams,crux major,2
AutobiographyOfCharlesDarwin,biography,bigrams,never saw,2
AutobiographyOfCharlesDarwin,biography,bigrams,saw man,2
AutobiographyOfCharlesDarwin,biography,bigrams,worth anything,2
AutobiographyOfCharlesDarwin,biography,bigrams,love science,2
AutobiographyOfCharlesDarwin,biography,bigrams,white rock,2
AutobiographyOfCharlesDarwin,biography,bigrams,coral greatly,2
AutobiographyOfCharlesDarwin,biography,bigrams,time saw,2
AutobiographyOfCharlesDarwin,biography,bigrams,saw also,2
AutobiographyOfCharlesDarwin,biography,bigrams,deal robert,2
AutobiographyOfCharlesDarwin,biography,bigrams,work coral,2
AutobiographyOfCharlesDarwin,biography,bigrams,saw good,2
AutobiographyOfCharlesDarwin,biography,bigrams,little say,2
AutobiographyOfCharlesDarwin,biography,bigrams,say worth,2
AutobiographyOfCharlesDarwin,biography,bigrams,worth saying,2
AutobiographyOfCharlesDarwin,biography,bigrams,may mention,2
AutobiographyOfCharlesDarwin,biography,bigrams,may worth,2
AutobiographyOfCharlesDarwin,biography,bigrams,miss bird,2
AutobiographyOfCharlesDarwin,biography,bigrams,important love,2
AutobiographyOfCharlesDarwin,biography,bigrams,autobiography charles,1
AutobiographyOfCharlesDarwin,biography,bigrams,charles life,1
AutobiographyOfCharlesDarwin,biography,bigrams,life charles,1
AutobiographyOfCharlesDarwin,biography,bigrams,charles charles,1
AutobiographyOfCharlesDarwin,biography,bigrams,charles son,1
AutobiographyOfCharlesDarwin,biography,bigrams,son francis,1
AutobiographyOfCharlesDarwin,biography,bigrams,francis contents,1
AutobiographyOfCharlesDarwin,biography,bigrams,many may,1
AutobiographyOfCharlesDarwin,biography,bigrams,may seem,1
AutobiographyOfCharlesDarwin,biography,bigrams,begun may,1
AutobiographyOfCharlesDarwin,biography,trigrams,letter asa gray,3
AutobiographyOfCharlesDarwin,biography,trigrams,written may st,2
AutobiographyOfCharlesDarwin,biography,trigrams,uncle josiah wedgwood,2
AutobiographyOfCharlesDarwin,biography,trigrams,royal medical society,2
AutobiographyOfCharlesDarwin,biography,trigrams,good deal robert,2
AutobiographyOfCharlesDarwin,biography,trigrams,deal robert brown,2
AutobiographyOfCharlesDarwin,biography,trigrams,saw good deal,2
AutobiographyOfCharlesDarwin,biography,trigrams,little say worth,2
AutobiographyOfCharlesDarwin,biography,trigrams,say worth saying,2
AutobiographyOfCharlesDarwin,biography,trigrams,autobiography charles life,1
AutobiographyOfCharlesDarwin,biography,trigrams,charles life charles,1
AutobiographyOfCharlesDarwin,biography,trigrams,life charles charles,1
AutobiographyOfCharlesDarwin,biography,trigrams,charles charles son,1
AutobiographyOfCharlesDarwin,biography,trigrams,charles son francis,1
AutobiographyOfCharlesDarwin,biography,trigrams,son francis contents,1
AutobiographyOfCharlesDarwin,biography,trigrams,francis contents voyage,1
AutobiographyOfCharlesDarwin,biography,trigrams,several written may,1
AutobiographyOfCharlesDarwin,biography,trigrams,may st father,1
AutobiographyOfCharlesDarwin,biography,trigrams,ever many may,1
AutobiographyOfCharlesDarwin,biography,trigrams,many may seem,1
AutobiographyOfCharlesDarwin,biography,trigrams,may seem impossibility,1
AutobiographyOfCharlesDarwin,biography,trigrams,life begun may,1
AutobiographyOfCharlesDarwin,biography,trigrams,begun may th,1
AutobiographyOfCharlesDarwin,biography,trigrams,may th mr,1
AutobiographyOfCharlesDarwin,biography,trigrams,bed black velvet,1
AutobiographyOfCharlesDarwin,biography,trigrams,black velvet gown,1
AutobiographyOfCharlesDarwin,biography,trigrams,velvet gown curiously,1
AutobiographyOfCharlesDarwin,biography,trigrams,younger sister catherine,1
AutobiographyOfCharlesDarwin,biography,trigrams,sister catherine believe,1
AutobiographyOfCharlesDarwin,biography,trigrams,catherine believe many,1
AutobiographyOfCharlesDarwin,biography,trigrams,kept rev case,1
AutobiographyOfCharlesDarwin,biography,trigrams,rev case minister,1
AutobiographyOfCharlesDarwin,biography,trigrams,case minister unitarian,1
AutobiographyOfCharlesDarwin,biography,trigrams,unitarian mr case,1
AutobiographyOfCharlesDarwin,biography,trigrams,mr case chapel,1
AutobiographyOfCharlesDarwin,biography,trigrams,case chapel father,1
AutobiographyOfCharlesDarwin,biography,trigrams,church mr case,1
AutobiographyOfCharlesDarwin,biography,trigrams,mr case st,1
AutobiographyOfCharlesDarwin,biography,trigrams,case st james,1
AutobiographyOfCharlesDarwin,biography,trigrams,st james gazette,1
AutobiographyOfCharlesDarwin,biography,trigrams,james gazette mural,1
AutobiographyOfCharlesDarwin,biography,trigrams,known free christian,1
AutobiographyOfCharlesDarwin,biography,trigrams,free christian church,1
AutobiographyOfCharlesDarwin,biography,trigrams,christian church taste,1
AutobiographyOfCharlesDarwin,biography,trigrams,make rev leighton,1
AutobiographyOfCharlesDarwin,biography,trigrams,rev leighton schoolfellow,1
AutobiographyOfCharlesDarwin,biography,trigrams,leighton schoolfellow father,1
AutobiographyOfCharlesDarwin,biography,trigrams,father mr case,1
AutobiographyOfCharlesDarwin,biography,trigrams,mr case school,1
AutobiographyOfCharlesDarwin,biography,trigrams,case school flower,1
AutobiographyOfCharlesDarwin,biography,trigrams,school flower school,1
AutobiographyOfCharlesDarwin,biography,trigrams,flower school saying,1
AutobiographyOfCharlesDarwin,biography,trigrams,discovered mr leighton,1
AutobiographyOfCharlesDarwin,biography,trigrams,mr leighton goes,1
AutobiographyOfCharlesDarwin,biography,trigrams,leighton goes greatly,1
AutobiographyOfCharlesDarwin,biography,trigrams,firmly mind hope,1
AutobiographyOfCharlesDarwin,biography,trigrams,mind hope done,1
AutobiographyOfCharlesDarwin,biography,trigrams,hope done conscience,1
AutobiographyOfCharlesDarwin,biography,trigrams,boy believe leighton,1
AutobiographyOfCharlesDarwin,biography,trigrams,believe leighton afterwards,1
AutobiographyOfCharlesDarwin,biography,trigrams,leighton afterwards well,1
AutobiographyOfCharlesDarwin,biography,trigrams,never tried may,1
AutobiographyOfCharlesDarwin,biography,trigrams,tried may also,1
AutobiographyOfCharlesDarwin,biography,trigrams,may also confess,1
AutobiographyOfCharlesDarwin,biography,trigrams,sum money town,1
AutobiographyOfCharlesDarwin,biography,trigrams,money town condition,1
AutobiographyOfCharlesDarwin,biography,trigrams,town condition every,1
AutobiographyOfCharlesDarwin,biography,trigrams,friend garnett say,1
AutobiographyOfCharlesDarwin,biography,trigrams,garnett say boy,1
AutobiographyOfCharlesDarwin,biography,trigrams,say boy humane,1
TheWonderfulWizardOfOz,fantasy,unigrams,dorothy,369
TheWonderfulWizardOfOz,fantasy,unigrams,woodman,183
TheWonderfulWizardOfOz,fantasy,unigrams,lion,180
TheWonderfulWizardOfOz,fantasy,unigrams,see,95
TheWonderfulWizardOfOz,fantasy,unigrams,way,64
TheWonderfulWizardOfOz,fantasy,unigrams,saw,58
TheWonderfulWizardOfOz,fantasy,unigrams,forest,47
TheWonderfulWizardOfOz,fantasy,unigrams,carry,28
TheWonderfulWizardOfOz,fantasy,unigrams,west,26
TheWonderfulWizardOfOz,fantasy,unigrams,king,25
TheWonderfulWizardOfOz,fantasy,unigrams,em,25
TheWonderfulWizardOfOz,fantasy,unigrams,lay,24
TheWonderfulWizardOfOz,fantasy,unigrams,may,22
TheWonderfulWizardOfOz,fantasy,unigrams,glad,19
TheWonderfulWizardOfOz,fantasy,unigrams,say,16
TheWonderfulWizardOfOz,fantasy,unigrams,gray,15
TheWonderfulWizardOfOz,fantasy,unigrams,happy,15
TheWonderfulWizardOfOz,fantasy,unigrams,henry,13
TheWonderfulWizardOfOz,fantasy,unigrams,hill,13
TheWonderfulWizardOfOz,fantasy,unigrams,love,12
TheWonderfulWizardOfOz,fantasy,unigrams,wood,11
TheWonderfulWizardOfOz,fantasy,unigrams,sky,10
TheWonderfulWizardOfOz,fantasy,unigrams,joy,9
TheWonderfulWizardOfOz,fantasy,unigrams,red,9
TheWonderfulWizardOfOz,fantasy,unigrams,wait,9
TheWonderfulWizardOfOz,fantasy,unigrams,hope,9
TheWonderfulWizardOfOz,fantasy,unigrams,rich,8
TheWonderfulWizardOfOz,fantasy,unigrams,mark,7
TheWonderfulWizardOfOz,fantasy,unigrams,poppy,6
TheWonderfulWizardOfOz,fantasy,unigrams,miles,6
TheWonderfulWizardOfOz,fantasy,bigrams,tin woodman,119
TheWonderfulWizardOfOz,fantasy,bigrams,said dorothy,44
TheWonderfulWizardOfOz,fantasy,bigrams,aunt em,24
TheWonderfulWizardOfOz,fantasy,bigrams,cowardly lion,22
TheWonderfulWizardOfOz,fantasy,bigrams,said lion,19
TheWonderfulWizardOfOz,fantasy,bigrams,could see,17
TheWonderfulWizardOfOz,fantasy,bigrams,uncle henry,13
TheWonderfulWizardOfOz,fantasy,bigrams,witch west,12
TheWonderfulWizardOfOz,fantasy,bigrams,woodman scarecrow,10
TheWonderfulWizardOfOz,fantasy,bigrams,dorothy said,8
TheWonderfulWizardOfOz,fantasy,bigrams,find way,8
TheWonderfulWizardOfOz,fantasy,bigrams,see great,8
TheWonderfulWizardOfOz,fantasy,bigrams,said woodman,8
TheWonderfulWizardOfOz,fantasy,bigrams,dorothy could,7
TheWonderfulWizardOfOz,fantasy,bigrams,cried dorothy,7
TheWonderfulWizardOfOz,fantasy,bigrams,dorothy lion,7
TheWonderfulWizardOfOz,fantasy,bigrams,dorothy went,6
TheWonderfulWizardOfOz,fantasy,bigrams,dorothy saw,6
TheWonderfulWizardOfOz,fantasy,bigrams,dorothy would,6
TheWonderfulWizardOfOz,fantasy,bigrams,woodman lion,6
TheWonderfulWizardOfOz,fantasy,bigrams,lion said,6
TheWonderfulWizardOfOz,fantasy,bigrams,scarecrow lion,6
TheWonderfulWizardOfOz,fantasy,bigrams,witch dorothy,5
TheWonderfulWizardOfOz,fantasy,bigrams,dorothy found,5
TheWonderfulWizardOfOz,fantasy,bigrams,lay upon,5
TheWonderfulWizardOfOz,fantasy,bigrams,dorothy thought,5
TheWonderfulWizardOfOz,fantasy,bigrams,dorothy toto,5
TheWonderfulWizardOfOz,fantasy,bigrams,dorothy put,5
TheWonderfulWizardOfOz,fantasy,bigrams,see said,5
TheWonderfulWizardOfOz,fantasy,bigrams,lion go,5
TheWonderfulWizardOfOz,fantasy,bigrams,lion went,5
TheWonderfulWizardOfOz,fantasy,bigrams,woodman said,5
TheWonderfulWizardOfOz,fantasy,bigrams,castle dorothy,5
TheWonderfulWizardOfOz,fantasy,bigrams,dorothy little,4
TheWonderfulWizardOfOz,fantasy,bigrams,dorothy arms,4
TheWonderfulWizardOfOz,fantasy,bigrams,dorothy made,4
TheWonderfulWizardOfOz,fantasy,bigrams,east west,4
TheWonderfulWizardOfOz,fantasy,bigrams,us dorothy,4
TheWonderfulWizardOfOz,fantasy,bigrams,dorothy must,4
TheWonderfulWizardOfOz,fantasy,bigrams,scarecrow dorothy,4
TheWonderfulWizardOfOz,fantasy,bigrams,dorothy basket,4
TheWonderfulWizardOfOz,fantasy,bigrams,woodman dorothy,4
TheWonderfulWizardOfOz,fantasy,bigrams,woodman brains,4
TheWonderfulWizardOfOz,fantasy,bigrams,woodman chopped,4
TheWonderfulWizardOfOz,fantasy,bigrams,great lion,4
TheWonderfulWizardOfOz,fantasy,bigrams,lion great,4
TheWonderfulWizardOfOz,fantasy,bigrams,lion back,4
TheWonderfulWizardOfOz,fantasy,bigrams,returned dorothy,4
TheWonderfulWizardOfOz,fantasy,bigrams,dorothy man,4
TheWonderfulWizardOfOz,fantasy,bigrams,help dorothy,4
TheWonderfulWizardOfOz,fantasy,bigrams,declared lion,4
TheWonderfulWizardOfOz,fantasy,bigrams,woodman shall,4
TheWonderfulWizardOfOz,fantasy,bigrams,land west,4
TheWonderfulWizardOfOz,fantasy,bigrams,way get,4
TheWonderfulWizardOfOz,fantasy,bigrams,monkey king,4
TheWonderfulWizardOfOz,fantasy,bigrams,courage lion,4
TheWonderfulWizardOfOz,fantasy,bigrams,poppy field,3
TheWonderfulWizardOfOz,fantasy,bigrams,dorothy wish,3
TheWonderfulWizardOfOz,fantasy,bigrams,many miles,3
TheWonderfulWizardOfOz,fantasy,bigrams,dorothy stood,3
TheWonderfulWizardOfOz,fantasy,bigrams,could carry,3
TheWonderfulWizardOfOz,fantasy,bigrams,dorothy sat,3
TheWonderfulWizardOfOz,fantasy,bigrams,see would,3
TheWonderfulWizardOfOz,fantasy,bigrams,soon saw,3
TheWonderfulWizardOfOz,fantasy,bigrams,saw one,3
TheWonderfulWizardOfOz,fantasy,bigrams,toto lay,3
TheWonderfulWizardOfOz,fantasy,bigrams,lay beside,3
TheWonderfulWizardOfOz,fantasy,bigrams,city dorothy,3
TheWonderfulWizardOfOz,fantasy,bigrams,get dorothy,3
TheWonderfulWizardOfOz,fantasy,bigrams,dorothy left,3
TheWonderfulWizardOfOz,fantasy,bigrams,dorothy one,3
TheWonderfulWizardOfOz,fantasy,bigrams,saw lying,3
TheWonderfulWizardOfOz,fantasy,bigrams,way emerald,3
TheWonderfulWizardOfOz,fantasy,bigrams,back dorothy,3
TheWonderfulWizardOfOz,fantasy,bigrams,scarecrow see,3
TheWonderfulWizardOfOz,fantasy,bigrams,dorothy scarecrow,3
TheWonderfulWizardOfOz,fantasy,bigrams,time dorothy,3
TheWonderfulWizardOfOz,fantasy,bigrams,dorothy walking,3
TheWonderfulWizardOfOz,fantasy,bigrams,returned lion,3
TheWonderfulWizardOfOz,fantasy,bigrams,never see,3
TheWonderfulWizardOfOz,fantasy,bigrams,woodman could,3
TheWonderfulWizardOfOz,fantasy,bigrams,shall dorothy,3
TheWonderfulWizardOfOz,fantasy,bigrams,upon lion,3
TheWonderfulWizardOfOz,fantasy,bigrams,greatly see,3
TheWonderfulWizardOfOz,fantasy,bigrams,woodman chop,3
TheWonderfulWizardOfOz,fantasy,bigrams,lion one,3
TheWonderfulWizardOfOz,fantasy,bigrams,dorothy lost,3
TheWonderfulWizardOfOz,fantasy,bigrams,dorothy took,3
TheWonderfulWizardOfOz,fantasy,bigrams,lion lay,3
TheWonderfulWizardOfOz,fantasy,bigrams,way said,3
TheWonderfulWizardOfOz,fantasy,bigrams,dorothy picked,3
TheWonderfulWizardOfOz,fantasy,bigrams,lion woodman,3
TheWonderfulWizardOfOz,fantasy,bigrams,lion toto,3
TheWonderfulWizardOfOz,fantasy,bigrams,dorothy beautiful,3
TheWonderfulWizardOfOz,fantasy,bigrams,poppy bed,3
TheWonderfulWizardOfOz,fantasy,bigrams,scarecrow woodman,3
TheWonderfulWizardOfOz,fantasy,bigrams,beside lion,3
TheWonderfulWizardOfOz,fantasy,bigrams,dorothy see,3
TheWonderfulWizardOfOz,fantasy,bigrams,say like,3
TheWonderfulWizardOfOz,fantasy,bigrams,saw dorothy,3
TheWonderfulWizardOfOz,fantasy,bigrams,ask see,3
TheWonderfulWizardOfOz,fantasy,bigrams,low dorothy,3
TheWonderfulWizardOfOz,fantasy,bigrams,lion would,3
TheWonderfulWizardOfOz,fantasy,bigrams,mark upon,3
TheWonderfulWizardOfOz,fantasy,bigrams,em uncle,3
TheWonderfulWizardOfOz,fantasy,bigrams,see done,3
TheWonderfulWizardOfOz,fantasy,bigrams,woodman came,3
TheWonderfulWizardOfOz,fantasy,bigrams,hearted woodman,3
TheWonderfulWizardOfOz,fantasy,bigrams,woodman axe,3
TheWonderfulWizardOfOz,fantasy,bigrams,toto lion,3
TheWonderfulWizardOfOz,fantasy,bigrams,king crow,3
TheWonderfulWizardOfOz,fantasy,bigrams,lion like,3
TheWonderfulWizardOfOz,fantasy,bigrams,go dorothy,3
TheWonderfulWizardOfOz,fantasy,bigrams,quite happy,3
TheWonderfulWizardOfOz,fantasy,bigrams,carry back,3
TheWonderfulWizardOfOz,fantasy,bigrams,lost way,3
TheWonderfulWizardOfOz,fantasy,bigrams,king winged,3
TheWonderfulWizardOfOz,fantasy,bigrams,shall glad,3
TheWonderfulWizardOfOz,fantasy,bigrams,good fortune,3
TheWonderfulWizardOfOz,fantasy,bigrams,carry desert,3
TheWonderfulWizardOfOz,fantasy,bigrams,rose air,3
TheWonderfulWizardOfOz,fantasy,bigrams,hill hammer,3
TheWonderfulWizardOfOz,fantasy,bigrams,chapter dorothy,2
TheWonderfulWizardOfOz,fantasy,bigrams,dorothy saved,2
TheWonderfulWizardOfOz,fantasy,bigrams,road forest,2
TheWonderfulWizardOfOz,fantasy,bigrams,deadly poppy,2
TheWonderfulWizardOfOz,fantasy,bigrams,magic art,2
TheWonderfulWizardOfOz,fantasy,bigrams,art great,2
TheWonderfulWizardOfOz,fantasy,bigrams,chapter lion,2
TheWonderfulWizardOfOz,fantasy,bigrams,lion becomes,2
TheWonderfulWizardOfOz,fantasy,bigrams,becomes king,2
TheWonderfulWizardOfOz,fantasy,trigrams,said tin woodman,19
TheWonderfulWizardOfOz,fantasy,trigrams,scarecrow tin woodman,15
TheWonderfulWizardOfOz,fantasy,trigrams,wicked witch west,12
TheWonderfulWizardOfOz,fantasy,trigrams,said cowardly lion,8
TheWonderfulWizardOfOz,fantasy,trigrams,back aunt em,5
TheWonderfulWizardOfOz,fantasy,trigrams,tin woodman lion,5
TheWonderfulWizardOfOz,fantasy,trigrams,dorothy could see,4
TheWonderfulWizardOfOz,fantasy,trigrams,said lion go,4
TheWonderfulWizardOfOz,fantasy,trigrams,toto lay beside,3
TheWonderfulWizardOfOz,fantasy,trigrams,way emerald city,3
TheWonderfulWizardOfOz,fantasy,trigrams,tin woodman dorothy,3
TheWonderfulWizardOfOz,fantasy,trigrams,head tin woodman,3
TheWonderfulWizardOfOz,fantasy,trigrams,back said dorothy,3
TheWonderfulWizardOfOz,fantasy,trigrams,tin woodman scarecrow,3
TheWonderfulWizardOfOz,fantasy,trigrams,came tin woodman,3
TheWonderfulWizardOfOz,fantasy,trigrams,bowed low dorothy,3
TheWonderfulWizardOfOz,fantasy,trigrams,mark upon forehead,3
TheWonderfulWizardOfOz,fantasy,trigrams,aunt em uncle,3
TheWonderfulWizardOfOz,fantasy,trigrams,em uncle henry,3
TheWonderfulWizardOfOz,fantasy,trigrams,tin woodman came,3
TheWonderfulWizardOfOz,fantasy,trigrams,chapter dorothy saved,2
TheWonderfulWizardOfOz,fantasy,trigrams,dorothy saved scarecrow,2
TheWonderfulWizardOfOz,fantasy,trigrams,chapter road forest,2
TheWonderfulWizardOfOz,fantasy,trigrams,rescue tin woodman,2
TheWonderfulWizardOfOz,fantasy,trigrams,chapter cowardly lion,2
TheWonderfulWizardOfOz,fantasy,trigrams,chapter deadly poppy,2
TheWonderfulWizardOfOz,fantasy,trigrams,deadly poppy field,2
TheWonderfulWizardOfOz,fantasy,trigrams,chapter magic art,2
TheWonderfulWizardOfOz,fantasy,trigrams,magic art great,2
TheWonderfulWizardOfOz,fantasy,trigrams,art great humbug,2
TheWonderfulWizardOfOz,fantasy,trigrams,chapter lion becomes,2
TheWonderfulWizardOfOz,fantasy,trigrams,lion becomes king,2
TheWonderfulWizardOfOz,fantasy,trigrams,good witch dorothy,2
TheWonderfulWizardOfOz,fantasy,trigrams,witch dorothy wish,2
TheWonderfulWizardOfOz,fantasy,trigrams,dark hole dorothy,2
TheWonderfulWizardOfOz,fantasy,trigrams,dorothy found riding,2
TheWonderfulWizardOfOz,fantasy,trigrams,dorothy wicked witch,2
TheWonderfulWizardOfOz,fantasy,trigrams,wicked witch dorothy,2
TheWonderfulWizardOfOz,fantasy,trigrams,thought aunt em,2
TheWonderfulWizardOfOz,fantasy,trigrams,dorothy great wizard,2
TheWonderfulWizardOfOz,fantasy,trigrams,scarecrow dorothy left,2
TheWonderfulWizardOfOz,fantasy,trigrams,one corner lay,2
TheWonderfulWizardOfOz,fantasy,trigrams,tin woodman think,2
TheWonderfulWizardOfOz,fantasy,trigrams,woodman set work,2
TheWonderfulWizardOfOz,fantasy,trigrams,oh see said,2
TheWonderfulWizardOfOz,fantasy,trigrams,tin woodman brains,2
TheWonderfulWizardOfOz,fantasy,trigrams,tin woodman told,2
TheWonderfulWizardOfOz,fantasy,trigrams,tin woodman knew,2
TheWonderfulWizardOfOz,fantasy,trigrams,make one happy,2
TheWonderfulWizardOfOz,fantasy,trigrams,world dorothy say,2
TheWonderfulWizardOfOz,fantasy,trigrams,mark good witch,2
TheWonderfulWizardOfOz,fantasy,trigrams,rushed forward lion,2
TheWonderfulWizardOfOz,fantasy,trigrams,dorothy made tin,2
TheWonderfulWizardOfOz,fantasy,trigrams,made tin woodman,2
TheWonderfulWizardOfOz,fantasy,trigrams,perhaps said lion,2
TheWonderfulWizardOfOz,fantasy,trigrams,said lion thoughtfully,2
TheWonderfulWizardOfOz,fantasy,trigrams,heart said woodman,2
TheWonderfulWizardOfOz,fantasy,trigrams,indeed tin woodman,2
TheWonderfulWizardOfOz,fantasy,trigrams,tin woodman could,2
TheWonderfulWizardOfOz,fantasy,trigrams,harm tin woodman,2
TheWonderfulWizardOfOz,fantasy,trigrams,tin woodman chopped,2
TheWonderfulWizardOfOz,fantasy,trigrams,tin woodman certainly,2
TheWonderfulWizardOfOz,fantasy,trigrams,filled dorothy basket,2
TheWonderfulWizardOfOz,fantasy,trigrams,far could see,2
TheWonderfulWizardOfOz,fantasy,trigrams,upon lion back,2
TheWonderfulWizardOfOz,fantasy,trigrams,lion went back,2
TheWonderfulWizardOfOz,fantasy,trigrams,ditch tin woodman,2
TheWonderfulWizardOfOz,fantasy,trigrams,tin woodman chop,2
TheWonderfulWizardOfOz,fantasy,trigrams,tin woodman sadly,2
TheWonderfulWizardOfOz,fantasy,trigrams,tin woodman must,2
TheWonderfulWizardOfOz,fantasy,trigrams,tin woodman stood,2
TheWonderfulWizardOfOz,fantasy,trigrams,said dorothy must,2
TheWonderfulWizardOfOz,fantasy,trigrams,tin woodman caught,2
TheWonderfulWizardOfOz,fantasy,trigrams,shall tin woodman,2
TheWonderfulWizardOfOz,fantasy,trigrams,way said dorothy,2
TheWonderfulWizardOfOz,fantasy,trigrams,girl tin woodman,2
TheWonderfulWizardOfOz,fantasy,trigrams,bit said dorothy,2
TheWonderfulWizardOfOz,fantasy,trigrams,said scarecrow lion,2
TheWonderfulWizardOfOz,fantasy,trigrams,tin woodman saw,2
TheWonderfulWizardOfOz,fantasy,trigrams,land said dorothy,2
TheWonderfulWizardOfOz,fantasy,trigrams,us dorothy lion,2
TheWonderfulWizardOfOz,fantasy,trigrams,city said dorothy,2
TheWonderfulWizardOfOz,fantasy,trigrams,never permitted see,2
TheWonderfulWizardOfOz,fantasy,trigrams,said dorothy man,2
TheWonderfulWizardOfOz,fantasy,trigrams,sleep toto lay,2
TheWonderfulWizardOfOz,fantasy,trigrams,demand see great,2
TheWonderfulWizardOfOz,fantasy,trigrams,tin woodman lay,2
TheWonderfulWizardOfOz,fantasy,trigrams,throne room saw,2
TheWonderfulWizardOfOz,fantasy,trigrams,much tin woodman,2
TheWonderfulWizardOfOz,fantasy,trigrams,tin woodman next,2
TheWonderfulWizardOfOz,fantasy,trigrams,woodman next morning,2
TheWonderfulWizardOfOz,fantasy,trigrams,tin woodman said,2
TheWonderfulWizardOfOz,fantasy,trigrams,tin woodman shall,2
TheWonderfulWizardOfOz,fantasy,trigrams,see aunt em,2
TheWonderfulWizardOfOz,fantasy,trigrams,dorothy toto lion,2
TheWonderfulWizardOfOz,fantasy,trigrams,woodman bees cannot,2
TheWonderfulWizardOfOz,fantasy,trigrams,came near dorothy,2
TheWonderfulWizardOfOz,fantasy,trigrams,run away dorothy,2
TheWonderfulWizardOfOz,fantasy,trigrams,cowardly lion like,2
TheWonderfulWizardOfOz,fantasy,trigrams,lion wicked witch,2
TheWonderfulWizardOfOz,fantasy,trigrams,golden cap saw,2
TheWonderfulWizardOfOz,fantasy,trigrams,many good carry,2
TheWonderfulWizardOfOz,fantasy,trigrams,lost way said,2
TheWonderfulWizardOfOz,fantasy,trigrams,king bowed low,2
TheWonderfulWizardOfOz,fantasy,trigrams,lay upon us,2
TheWonderfulWizardOfOz,fantasy,trigrams,tin woodman felt,2
TheWonderfulWizardOfOz,fantasy,trigrams,woodman felt heart,2
TheWonderfulWizardOfOz,fantasy,trigrams,home aunt em,2
TheWonderfulWizardOfOz,fantasy,trigrams,wonderful wizard frank,1
TheWonderfulWizardOfOz,fantasy,trigrams,wizard frank book,1
TheWonderfulWizardOfOz,fantasy,trigrams,frank book good,1
TheWonderfulWizardOfOz,fantasy,trigrams,council chapter dorothy,1
TheWonderfulWizardOfOz,fantasy,trigrams,road forest chapter,1
TheWonderfulWizardOfOz,fantasy,trigrams,forest chapter rescue,1
TheWonderfulWizardOfOz,fantasy,trigrams,tin woodman chapter,1
TheWonderfulWizardOfOz,fantasy,trigrams,woodman chapter cowardly,1
TheWonderfulWizardOfOz,fantasy,trigrams,cowardly lion chapter,1
TheWonderfulWizardOfOz,fantasy,trigrams,lion chapter journey,1
TheWonderfulWizardOfOz,fantasy,trigrams,poppy field chapter,1
TheWonderfulWizardOfOz,fantasy,trigrams,country chapter lion,1
TheWonderfulWizardOfOz,fantasy,trigrams,becomes king chapter,1
TheWonderfulWizardOfOz,fantasy,trigrams,king chapter country,1
TheWonderfulWizardOfOz,fantasy,trigrams,dorothy wish chapter,1
TheWonderfulWizardOfOz,fantasy,trigrams,wholesome instinctive love,1
TheWonderfulWizardOfOz,fantasy,trigrams,instinctive love fantastic,1
TheWonderfulWizardOfOz,fantasy,trigrams,love fantastic marvelous,1
TheWonderfulWizardOfOz,fantasy,trigrams,fairy tale may,1
TheWonderfulWizardOfOz,fantasy,trigrams,tale may classed,1
TheWonderfulWizardOfOz,fantasy,trigrams,may classed historical,1
TheWonderfulWizardOfOz,fantasy,trigrams,tale wonderment joy,1
TheWonderfulWizardOfOz,fantasy,trigrams,wonderment joy left,1
TheWonderfulWizardOfOz,fantasy,trigrams,joy left frank,1
TheWonderfulWizardOfOz,fantasy,trigrams,left frank april,1
TheWonderfulWizardOfOz,fantasy,trigrams,frank april wonderful,1
TheWonderfulWizardOfOz,fantasy,trigrams,april wonderful wizard,1
TheWonderfulWizardOfOz,fantasy,trigrams,chapter cyclone dorothy,1
TheWonderfulWizardOfOz,fantasy,trigrams,cyclone dorothy lived,1
TheWonderfulWizardOfOz,fantasy,trigrams,dorothy lived midst,1
TheWonderfulWizardOfOz,fantasy,trigrams,great uncle henry,1
TheWonderfulWizardOfOz,fantasy,trigrams,uncle henry farmer,1
TheWonderfulWizardOfOz,fantasy,trigrams,henry farmer aunt,1
TheWonderfulWizardOfOz,fantasy,trigrams,farmer aunt em,1
TheWonderfulWizardOfOz,fantasy,trigrams,aunt em farmer,1
TheWonderfulWizardOfOz,fantasy,trigrams,em farmer wife,1
TheWonderfulWizardOfOz,fantasy,trigrams,wagon many miles,1
TheWonderfulWizardOfOz,fantasy,trigrams,many miles four,1
TheWonderfulWizardOfOz,fantasy,trigrams,miles four floor,1
TheWonderfulWizardOfOz,fantasy,trigrams,room room rusty,1
TheWonderfulWizardOfOz,fantasy,trigrams,room rusty looking,1
TheWonderfulWizardOfOz,fantasy,trigrams,rusty looking cookstove,1
TheWonderfulWizardOfOz,fantasy,trigrams,four uncle henry,1
TheWonderfulWizardOfOz,fantasy,trigrams,uncle henry aunt,1
TheWonderfulWizardOfOz,fantasy,trigrams,henry aunt em,1
TheWonderfulWizardOfOz,fantasy,trigrams,aunt em big,1
TheWonderfulWizardOfOz,fantasy,trigrams,em big bed,1
TheWonderfulWizardOfOz,fantasy,trigrams,one corner dorothy,1
TheWonderfulWizardOfOz,fantasy,trigrams,corner dorothy little,1
TheWonderfulWizardOfOz,fantasy,trigrams,dorothy little bed,1
TheWonderfulWizardOfOz,fantasy,trigrams,another corner garret,1
TheWonderfulWizardOfOz,fantasy,trigrams,corner garret cellar,1
TheWonderfulWizardOfOz,fantasy,trigrams,garret cellar except,1
TheWonderfulWizardOfOz,fantasy,trigrams,could go case,1
TheWonderfulWizardOfOz,fantasy,trigrams,go case one,1
TheWonderfulWizardOfOz,fantasy,trigrams,case one great,1
TheWonderfulWizardOfOz,fantasy,trigrams,hole dorothy stood,1
TheWonderfulWizardOfOz,fantasy,trigrams,dorothy stood doorway,1
AliceInWonderland,fantasy,unigrams,alice,399
AliceInWonderland,fantasy,unigrams,see,67
AliceInWonderland,fantasy,unigrams,king,63
AliceInWonderland,fantasy,unigrams,way,57
AliceInWonderland,fantasy,unigrams,say,51
AliceInWonderland,fantasy,unigrams,cat,37
AliceInWonderland,fantasy,unigrams,bill,18
AliceInWonderland,fantasy,unigrams,saw,14
AliceInWonderland,fantasy,unigrams,dinah,14
AliceInWonderland,fantasy,unigrams,may,13
AliceInWonderland,fantasy,unigrams,else,12
AliceInWonderland,fantasy,unigrams,glad,11
AliceInWonderland,fantasy,unigrams,fan,10
AliceInWonderland,fantasy,unigrams,hall,9
AliceInWonderland,fantasy,unigrams,william,8
AliceInWonderland,fantasy,unigrams,wood,8
AliceInWonderland,fantasy,unigrams,fancy,7
AliceInWonderland,fantasy,unigrams,lory,7
AliceInWonderland,fantasy,unigrams,case,5
AliceInWonderland,fantasy,unigrams,drew,5
AliceInWonderland,fantasy,unigrams,sky,5
AliceInWonderland,fantasy,unigrams,rose,5
AliceInWonderland,fantasy,unigrams,worth,4
AliceInWonderland,fantasy,bigrams,said alice,124
AliceInWonderland,fantasy,bigrams,said king,29
AliceInWonderland,fantasy,bigrams,thought alice,26
AliceInWonderland,fantasy,bigrams,alice said,17
AliceInWonderland,fantasy,bigrams,said cat,15
AliceInWonderland,fantasy,bigrams,alice thought,13
AliceInWonderland,fantasy,bigrams,poor alice,11
AliceInWonderland,fantasy,bigrams,alice could,11
AliceInWonderland,fantasy,bigrams,king said,11
AliceInWonderland,fantasy,bigrams,alice much,9
AliceInWonderland,fantasy,bigrams,alice went,9
AliceInWonderland,fantasy,bigrams,alice rather,8
AliceInWonderland,fantasy,bigrams,could see,7
AliceInWonderland,fantasy,bigrams,cried alice,7
AliceInWonderland,fantasy,bigrams,alice felt,7
AliceInWonderland,fantasy,bigrams,alice quite,7
AliceInWonderland,fantasy,bigrams,turning alice,6
AliceInWonderland,fantasy,bigrams,well say,5
AliceInWonderland,fantasy,bigrams,alice little,5
AliceInWonderland,fantasy,bigrams,alice say,5
AliceInWonderland,fantasy,bigrams,cheshire cat,5
AliceInWonderland,fantasy,bigrams,king queen,5
AliceInWonderland,fantasy,bigrams,alice beginning,4
AliceInWonderland,fantasy,bigrams,went alice,4
AliceInWonderland,fantasy,bigrams,let see,4
AliceInWonderland,fantasy,bigrams,alice like,4
AliceInWonderland,fantasy,bigrams,alice round,4
AliceInWonderland,fantasy,bigrams,little alice,4
AliceInWonderland,fantasy,bigrams,alice got,4
AliceInWonderland,fantasy,bigrams,alice good,4
AliceInWonderland,fantasy,bigrams,alice hastily,4
AliceInWonderland,fantasy,bigrams,alice looking,4
AliceInWonderland,fantasy,bigrams,mary ann,4
AliceInWonderland,fantasy,bigrams,alice come,4
AliceInWonderland,fantasy,bigrams,alice well,4
AliceInWonderland,fantasy,bigrams,caterpillar alice,4
AliceInWonderland,fantasy,bigrams,father william,4
AliceInWonderland,fantasy,bigrams,alice tone,4
AliceInWonderland,fantasy,bigrams,cat said,4
AliceInWonderland,fantasy,bigrams,know alice,4
AliceInWonderland,fantasy,bigrams,alice glad,4
AliceInWonderland,fantasy,bigrams,rose tree,4
AliceInWonderland,fantasy,bigrams,king white,4
AliceInWonderland,fantasy,bigrams,little bill,3
AliceInWonderland,fantasy,bigrams,alice think,3
AliceInWonderland,fantasy,bigrams,alice never,3
AliceInWonderland,fantasy,bigrams,alice moment,3
AliceInWonderland,fantasy,bigrams,see would,3
AliceInWonderland,fantasy,bigrams,nothing else,3
AliceInWonderland,fantasy,bigrams,alice soon,3
AliceInWonderland,fantasy,bigrams,ever saw,3
AliceInWonderland,fantasy,bigrams,alice must,3
AliceInWonderland,fantasy,bigrams,alice great,3
AliceInWonderland,fantasy,bigrams,little way,3
AliceInWonderland,fantasy,bigrams,thing alice,3
AliceInWonderland,fantasy,bigrams,alice time,3
AliceInWonderland,fantasy,bigrams,said lory,3
AliceInWonderland,fantasy,bigrams,alice one,3
AliceInWonderland,fantasy,bigrams,one way,3
AliceInWonderland,fantasy,bigrams,silence alice,3
AliceInWonderland,fantasy,bigrams,long way,3
AliceInWonderland,fantasy,bigrams,see said,3
AliceInWonderland,fantasy,bigrams,time alice,3
AliceInWonderland,fantasy,bigrams,alice indignantly,3
AliceInWonderland,fantasy,bigrams,alice tried,3
AliceInWonderland,fantasy,bigrams,together alice,3
AliceInWonderland,fantasy,bigrams,cat sitting,3
AliceInWonderland,fantasy,bigrams,course alice,3
AliceInWonderland,fantasy,bigrams,dare say,3
AliceInWonderland,fantasy,bigrams,alice even,3
AliceInWonderland,fantasy,bigrams,chapter alice,2
AliceInWonderland,fantasy,bigrams,alice evidence,2
AliceInWonderland,fantasy,bigrams,much way,2
AliceInWonderland,fantasy,bigrams,rabbit say,2
AliceInWonderland,fantasy,bigrams,hurried alice,2
AliceInWonderland,fantasy,bigrams,see anything,2
AliceInWonderland,fantasy,bigrams,say anything,2
AliceInWonderland,fantasy,bigrams,alice idea,2
AliceInWonderland,fantasy,bigrams,dinah cat,2
AliceInWonderland,fantasy,bigrams,wonder alice,2
AliceInWonderland,fantasy,bigrams,alice get,2
AliceInWonderland,fantasy,bigrams,sort way,2
AliceInWonderland,fantasy,bigrams,eat see,2
AliceInWonderland,fantasy,bigrams,matter way,2
AliceInWonderland,fantasy,bigrams,alice would,2
AliceInWonderland,fantasy,bigrams,alice going,2
AliceInWonderland,fantasy,bigrams,said see,2
AliceInWonderland,fantasy,bigrams,see going,2
AliceInWonderland,fantasy,bigrams,tried fancy,2
AliceInWonderland,fantasy,bigrams,way nothing,2
AliceInWonderland,fantasy,bigrams,best way,2
AliceInWonderland,fantasy,bigrams,alice perhaps,2
AliceInWonderland,fantasy,bigrams,alice right,2
AliceInWonderland,fantasy,bigrams,say go,2
AliceInWonderland,fantasy,bigrams,go alice,2
AliceInWonderland,fantasy,bigrams,took fan,2
AliceInWonderland,fantasy,bigrams,must mabel,2
AliceInWonderland,fantasy,bigrams,say little,2
AliceInWonderland,fantasy,bigrams,somebody else,2
AliceInWonderland,fantasy,bigrams,glad find,2
AliceInWonderland,fantasy,bigrams,find way,2
AliceInWonderland,fantasy,bigrams,way pool,2
AliceInWonderland,fantasy,bigrams,mouse alice,2
AliceInWonderland,fantasy,bigrams,right way,2
AliceInWonderland,fantasy,bigrams,william conqueror,2
AliceInWonderland,fantasy,bigrams,see dear,2
AliceInWonderland,fantasy,bigrams,better alice,2
AliceInWonderland,fantasy,bigrams,alice spoke,2
AliceInWonderland,fantasy,bigrams,alice melancholy,2
AliceInWonderland,fantasy,bigrams,say said,2
AliceInWonderland,fantasy,bigrams,else say,2
AliceInWonderland,fantasy,bigrams,alice always,2
AliceInWonderland,fantasy,trigrams,certainly said alice,5
AliceInWonderland,fantasy,trigrams,know said alice,4
AliceInWonderland,fantasy,trigrams,might well say,4
AliceInWonderland,fantasy,trigrams,said alice said,4
AliceInWonderland,fantasy,trigrams,king white rabbit,4
AliceInWonderland,fantasy,trigrams,thought poor alice,3
AliceInWonderland,fantasy,trigrams,like said alice,3
AliceInWonderland,fantasy,trigrams,said alice rather,3
AliceInWonderland,fantasy,trigrams,much said alice,3
AliceInWonderland,fantasy,trigrams,indeed said alice,3
AliceInWonderland,fantasy,trigrams,said caterpillar alice,3
AliceInWonderland,fantasy,trigrams,old father william,3
AliceInWonderland,fantasy,trigrams,said alice indignantly,3
AliceInWonderland,fantasy,trigrams,tell said alice,3
AliceInWonderland,fantasy,trigrams,said alice well,3
AliceInWonderland,fantasy,trigrams,said alice little,3
AliceInWonderland,fantasy,trigrams,alice little timidly,3
AliceInWonderland,fantasy,trigrams,one said alice,3
AliceInWonderland,fantasy,trigrams,nonsense said alice,3
AliceInWonderland,fantasy,trigrams,alice could see,3
AliceInWonderland,fantasy,trigrams,yes said alice,3
AliceInWonderland,fantasy,trigrams,said king white,3
AliceInWonderland,fantasy,trigrams,rabbit little bill,2
AliceInWonderland,fantasy,trigrams,chapter alice evidence,2
AliceInWonderland,fantasy,trigrams,said alice must,2
AliceInWonderland,fantasy,trigrams,said alice great,2
AliceInWonderland,fantasy,trigrams,dear cried alice,2
AliceInWonderland,fantasy,trigrams,alice good deal,2
AliceInWonderland,fantasy,trigrams,pardon cried alice,2
AliceInWonderland,fantasy,trigrams,alice went eagerly,2
AliceInWonderland,fantasy,trigrams,said alice much,2
AliceInWonderland,fantasy,trigrams,said alice always,2
AliceInWonderland,fantasy,trigrams,alice much frightened,2
AliceInWonderland,fantasy,trigrams,thought alice shall,2
AliceInWonderland,fantasy,trigrams,alice could hear,2
AliceInWonderland,fantasy,trigrams,sir said alice,2
AliceInWonderland,fantasy,trigrams,yet said alice,2
AliceInWonderland,fantasy,trigrams,alice could think,2
AliceInWonderland,fantasy,trigrams,alice thought might,2
AliceInWonderland,fantasy,trigrams,said alice timidly,2
AliceInWonderland,fantasy,trigrams,alice said nothing,2
AliceInWonderland,fantasy,trigrams,said alice tone,2
AliceInWonderland,fantasy,trigrams,talking said alice,2
AliceInWonderland,fantasy,trigrams,new idea alice,2
AliceInWonderland,fantasy,trigrams,cheshire cat said,2
AliceInWonderland,fantasy,trigrams,alice said politely,2
AliceInWonderland,fantasy,trigrams,thought alice went,2
AliceInWonderland,fantasy,trigrams,suppose said alice,2
AliceInWonderland,fantasy,trigrams,said cat alice,2
AliceInWonderland,fantasy,trigrams,thought alice glad,2
AliceInWonderland,fantasy,trigrams,said alice say,2
AliceInWonderland,fantasy,trigrams,well say added,2
AliceInWonderland,fantasy,trigrams,said turning alice,2
AliceInWonderland,fantasy,trigrams,alice considered little,2
AliceInWonderland,fantasy,trigrams,march hare alice,2
AliceInWonderland,fantasy,trigrams,said alice course,2
AliceInWonderland,fantasy,trigrams,alice quite forgetting,2
AliceInWonderland,fantasy,trigrams,king queen hearts,2
AliceInWonderland,fantasy,trigrams,said alice loudly,2
AliceInWonderland,fantasy,trigrams,king said alice,2
AliceInWonderland,fantasy,trigrams,go back see,2
AliceInWonderland,fantasy,trigrams,think said alice,2
AliceInWonderland,fantasy,trigrams,said alice even,2
AliceInWonderland,fantasy,trigrams,alice even know,2
AliceInWonderland,fantasy,trigrams,said alice come,2
AliceInWonderland,fantasy,trigrams,french music washing,2
AliceInWonderland,fantasy,trigrams,alice tone great,2
AliceInWonderland,fantasy,trigrams,beautiful soup beau,2
AliceInWonderland,fantasy,trigrams,soup beau beau,2
AliceInWonderland,fantasy,trigrams,beau beau evening,2
AliceInWonderland,fantasy,trigrams,beau evening beautiful,2
AliceInWonderland,fantasy,trigrams,consider verdict king,2
AliceInWonderland,fantasy,trigrams,verdict king said,2
AliceInWonderland,fantasy,trigrams,king said jury,2
AliceInWonderland,fantasy,trigrams,witness said king,2
AliceInWonderland,fantasy,trigrams,evidence said king,2
AliceInWonderland,fantasy,trigrams,twinkling said king,2
AliceInWonderland,fantasy,trigrams,said alice nothing,2
AliceInWonderland,fantasy,trigrams,alice said king,2
AliceInWonderland,fantasy,trigrams,said alice grown,2
AliceInWonderland,fantasy,trigrams,illustration alice wonderland,1
AliceInWonderland,fantasy,trigrams,alice wonderland lewis,1
AliceInWonderland,fantasy,trigrams,wonderland lewis millennium,1
AliceInWonderland,fantasy,trigrams,lewis millennium fulcrum,1
AliceInWonderland,fantasy,trigrams,little bill chapter,1
AliceInWonderland,fantasy,trigrams,bill chapter advice,1
AliceInWonderland,fantasy,trigrams,stole chapter alice,1
AliceInWonderland,fantasy,trigrams,alice evidence chapter,1
AliceInWonderland,fantasy,trigrams,rabbit hole alice,1
AliceInWonderland,fantasy,trigrams,hole alice beginning,1
AliceInWonderland,fantasy,trigrams,alice beginning get,1
AliceInWonderland,fantasy,trigrams,book thought alice,1
AliceInWonderland,fantasy,trigrams,thought alice without,1
AliceInWonderland,fantasy,trigrams,alice without considering,1
AliceInWonderland,fantasy,trigrams,pleasure making daisy,1
AliceInWonderland,fantasy,trigrams,making daisy chain,1
AliceInWonderland,fantasy,trigrams,daisy chain would,1
AliceInWonderland,fantasy,trigrams,chain would worth,1
AliceInWonderland,fantasy,trigrams,would worth trouble,1
AliceInWonderland,fantasy,trigrams,worth trouble getting,1
AliceInWonderland,fantasy,trigrams,nothing remarkable alice,1
AliceInWonderland,fantasy,trigrams,remarkable alice think,1
AliceInWonderland,fantasy,trigrams,alice think much,1
AliceInWonderland,fantasy,trigrams,think much way,1
AliceInWonderland,fantasy,trigrams,much way hear,1
AliceInWonderland,fantasy,trigrams,way hear rabbit,1
AliceInWonderland,fantasy,trigrams,hear rabbit say,1
AliceInWonderland,fantasy,trigrams,rabbit say oh,1
AliceInWonderland,fantasy,trigrams,say oh dear,1
AliceInWonderland,fantasy,trigrams,pocket hurried alice,1
AliceInWonderland,fantasy,trigrams,hurried alice across,1
AliceInWonderland,fantasy,trigrams,alice across mind,1
AliceInWonderland,fantasy,trigrams,fortunately time see,1
AliceInWonderland,fantasy,trigrams,time see pop,1
AliceInWonderland,fantasy,trigrams,see pop large,1
AliceInWonderland,fantasy,trigrams,moment went alice,1
AliceInWonderland,fantasy,trigrams,went alice never,1
AliceInWonderland,fantasy,trigrams,alice never considering,1
AliceInWonderland,fantasy,trigrams,like tunnel way,1
AliceInWonderland,fantasy,trigrams,tunnel way dipped,1
AliceInWonderland,fantasy,trigrams,way dipped suddenly,1
AliceInWonderland,fantasy,trigrams,suddenly suddenly alice,1
AliceInWonderland,fantasy,trigrams,suddenly alice moment,1
AliceInWonderland,fantasy,trigrams,alice moment think,1
AliceInWonderland,fantasy,trigrams,coming dark see,1
AliceInWonderland,fantasy,trigrams,dark see anything,1
AliceInWonderland,fantasy,trigrams,see anything sides,1
AliceInWonderland,fantasy,trigrams,filled book saw,1
AliceInWonderland,fantasy,trigrams,book saw hung,1
AliceInWonderland,fantasy,trigrams,saw hung upon,1
AliceInWonderland,fantasy,trigrams,well thought alice,1
AliceInWonderland,fantasy,trigrams,thought alice fall,1
AliceInWonderland,fantasy,trigrams,alice fall shall,1
AliceInWonderland,fantasy,trigrams,think home say,1
AliceInWonderland,fantasy,trigrams,home say anything,1
AliceInWonderland,fantasy,trigrams,say anything even,1
AliceInWonderland,fantasy,trigrams,wonder many miles,1
AliceInWonderland,fantasy,trigrams,many miles fallen,1
AliceInWonderland,fantasy,trigrams,miles fallen time,1
AliceInWonderland,fantasy,trigrams,earth let see,1
AliceInWonderland,fantasy,trigrams,let see would,1
AliceInWonderland,fantasy,trigrams,see would four,1
AliceInWonderland,fantasy,trigrams,four thousand miles,1
AliceInWonderland,fantasy,trigrams,thousand miles think,1
AliceInWonderland,fantasy,trigrams,miles think see,1
AliceInWonderland,fantasy,trigrams,think see alice,1
AliceInWonderland,fantasy,trigrams,see alice learnt,1
AliceInWonderland,fantasy,trigrams,alice learnt several,1
AliceInWonderland,fantasy,trigrams,good practice say,1
AliceInWonderland,fantasy,trigrams,practice say yes,1
AliceInWonderland,fantasy,trigrams,say yes right,1
AliceInWonderland,fantasy,trigrams,longitude got alice,1
AliceInWonderland,fantasy,trigrams,got alice idea,1
AliceInWonderland,fantasy,trigrams,alice idea latitude,1
AliceInWonderland,fantasy,trigrams,nice grand say,1
AliceInWonderland,fantasy,trigrams,grand say presently,1
AliceInWonderland,fantasy,trigrams,say presently wonder,1
ThroughTheLookingGlass,fantasy,unigrams,alice,468
ThroughTheLookingGlass,fantasy,unigrams,see,86
ThroughTheLookingGlass,fantasy,unigrams,red,71
ThroughTheLookingGlass,fantasy,unigrams,king,67
ThroughTheLookingGlass,fantasy,unigrams,way,67
ThroughTheLookingGlass,fantasy,unigrams,say,55
ThroughTheLookingGlass,fantasy,unigrams,wood,30
ThroughTheLookingGlass,fantasy,unigrams,kitty,25
ThroughTheLookingGlass,fantasy,unigrams,may,21
ThroughTheLookingGlass,fantasy,unigrams,lion,20
ThroughTheLookingGlass,fantasy,unigrams,lily,18
ThroughTheLookingGlass,fantasy,unigrams,saw,14
ThroughTheLookingGlass,fantasy,unigrams,hill,14
ThroughTheLookingGlass,fantasy,unigrams,hope,14
ThroughTheLookingGlass,fantasy,unigrams,rose,13
ThroughTheLookingGlass,fantasy,unigrams,else,12
ThroughTheLookingGlass,fantasy,unigrams,brook,12
ThroughTheLookingGlass,fantasy,unigrams,dinah,10
ThroughTheLookingGlass,fantasy,unigrams,glad,10
ThroughTheLookingGlass,fantasy,unigrams,wait,9
ThroughTheLookingGlass,fantasy,unigrams,town,8
ThroughTheLookingGlass,fantasy,unigrams,fawn,7
ThroughTheLookingGlass,fantasy,unigrams,wake,7
ThroughTheLookingGlass,fantasy,unigrams,daisy,6
ThroughTheLookingGlass,fantasy,unigrams,forest,6
ThroughTheLookingGlass,fantasy,unigrams,deny,6
ThroughTheLookingGlass,fantasy,unigrams,happy,5
ThroughTheLookingGlass,fantasy,unigrams,lay,5
ThroughTheLookingGlass,fantasy,bigrams,said alice,73
ThroughTheLookingGlass,fantasy,bigrams,alice said,58
ThroughTheLookingGlass,fantasy,bigrams,red queen,56
ThroughTheLookingGlass,fantasy,bigrams,alice thought,20
ThroughTheLookingGlass,fantasy,bigrams,said red,17
ThroughTheLookingGlass,fantasy,bigrams,thought alice,16
ThroughTheLookingGlass,fantasy,bigrams,said king,14
ThroughTheLookingGlass,fantasy,bigrams,tiger lily,13
ThroughTheLookingGlass,fantasy,bigrams,alice could,13
ThroughTheLookingGlass,fantasy,bigrams,queen alice,12
ThroughTheLookingGlass,fantasy,bigrams,long way,9
ThroughTheLookingGlass,fantasy,bigrams,lion unicorn,8
ThroughTheLookingGlass,fantasy,bigrams,alice got,8
ThroughTheLookingGlass,fantasy,bigrams,alice felt,8
ThroughTheLookingGlass,fantasy,bigrams,alice one,7
ThroughTheLookingGlass,fantasy,bigrams,white king,6
ThroughTheLookingGlass,fantasy,bigrams,alice great,6
ThroughTheLookingGlass,fantasy,bigrams,said rose,6
ThroughTheLookingGlass,fantasy,bigrams,know alice,6
ThroughTheLookingGlass,fantasy,bigrams,alice quite,6
ThroughTheLookingGlass,fantasy,bigrams,alice help,6
ThroughTheLookingGlass,fantasy,bigrams,see said,6
ThroughTheLookingGlass,fantasy,bigrams,little brook,6
ThroughTheLookingGlass,fantasy,bigrams,king said,6
ThroughTheLookingGlass,fantasy,bigrams,alice th,5
ThroughTheLookingGlass,fantasy,bigrams,cried alice,5
ThroughTheLookingGlass,fantasy,bigrams,see little,5
ThroughTheLookingGlass,fantasy,bigrams,red king,5
ThroughTheLookingGlass,fantasy,bigrams,see alice,5
ThroughTheLookingGlass,fantasy,bigrams,alice little,5
ThroughTheLookingGlass,fantasy,bigrams,alice like,5
ThroughTheLookingGlass,fantasy,bigrams,indeed alice,5
ThroughTheLookingGlass,fantasy,bigrams,time alice,5
ThroughTheLookingGlass,fantasy,bigrams,alice well,5
ThroughTheLookingGlass,fantasy,bigrams,head alice,5
ThroughTheLookingGlass,fantasy,bigrams,alice stood,5
ThroughTheLookingGlass,fantasy,bigrams,one alice,5
ThroughTheLookingGlass,fantasy,bigrams,red knight,5
ThroughTheLookingGlass,fantasy,bigrams,alice went,4
ThroughTheLookingGlass,fantasy,bigrams,day alice,4
ThroughTheLookingGlass,fantasy,bigrams,way know,4
ThroughTheLookingGlass,fantasy,bigrams,moment alice,4
ThroughTheLookingGlass,fantasy,bigrams,poor king,4
ThroughTheLookingGlass,fantasy,bigrams,alice still,4
ThroughTheLookingGlass,fantasy,bigrams,alice know,4
ThroughTheLookingGlass,fantasy,bigrams,worth thousand,4
ThroughTheLookingGlass,fantasy,bigrams,alice would,4
ThroughTheLookingGlass,fantasy,bigrams,way wood,4
ThroughTheLookingGlass,fantasy,bigrams,alice alice,4
ThroughTheLookingGlass,fantasy,bigrams,little way,4
ThroughTheLookingGlass,fantasy,bigrams,alice beginning,4
ThroughTheLookingGlass,fantasy,bigrams,brook queen,4
ThroughTheLookingGlass,fantasy,bigrams,alice turned,4
ThroughTheLookingGlass,fantasy,bigrams,wrong way,3
ThroughTheLookingGlass,fantasy,bigrams,see would,3
ThroughTheLookingGlass,fantasy,bigrams,away alice,3
ThroughTheLookingGlass,fantasy,bigrams,could see,3
ThroughTheLookingGlass,fantasy,bigrams,oh kitty,3
ThroughTheLookingGlass,fantasy,bigrams,two red,3
ThroughTheLookingGlass,fantasy,bigrams,alice made,3
ThroughTheLookingGlass,fantasy,bigrams,time see,3
ThroughTheLookingGlass,fantasy,bigrams,still alice,3
ThroughTheLookingGlass,fantasy,bigrams,never saw,3
ThroughTheLookingGlass,fantasy,bigrams,came alice,3
ThroughTheLookingGlass,fantasy,bigrams,alice dare,3
ThroughTheLookingGlass,fantasy,bigrams,suddenly alice,3
ThroughTheLookingGlass,fantasy,bigrams,ever saw,3
ThroughTheLookingGlass,fantasy,bigrams,alice round,3
ThroughTheLookingGlass,fantasy,bigrams,nonsense alice,3
ThroughTheLookingGlass,fantasy,bigrams,alice last,3
ThroughTheLookingGlass,fantasy,bigrams,alice never,3
ThroughTheLookingGlass,fantasy,bigrams,say good,3
ThroughTheLookingGlass,fantasy,bigrams,alice time,3
ThroughTheLookingGlass,fantasy,bigrams,alice see,3
ThroughTheLookingGlass,fantasy,bigrams,horse alice,3
ThroughTheLookingGlass,fantasy,bigrams,alice rather,3
ThroughTheLookingGlass,fantasy,bigrams,say anything,3
ThroughTheLookingGlass,fantasy,bigrams,wood alice,3
ThroughTheLookingGlass,fantasy,bigrams,poor alice,3
ThroughTheLookingGlass,fantasy,bigrams,pause alice,3
ThroughTheLookingGlass,fantasy,bigrams,mean alice,3
ThroughTheLookingGlass,fantasy,bigrams,loud alice,3
ThroughTheLookingGlass,fantasy,bigrams,anything else,3
ThroughTheLookingGlass,fantasy,bigrams,alice gently,3
ThroughTheLookingGlass,fantasy,bigrams,alice ran,3
ThroughTheLookingGlass,fantasy,bigrams,way alice,3
ThroughTheLookingGlass,fantasy,bigrams,better alice,3
ThroughTheLookingGlass,fantasy,bigrams,side alice,3
ThroughTheLookingGlass,fantasy,bigrams,alice repeated,3
ThroughTheLookingGlass,fantasy,bigrams,alice ask,3
ThroughTheLookingGlass,fantasy,bigrams,alice glad,3
ThroughTheLookingGlass,fantasy,bigrams,alice cried,3
ThroughTheLookingGlass,fantasy,bigrams,come alice,3
ThroughTheLookingGlass,fantasy,bigrams,alice tone,3
ThroughTheLookingGlass,fantasy,bigrams,alice much,3
ThroughTheLookingGlass,fantasy,bigrams,see nobody,3
ThroughTheLookingGlass,fantasy,bigrams,round town,3
ThroughTheLookingGlass,fantasy,bigrams,said lion,3
ThroughTheLookingGlass,fantasy,bigrams,alice always,3
ThroughTheLookingGlass,fantasy,bigrams,end wood,3
ThroughTheLookingGlass,fantasy,bigrams,de dee,3
ThroughTheLookingGlass,fantasy,bigrams,daisy daisy,2
ThroughTheLookingGlass,fantasy,bigrams,queen king,2
ThroughTheLookingGlass,fantasy,bigrams,th alice,2
ThroughTheLookingGlass,fantasy,bigrams,sheep alice,2
ThroughTheLookingGlass,fantasy,bigrams,flying alice,2
ThroughTheLookingGlass,fantasy,bigrams,would say,2
ThroughTheLookingGlass,fantasy,bigrams,chapter lion,2
ThroughTheLookingGlass,fantasy,bigrams,old cat,2
ThroughTheLookingGlass,fantasy,bigrams,dinah washed,2
ThroughTheLookingGlass,fantasy,bigrams,dinah know,2
ThroughTheLookingGlass,fantasy,bigrams,kitty alice,2
ThroughTheLookingGlass,fantasy,bigrams,let see,2
ThroughTheLookingGlass,fantasy,bigrams,kitty nice,2
ThroughTheLookingGlass,fantasy,bigrams,kitty really,2
ThroughTheLookingGlass,fantasy,bigrams,two alice,2
ThroughTheLookingGlass,fantasy,bigrams,dear alice,2
ThroughTheLookingGlass,fantasy,bigrams,room see,2
ThroughTheLookingGlass,fantasy,bigrams,see glass,2
ThroughTheLookingGlass,fantasy,bigrams,go way,2
ThroughTheLookingGlass,fantasy,bigrams,see get,2
ThroughTheLookingGlass,fantasy,bigrams,may make,2
ThroughTheLookingGlass,fantasy,bigrams,way getting,2
ThroughTheLookingGlass,fantasy,bigrams,kitty let,2
ThroughTheLookingGlass,fantasy,bigrams,curiosity see,2
ThroughTheLookingGlass,fantasy,bigrams,little lily,2
ThroughTheLookingGlass,fantasy,bigrams,way get,2
ThroughTheLookingGlass,fantasy,bigrams,blown alice,2
ThroughTheLookingGlass,fantasy,bigrams,king took,2
ThroughTheLookingGlass,fantasy,bigrams,king went,2
ThroughTheLookingGlass,fantasy,bigrams,alice put,2
ThroughTheLookingGlass,fantasy,bigrams,right way,2
ThroughTheLookingGlass,fantasy,bigrams,see like,2
ThroughTheLookingGlass,fantasy,bigrams,alice suddenly,2
ThroughTheLookingGlass,fantasy,bigrams,see garden,2
ThroughTheLookingGlass,fantasy,bigrams,top hill,2
ThroughTheLookingGlass,fantasy,bigrams,talking alice,2
ThroughTheLookingGlass,fantasy,bigrams,lily said,2
ThroughTheLookingGlass,fantasy,bigrams,towards alice,2
ThroughTheLookingGlass,fantasy,bigrams,way go,2
ThroughTheLookingGlass,fantasy,bigrams,rose said,2
ThroughTheLookingGlass,fantasy,bigrams,saw anybody,2
ThroughTheLookingGlass,fantasy,bigrams,like alice,2
ThroughTheLookingGlass,fantasy,bigrams,found red,2
ThroughTheLookingGlass,fantasy,bigrams,drew back,2
ThroughTheLookingGlass,fantasy,bigrams,lost way,2
ThroughTheLookingGlass,fantasy,bigrams,way said,2
ThroughTheLookingGlass,fantasy,bigrams,always say,2
ThroughTheLookingGlass,fantasy,bigrams,alice afraid,2
ThroughTheLookingGlass,fantasy,trigrams,said red queen,15
ThroughTheLookingGlass,fantasy,trigrams,red queen said,9
ThroughTheLookingGlass,fantasy,trigrams,said alice one,5
ThroughTheLookingGlass,fantasy,trigrams,said tiger lily,5
ThroughTheLookingGlass,fantasy,trigrams,alice said politely,5
ThroughTheLookingGlass,fantasy,trigrams,indeed alice said,4
ThroughTheLookingGlass,fantasy,trigrams,red queen white,4
ThroughTheLookingGlass,fantasy,trigrams,red queen alice,3
ThroughTheLookingGlass,fantasy,trigrams,please said alice,3
ThroughTheLookingGlass,fantasy,trigrams,one alice said,3
ThroughTheLookingGlass,fantasy,trigrams,alice said gently,3
ThroughTheLookingGlass,fantasy,trigrams,understand said alice,3
ThroughTheLookingGlass,fantasy,trigrams,see said alice,3
ThroughTheLookingGlass,fantasy,trigrams,little brook queen,3
ThroughTheLookingGlass,fantasy,trigrams,fiddle de dee,3
ThroughTheLookingGlass,fantasy,trigrams,chapter lion unicorn,2
ThroughTheLookingGlass,fantasy,trigrams,chapter queen alice,2
ThroughTheLookingGlass,fantasy,trigrams,great curiosity see,2
ThroughTheLookingGlass,fantasy,trigrams,alice could hardly,2
ThroughTheLookingGlass,fantasy,trigrams,alice great interest,2
ThroughTheLookingGlass,fantasy,trigrams,tiger lily said,2
ThroughTheLookingGlass,fantasy,trigrams,goes long way,2
ThroughTheLookingGlass,fantasy,trigrams,cried tiger lily,2
ThroughTheLookingGlass,fantasy,trigrams,found red queen,2
ThroughTheLookingGlass,fantasy,trigrams,alice said nothing,2
ThroughTheLookingGlass,fantasy,trigrams,lost way know,2
ThroughTheLookingGlass,fantasy,trigrams,way know mean,2
ThroughTheLookingGlass,fantasy,trigrams,said alice last,2
ThroughTheLookingGlass,fantasy,trigrams,said alice still,2
ThroughTheLookingGlass,fantasy,trigrams,get somewhere else,2
ThroughTheLookingGlass,fantasy,trigrams,said alice quite,2
ThroughTheLookingGlass,fantasy,trigrams,alice thought would,2
ThroughTheLookingGlass,fantasy,trigrams,queen alice know,2
ThroughTheLookingGlass,fantasy,trigrams,alice know say,2
ThroughTheLookingGlass,fantasy,trigrams,say good bye,2
ThroughTheLookingGlass,fantasy,trigrams,way eighth square,2
ThroughTheLookingGlass,fantasy,trigrams,thought alice way,2
ThroughTheLookingGlass,fantasy,trigrams,song thought alice,2
ThroughTheLookingGlass,fantasy,trigrams,ought know way,2
ThroughTheLookingGlass,fantasy,trigrams,alice said rather,2
ThroughTheLookingGlass,fantasy,trigrams,alice felt little,2
ThroughTheLookingGlass,fantasy,trigrams,alice great curiosity,2
ThroughTheLookingGlass,fantasy,trigrams,said gnat alice,2
ThroughTheLookingGlass,fantasy,trigrams,alice said little,2
ThroughTheLookingGlass,fantasy,trigrams,sure said alice,2
ThroughTheLookingGlass,fantasy,trigrams,alice said hand,2
ThroughTheLookingGlass,fantasy,trigrams,think said alice,2
ThroughTheLookingGlass,fantasy,trigrams,alice stood looking,2
ThroughTheLookingGlass,fantasy,trigrams,believe said alice,2
ThroughTheLookingGlass,fantasy,trigrams,alice said afterwards,2
ThroughTheLookingGlass,fantasy,trigrams,alice said doubtfully,2
ThroughTheLookingGlass,fantasy,trigrams,said alice see,2
ThroughTheLookingGlass,fantasy,trigrams,mean alice said,2
ThroughTheLookingGlass,fantasy,trigrams,alice said indignantly,2
ThroughTheLookingGlass,fantasy,trigrams,course said alice,2
ThroughTheLookingGlass,fantasy,trigrams,way alice said,2
ThroughTheLookingGlass,fantasy,trigrams,would better alice,2
ThroughTheLookingGlass,fantasy,trigrams,said alice would,2
ThroughTheLookingGlass,fantasy,trigrams,said alice better,2
ThroughTheLookingGlass,fantasy,trigrams,alice beginning say,2
ThroughTheLookingGlass,fantasy,trigrams,alice could help,2
ThroughTheLookingGlass,fantasy,trigrams,across little brook,2
ThroughTheLookingGlass,fantasy,trigrams,said alice said,2
ThroughTheLookingGlass,fantasy,trigrams,good long way,2
ThroughTheLookingGlass,fantasy,trigrams,alice much puzzled,2
ThroughTheLookingGlass,fantasy,trigrams,much said alice,2
ThroughTheLookingGlass,fantasy,trigrams,alice got behind,2
ThroughTheLookingGlass,fantasy,trigrams,king young lady,2
ThroughTheLookingGlass,fantasy,trigrams,lion unicorn fighting,2
ThroughTheLookingGlass,fantasy,trigrams,alice turned round,2
ThroughTheLookingGlass,fantasy,trigrams,dream red king,2
ThroughTheLookingGlass,fantasy,trigrams,said red knight,2
ThroughTheLookingGlass,fantasy,trigrams,alice thought never,2
ThroughTheLookingGlass,fantasy,trigrams,great art riding,2
ThroughTheLookingGlass,fantasy,trigrams,said alice well,2
ThroughTheLookingGlass,fantasy,trigrams,drink noble health,2
ThroughTheLookingGlass,fantasy,trigrams,said alice always,2
ThroughTheLookingGlass,fantasy,trigrams,two red queen,2
ThroughTheLookingGlass,fantasy,trigrams,queen said alice,2
ThroughTheLookingGlass,fantasy,trigrams,alice beginning red,2
ThroughTheLookingGlass,fantasy,trigrams,beginning red queen,2
ThroughTheLookingGlass,fantasy,trigrams,red queen interrupted,2
ThroughTheLookingGlass,fantasy,trigrams,said said red,2
ThroughTheLookingGlass,fantasy,trigrams,know said red,2
ThroughTheLookingGlass,fantasy,trigrams,time red queen,2
ThroughTheLookingGlass,fantasy,trigrams,red queen went,2
ThroughTheLookingGlass,fantasy,trigrams,head alice shoulder,2
ThroughTheLookingGlass,fantasy,trigrams,white queen alice,2
ThroughTheLookingGlass,fantasy,trigrams,welcome queen alice,2
ThroughTheLookingGlass,fantasy,trigrams,please alice said,2
ThroughTheLookingGlass,fantasy,trigrams,looking glass alice,1
ThroughTheLookingGlass,fantasy,trigrams,glass alice found,1
ThroughTheLookingGlass,fantasy,trigrams,alice found lewis,1
ThroughTheLookingGlass,fantasy,trigrams,found lewis millennium,1
ThroughTheLookingGlass,fantasy,trigrams,lewis millennium fulcrum,1
ThroughTheLookingGlass,fantasy,trigrams,game white red,1
ThroughTheLookingGlass,fantasy,trigrams,white red tweedledee,1
ThroughTheLookingGlass,fantasy,trigrams,red tweedledee daisy,1
ThroughTheLookingGlass,fantasy,trigrams,tweedledee daisy daisy,1
ThroughTheLookingGlass,fantasy,trigrams,daisy daisy humpty,1
ThroughTheLookingGlass,fantasy,trigrams,daisy humpty unicorn,1
ThroughTheLookingGlass,fantasy,trigrams,walrus queen lily,1
ThroughTheLookingGlass,fantasy,trigrams,queen lily tiger,1
ThroughTheLookingGlass,fantasy,trigrams,lily tiger lily,1
ThroughTheLookingGlass,fantasy,trigrams,tiger lily queen,1
ThroughTheLookingGlass,fantasy,trigrams,lily queen king,1
ThroughTheLookingGlass,fantasy,trigrams,queen king fawn,1
ThroughTheLookingGlass,fantasy,trigrams,king fawn rose,1
ThroughTheLookingGlass,fantasy,trigrams,fawn rose king,1
ThroughTheLookingGlass,fantasy,trigrams,rose king aged,1
ThroughTheLookingGlass,fantasy,trigrams,king aged man,1
ThroughTheLookingGlass,fantasy,trigrams,knight tweedledum daisy,1
ThroughTheLookingGlass,fantasy,trigrams,tweedledum daisy daisy,1
ThroughTheLookingGlass,fantasy,trigrams,daisy daisy lion,1
ThroughTheLookingGlass,fantasy,trigrams,daisy lion red,1
ThroughTheLookingGlass,fantasy,trigrams,lion red illustration,1
ThroughTheLookingGlass,fantasy,trigrams,red illustration chessboard,1
ThroughTheLookingGlass,fantasy,trigrams,white pawn alice,1
ThroughTheLookingGlass,fantasy,trigrams,pawn alice play,1
ThroughTheLookingGlass,fantasy,trigrams,alice play win,1
ThroughTheLookingGlass,fantasy,trigrams,play win eleven,1
ThroughTheLookingGlass,fantasy,trigrams,win eleven alice,1
ThroughTheLookingGlass,fantasy,trigrams,eleven alice th,1
ThroughTheLookingGlass,fantasy,trigrams,alice th alice,1
ThroughTheLookingGlass,fantasy,trigrams,th alice railway,1
ThroughTheLookingGlass,fantasy,trigrams,alice railway th,1
ThroughTheLookingGlass,fantasy,trigrams,th shawl alice,1
ThroughTheLookingGlass,fantasy,trigrams,shawl alice shawl,1
ThroughTheLookingGlass,fantasy,trigrams,alice shawl th,1
ThroughTheLookingGlass,fantasy,trigrams,becomes sheep alice,1
ThroughTheLookingGlass,fantasy,trigrams,sheep alice th,1
ThroughTheLookingGlass,fantasy,trigrams,alice th shop,1
ThroughTheLookingGlass,fantasy,trigrams,egg shelf alice,1
ThroughTheLookingGlass,fantasy,trigrams,shelf alice th,1
ThroughTheLookingGlass,fantasy,trigrams,alice th humpty,1
ThroughTheLookingGlass,fantasy,trigrams,th flying alice,1
ThroughTheLookingGlass,fantasy,trigrams,flying alice th,1
ThroughTheLookingGlass,fantasy,trigrams,alice th forest,1
ThroughTheLookingGlass,fantasy,trigrams,th forest th,1
ThroughTheLookingGlass,fantasy,trigrams,forest th alice,1
ThroughTheLookingGlass,fantasy,trigrams,th alice th,1
ThroughTheLookingGlass,fantasy,trigrams,alice th coronation,1
ThroughTheLookingGlass,fantasy,trigrams,coronation examination alice,1
ThroughTheLookingGlass,fantasy,trigrams,examination alice becomes,1
ThroughTheLookingGlass,fantasy,trigrams,alice becomes queen,1
ThroughTheLookingGlass,fantasy,trigrams,queen castle alice,1
ThroughTheLookingGlass,fantasy,trigrams,castle alice feast,1
ThroughTheLookingGlass,fantasy,trigrams,alice feast th,1
ThroughTheLookingGlass,fantasy,trigrams,th soup alice,1
ThroughTheLookingGlass,fantasy,trigrams,soup alice child,1
ThroughTheLookingGlass,fantasy,trigrams,alice child pure,1
ThroughTheLookingGlass,fantasy,trigrams,surely hail love,1
ThroughTheLookingGlass,fantasy,trigrams,hail love gift,1
ThroughTheLookingGlass,fantasy,trigrams,love gift fairy,1
ThroughTheLookingGlass,fantasy,trigrams,seen thy sunny,1
ThroughTheLookingGlass,fantasy,trigrams,thy sunny face,1
ThroughTheLookingGlass,fantasy,trigrams,sunny face thy,1
ThroughTheLookingGlass,fantasy,trigrams,enough thou wilt,1
ThroughTheLookingGlass,fantasy,trigrams,thou wilt fail,1
ThroughTheLookingGlass,fantasy,trigrams,wilt fail listen,1
ThroughTheLookingGlass,fantasy,trigrams,envious would say,1
ThroughTheLookingGlass,fantasy,trigrams,would say forget,1
ThroughTheLookingGlass,fantasy,trigrams,say forget come,1
ThroughTheLookingGlass,fantasy,trigrams,blinding snow storm,1
ThroughTheLookingGlass,fantasy,trigrams,snow storm wind,1
ThroughTheLookingGlass,fantasy,trigrams,storm wind moody,1
ThroughTheLookingGlass,fantasy,trigrams,within firelight ruddy,1
ThroughTheLookingGlass,fantasy,trigrams,firelight ruddy glow,1
ThroughTheLookingGlass,fantasy,trigrams,ruddy glow childhood,1
ThroughTheLookingGlass,fantasy,trigrams,blast though shadow,1
ThroughTheLookingGlass,fantasy,trigrams,though shadow sigh,1
ThroughTheLookingGlass,fantasy,trigrams,shadow sigh may,1
ThroughTheLookingGlass,fantasy,trigrams,sigh may tremble,1
ThroughTheLookingGlass,fantasy,trigrams,may tremble story,1
ThroughTheLookingGlass,fantasy,trigrams,tremble story happy,1
ThroughTheLookingGlass,fantasy,trigrams,story happy summer,1
ThroughTheLookingGlass,fantasy,trigrams,happy summer days,1
ThroughTheLookingGlass,fantasy,trigrams,vanish summer glory,1
ThroughTheLookingGlass,fantasy,trigrams,summer glory shall,1
ThroughTheLookingGlass,fantasy,trigrams,glory shall touch,1
ThroughTheLookingGlass,fantasy,trigrams,humpty chapter lion,1
ThroughTheLookingGlass,fantasy,trigrams,lion unicorn chapter,1
ThroughTheLookingGlass,fantasy,trigrams,queen alice chapter,1
ThroughTheLookingGlass,fantasy,trigrams,alice chapter shaking,1
ThroughTheLookingGlass,fantasy,trigrams,washed old cat,1
ThroughTheLookingGlass,fantasy,trigrams,old cat last,1
ThroughTheLookingGlass,fantasy,trigrams,cat last quarter,1
ThroughTheLookingGlass,fantasy,trigrams,well considering see,1
ThroughTheLookingGlass,fantasy,trigrams,considering see hand,1
ThroughTheLookingGlass,fantasy,trigrams,see hand mischief,1
ThroughTheLookingGlass,fantasy,trigrams,hand mischief way,1
ThroughTheLookingGlass,fantasy,trigrams,mischief way dinah,1
ThroughTheLookingGlass,fantasy,trigrams,way dinah washed,1
ThroughTheLookingGlass,fantasy,trigrams,dinah washed first,1
ThroughTheLookingGlass,fantasy,trigrams,face wrong way,1
ThroughTheLookingGlass,fantasy,trigrams,wrong way beginning,1
ThroughTheLookingGlass,fantasy,trigrams,way beginning nose,1
GrimmsFairyTales,fantasy,unigrams,king,368
GrimmsFairyTales,fantasy,unigrams,saw,183
GrimmsFairyTales,fantasy,unigrams,see,155
GrimmsFairyTales,fantasy,unigrams,way,148
GrimmsFairyTales,fantasy,unigrams,hans,125
GrimmsFairyTales,fantasy,unigrams,bird,121
GrimmsFairyTales,fantasy,unigrams,son,115
GrimmsFairyTales,fantasy,unigrams,gretel,98
GrimmsFairyTales,fantasy,unigrams,red,92
GrimmsFairyTales,fantasy,unigrams,cat,89
GrimmsFairyTales,fantasy,unigrams,fox,89
GrimmsFairyTales,fantasy,unigrams,forest,85
GrimmsFairyTales,fantasy,unigrams,may,83
GrimmsFairyTales,fantasy,unigrams,wood,82
GrimmsFairyTales,fantasy,unigrams,lay,82
GrimmsFairyTales,fantasy,unigrams,wolf,72
GrimmsFairyTales,fantasy,unigrams,tailor,69
GrimmsFairyTales,fantasy,unigrams,prince,68
GrimmsFairyTales,fantasy,unigrams,bride,56
GrimmsFairyTales,fantasy,unigrams,rose,54
GrimmsFairyTales,fantasy,unigrams,say,54
GrimmsFairyTales,fantasy,unigrams,hansel,47
GrimmsFairyTales,fantasy,unigrams,bear,45
GrimmsFairyTales,fantasy,unigrams,carry,40
GrimmsFairyTales,fantasy,unigrams,drew,36
GrimmsFairyTales,fantasy,unigrams,tom,30
GrimmsFairyTales,fantasy,unigrams,goose,29
GrimmsFairyTales,fantasy,unigrams,joy,29
GrimmsFairyTales,fantasy,unigrams,lion,28
GrimmsFairyTales,fantasy,unigrams,shepherd,28
GrimmsFairyTales,fantasy,unigrams,merry,27
GrimmsFairyTales,fantasy,unigrams,wait,27
GrimmsFairyTales,fantasy,unigrams,frederick,26
GrimmsFairyTales,fantasy,unigrams,happy,25
GrimmsFairyTales,fantasy,unigrams,town,23
GrimmsFairyTales,fantasy,unigrams,rich,21
GrimmsFairyTales,fantasy,unigrams,royal,21
GrimmsFairyTales,fantasy,unigrams,else,21
GrimmsFairyTales,fantasy,unigrams,raven,20
GrimmsFairyTales,fantasy,unigrams,flower,20
GrimmsFairyTales,fantasy,unigrams,gardener,19
GrimmsFairyTales,fantasy,unigrams,glad,19
GrimmsFairyTales,fantasy,unigrams,catherine,18
GrimmsFairyTales,fantasy,unigrams,carter,18
GrimmsFairyTales,fantasy,unigrams,marry,18
GrimmsFairyTales,fantasy,unigrams,art,17
GrimmsFairyTales,fantasy,unigrams,love,17
GrimmsFairyTales,fantasy,unigrams,roland,16
GrimmsFairyTales,fantasy,unigrams,hill,16
GrimmsFairyTales,fantasy,bigrams,little tailor,33
GrimmsFairyTales,fantasy,bigrams,king daughter,31
GrimmsFairyTales,fantasy,bigrams,red cap,29
GrimmsFairyTales,fantasy,bigrams,king son,29
GrimmsFairyTales,fantasy,bigrams,king said,26
GrimmsFairyTales,fantasy,bigrams,little red,20
GrimmsFairyTales,fantasy,bigrams,rose red,19
GrimmsFairyTales,fantasy,bigrams,went way,17
GrimmsFairyTales,fantasy,bigrams,old king,17
GrimmsFairyTales,fantasy,bigrams,said king,17
GrimmsFairyTales,fantasy,bigrams,cat skin,16
GrimmsFairyTales,fantasy,bigrams,mr fox,14
GrimmsFairyTales,fantasy,bigrams,hans gretel,14
GrimmsFairyTales,fantasy,bigrams,hans hans,13
GrimmsFairyTales,fantasy,bigrams,iron hans,12
GrimmsFairyTales,fantasy,bigrams,fox said,12
GrimmsFairyTales,fantasy,bigrams,find way,12
GrimmsFairyTales,fantasy,bigrams,gretel good,12
GrimmsFairyTales,fantasy,bigrams,mrs fox,11
GrimmsFairyTales,fantasy,bigrams,said prince,11
GrimmsFairyTales,fantasy,bigrams,beautiful bird,11
GrimmsFairyTales,fantasy,bigrams,gretel hans,11
GrimmsFairyTales,fantasy,bigrams,golden bird,10
GrimmsFairyTales,fantasy,bigrams,hansel gretel,10
GrimmsFairyTales,fantasy,bigrams,king grisly,10
GrimmsFairyTales,fantasy,bigrams,went king,10
GrimmsFairyTales,fantasy,bigrams,king ordered,10
GrimmsFairyTales,fantasy,bigrams,king came,10
GrimmsFairyTales,fantasy,bigrams,little son,10
GrimmsFairyTales,fantasy,bigrams,hazel tree,10
GrimmsFairyTales,fantasy,bigrams,willow wren,9
GrimmsFairyTales,fantasy,bigrams,sweetheart roland,9
GrimmsFairyTales,fantasy,bigrams,said hans,9
GrimmsFairyTales,fantasy,bigrams,said cat,9
GrimmsFairyTales,fantasy,bigrams,drew near,9
GrimmsFairyTales,fantasy,bigrams,king queen,9
GrimmsFairyTales,fantasy,bigrams,see said,9
GrimmsFairyTales,fantasy,bigrams,could see,9
GrimmsFairyTales,fantasy,bigrams,son said,9
GrimmsFairyTales,fantasy,bigrams,white rose,8
GrimmsFairyTales,fantasy,bigrams,said may,8
GrimmsFairyTales,fantasy,bigrams,bird said,8
GrimmsFairyTales,fantasy,bigrams,said hansel,8
GrimmsFairyTales,fantasy,bigrams,given gretel,8
GrimmsFairyTales,fantasy,bigrams,morning king,8
GrimmsFairyTales,fantasy,bigrams,briar rose,7
GrimmsFairyTales,fantasy,bigrams,bird came,7
GrimmsFairyTales,fantasy,bigrams,little way,7
GrimmsFairyTales,fantasy,bigrams,came saw,7
GrimmsFairyTales,fantasy,bigrams,may go,7
GrimmsFairyTales,fantasy,bigrams,went forest,7
GrimmsFairyTales,fantasy,bigrams,way home,7
GrimmsFairyTales,fantasy,bigrams,go forest,7
GrimmsFairyTales,fantasy,bigrams,bird flew,7
GrimmsFairyTales,fantasy,bigrams,away hans,7
GrimmsFairyTales,fantasy,bigrams,white dove,7
GrimmsFairyTales,fantasy,bigrams,mother hans,7
GrimmsFairyTales,fantasy,bigrams,king golden,6
GrimmsFairyTales,fantasy,bigrams,eldest son,6
GrimmsFairyTales,fantasy,bigrams,second son,6
GrimmsFairyTales,fantasy,bigrams,way came,6
GrimmsFairyTales,fantasy,bigrams,said fox,6
GrimmsFairyTales,fantasy,bigrams,home king,6
GrimmsFairyTales,fantasy,bigrams,never see,6
GrimmsFairyTales,fantasy,bigrams,go see,6
GrimmsFairyTales,fantasy,bigrams,thou art,6
GrimmsFairyTales,fantasy,bigrams,king twelve,6
GrimmsFairyTales,fantasy,bigrams,king saw,6
GrimmsFairyTales,fantasy,bigrams,said tailor,6
GrimmsFairyTales,fantasy,bigrams,king sent,6
GrimmsFairyTales,fantasy,bigrams,well hans,6
GrimmsFairyTales,fantasy,bigrams,hans comes,6
GrimmsFairyTales,fantasy,bigrams,comes gretel,6
GrimmsFairyTales,fantasy,bigrams,day gretel,6
GrimmsFairyTales,fantasy,bigrams,day hans,6
GrimmsFairyTales,fantasy,bigrams,evening hans,6
GrimmsFairyTales,fantasy,bigrams,gretel take,6
GrimmsFairyTales,fantasy,bigrams,gretel give,6
GrimmsFairyTales,fantasy,bigrams,done hans,6
GrimmsFairyTales,fantasy,bigrams,star gazer,6
GrimmsFairyTales,fantasy,bigrams,king however,6
GrimmsFairyTales,fantasy,bigrams,gardener boy,6
GrimmsFairyTales,fantasy,bigrams,brought king,5
GrimmsFairyTales,fantasy,bigrams,said see,5
GrimmsFairyTales,fantasy,bigrams,old fox,5
GrimmsFairyTales,fantasy,bigrams,fox came,5
GrimmsFairyTales,fantasy,bigrams,long way,5
GrimmsFairyTales,fantasy,bigrams,saw afar,5
GrimmsFairyTales,fantasy,bigrams,great way,5
GrimmsFairyTales,fantasy,bigrams,said wolf,5
GrimmsFairyTales,fantasy,bigrams,came king,5
GrimmsFairyTales,fantasy,bigrams,prince said,5
GrimmsFairyTales,fantasy,bigrams,king land,5
GrimmsFairyTales,fantasy,bigrams,royal palace,5
GrimmsFairyTales,fantasy,bigrams,nothing else,5
GrimmsFairyTales,fantasy,bigrams,false bride,5
GrimmsFairyTales,fantasy,trigrams,little red cap,17
GrimmsFairyTales,fantasy,trigrams,gretel good day,12
GrimmsFairyTales,fantasy,trigrams,king grisly beard,10
GrimmsFairyTales,fantasy,trigrams,snow white rose,8
GrimmsFairyTales,fantasy,trigrams,white rose red,8
GrimmsFairyTales,fantasy,trigrams,mother little son,8
GrimmsFairyTales,fantasy,trigrams,something given gretel,8
GrimmsFairyTales,fantasy,trigrams,tree beautiful bird,7
GrimmsFairyTales,fantasy,trigrams,next morning king,7
GrimmsFairyTales,fantasy,trigrams,old mr fox,7
GrimmsFairyTales,fantasy,trigrams,whither away hans,6
GrimmsFairyTales,fantasy,trigrams,behave well hans,6
GrimmsFairyTales,fantasy,trigrams,well mother hans,6
GrimmsFairyTales,fantasy,trigrams,mother hans hans,6
GrimmsFairyTales,fantasy,trigrams,hans hans comes,6
GrimmsFairyTales,fantasy,trigrams,hans comes gretel,6
GrimmsFairyTales,fantasy,trigrams,comes gretel good,6
GrimmsFairyTales,fantasy,trigrams,good day gretel,6
GrimmsFairyTales,fantasy,trigrams,day gretel good,6
GrimmsFairyTales,fantasy,trigrams,good day hans,6
GrimmsFairyTales,fantasy,trigrams,given gretel hans,6
GrimmsFairyTales,fantasy,trigrams,good evening hans,6
GrimmsFairyTales,fantasy,trigrams,evening hans gretel,6
GrimmsFairyTales,fantasy,trigrams,hans gretel take,6
GrimmsFairyTales,fantasy,trigrams,gretel take took,6
GrimmsFairyTales,fantasy,trigrams,ill done hans,6
GrimmsFairyTales,fantasy,trigrams,king golden mountain,5
GrimmsFairyTales,fantasy,trigrams,thou queen art,5
GrimmsFairyTales,fantasy,trigrams,little son father,5
GrimmsFairyTales,fantasy,trigrams,son father grieved,5
GrimmsFairyTales,fantasy,trigrams,gretel hans hans,5
GrimmsFairyTales,fantasy,trigrams,gretel give gave,5
GrimmsFairyTales,fantasy,trigrams,away hans gretel,5
GrimmsFairyTales,fantasy,trigrams,hans gretel mother,5
GrimmsFairyTales,fantasy,trigrams,gretel mother behave,5
GrimmsFairyTales,fantasy,trigrams,fox came said,4
GrimmsFairyTales,fantasy,trigrams,go cellar see,4
GrimmsFairyTales,fantasy,trigrams,well hans oh,4
GrimmsFairyTales,fantasy,trigrams,hans oh behave,4
GrimmsFairyTales,fantasy,trigrams,day hans good,4
GrimmsFairyTales,fantasy,trigrams,hans good thing,4
GrimmsFairyTales,fantasy,trigrams,white dove said,4
GrimmsFairyTales,fantasy,trigrams,seen white dove,4
GrimmsFairyTales,fantasy,trigrams,mouse bird sausage,3
GrimmsFairyTales,fantasy,trigrams,could find way,3
GrimmsFairyTales,fantasy,trigrams,said never see,3
GrimmsFairyTales,fantasy,trigrams,came king son,3
GrimmsFairyTales,fantasy,trigrams,king son soon,3
GrimmsFairyTales,fantasy,trigrams,old king said,3
GrimmsFairyTales,fantasy,trigrams,thy true love,3
GrimmsFairyTales,fantasy,trigrams,true love mind,3
GrimmsFairyTales,fantasy,trigrams,love mind thou,3
GrimmsFairyTales,fantasy,trigrams,thou head bride,3
GrimmsFairyTales,fantasy,trigrams,head bride bride,3
GrimmsFairyTales,fantasy,trigrams,bride bride thou,3
GrimmsFairyTales,fantasy,trigrams,bride thou alas,3
GrimmsFairyTales,fantasy,trigrams,let go er,3
GrimmsFairyTales,fantasy,trigrams,go er away,3
GrimmsFairyTales,fantasy,trigrams,er away whirl,3
GrimmsFairyTales,fantasy,trigrams,lina said never,3
GrimmsFairyTales,fantasy,trigrams,ever said lina,3
GrimmsFairyTales,fantasy,trigrams,little tailor went,3
GrimmsFairyTales,fantasy,trigrams,soon find way,3
GrimmsFairyTales,fantasy,trigrams,saw old woman,3
GrimmsFairyTales,fantasy,trigrams,red cap wolf,3
GrimmsFairyTales,fantasy,trigrams,red cap however,3
GrimmsFairyTales,fantasy,trigrams,peasant pinched raven,3
GrimmsFairyTales,fantasy,trigrams,white snow red,3
GrimmsFairyTales,fantasy,trigrams,snow red blood,3
GrimmsFairyTales,fantasy,trigrams,queen art land,3
GrimmsFairyTales,fantasy,trigrams,get hans child,3
GrimmsFairyTales,fantasy,trigrams,hans child big,3
GrimmsFairyTales,fantasy,trigrams,shake shake hazel,3
GrimmsFairyTales,fantasy,trigrams,shake hazel tree,3
GrimmsFairyTales,fantasy,trigrams,hazel tree gold,3
GrimmsFairyTales,fantasy,trigrams,go home king,3
GrimmsFairyTales,fantasy,trigrams,home king son,3
GrimmsFairyTales,fantasy,trigrams,made prince prince,3
GrimmsFairyTales,fantasy,trigrams,thy bride true,3
GrimmsFairyTales,fantasy,trigrams,bride true one,3
GrimmsFairyTales,fantasy,trigrams,bird sing twice,3
GrimmsFairyTales,fantasy,trigrams,gave something gretel,3
GrimmsFairyTales,fantasy,trigrams,something gretel give,3
GrimmsFairyTales,fantasy,trigrams,father son learnt,3
GrimmsFairyTales,fantasy,trigrams,prince whither fast,3
GrimmsFairyTales,fantasy,trigrams,king daughter said,3
GrimmsFairyTales,fantasy,trigrams,little piece wood,3
GrimmsFairyTales,fantasy,trigrams,morning king came,3
GrimmsFairyTales,fantasy,trigrams,willow wren bear,2
GrimmsFairyTales,fantasy,trigrams,cat mouse partnership,2
GrimmsFairyTales,fantasy,trigrams,valiant little tailor,2
GrimmsFairyTales,fantasy,trigrams,red cap little,2
GrimmsFairyTales,fantasy,trigrams,cap little red,2
GrimmsFairyTales,fantasy,trigrams,little red riding,2
GrimmsFairyTales,fantasy,trigrams,red riding hood,2
GrimmsFairyTales,fantasy,trigrams,wolf seven little,2
GrimmsFairyTales,fantasy,trigrams,wedding mrs fox,2
GrimmsFairyTales,fantasy,trigrams,mrs fox first,2
GrimmsFairyTales,fantasy,trigrams,fox first story,2
GrimmsFairyTales,fantasy,trigrams,bird came flying,2
GrimmsFairyTales,fantasy,trigrams,find golden bird,2
GrimmsFairyTales,fantasy,trigrams,home came wood,2
GrimmsFairyTales,fantasy,trigrams,bird shabby cage,2
GrimmsFairyTales,fantasy,trigrams,fox tail away,2
GrimmsFairyTales,fantasy,trigrams,old fox came,2
GrimmsFairyTales,fantasy,trigrams,king king said,2
GrimmsFairyTales,fantasy,trigrams,king said shall,2
GrimmsFairyTales,fantasy,trigrams,princess horse bird,2
GrimmsFairyTales,fantasy,trigrams,find way get,2
GrimmsFairyTales,fantasy,trigrams,went king told,2
GrimmsFairyTales,fantasy,trigrams,away last penny,2
GrimmsFairyTales,fantasy,trigrams,beautiful purple flower,2
GrimmsFairyTales,fantasy,trigrams,purple flower middle,2
GrimmsFairyTales,fantasy,trigrams,easy said wolf,2
GrimmsFairyTales,fantasy,trigrams,soon afterwards wolf,2
GrimmsFairyTales,fantasy,trigrams,briar rose king,2
GrimmsFairyTales,fantasy,trigrams,country great way,2
GrimmsFairyTales,fantasy,trigrams,briar rose lay,2
GrimmsFairyTales,fantasy,trigrams,cried carter shall,2
GrimmsFairyTales,fantasy,trigrams,carter shall cost,2
GrimmsFairyTales,fantasy,trigrams,could wait longer,2
GrimmsFairyTales,fantasy,trigrams,son soon came,2
GrimmsFairyTales,fantasy,trigrams,king three golden,2
GrimmsFairyTales,fantasy,trigrams,said true saw,2
GrimmsFairyTales,fantasy,trigrams,said fisherman king,2
GrimmsFairyTales,fantasy,trigrams,saw wife sitting,2
GrimmsFairyTales,fantasy,trigrams,yes said king,2
GrimmsFairyTales,fantasy,trigrams,king long time,2
GrimmsFairyTales,fantasy,trigrams,said wolf must,2
GrimmsFairyTales,fantasy,trigrams,earth willow wren,2
GrimmsFairyTales,fantasy,trigrams,willow wren sent,2
GrimmsFairyTales,fantasy,trigrams,could see bottom,2
GrimmsFairyTales,fantasy,trigrams,time drew near,2
GrimmsFairyTales,fantasy,trigrams,royal clothes put,2
GrimmsFairyTales,fantasy,trigrams,went way till,2
GrimmsFairyTales,fantasy,trigrams,care may go,2
GrimmsFairyTales,fantasy,trigrams,king said cannot,2
GrimmsFairyTales,fantasy,trigrams,little goose girl,2
GrimmsFairyTales,fantasy,trigrams,pay mr fox,2
GrimmsFairyTales,fantasy,trigrams,mr fox today,2
GulliversTravels,fantasy,unigrams,king,99
GulliversTravels,fantasy,unigrams,see,80
GulliversTravels,fantasy,unigrams,may,72
GulliversTravels,fantasy,unigrams,saw,71
GulliversTravels,fantasy,unigrams,prince,52
GulliversTravels,fantasy,unigrams,way,50
GulliversTravels,fantasy,unigrams,lay,50
GulliversTravels,fantasy,unigrams,town,40
GulliversTravels,fantasy,unigrams,royal,34
GulliversTravels,fantasy,unigrams,say,33
GulliversTravels,fantasy,unigrams,fortune,30
GulliversTravels,fantasy,unigrams,carry,30
GulliversTravels,fantasy,unigrams,miles,29
GulliversTravels,fantasy,unigrams,hope,22
GulliversTravels,fantasy,unigrams,noble,21
GulliversTravels,fantasy,unigrams,west,20
GulliversTravels,fantasy,unigrams,love,20
GulliversTravels,fantasy,unigrams,drew,18
GulliversTravels,fantasy,unigrams,art,18
GulliversTravels,fantasy,bigrams,good fortune,13
GulliversTravels,fantasy,bigrams,could see,12
GulliversTravels,fantasy,bigrams,reader may,11
GulliversTravels,fantasy,bigrams,king queen,9
GulliversTravels,fantasy,bigrams,north west,8
GulliversTravels,fantasy,bigrams,love country,7
GulliversTravels,fantasy,bigrams,south west,7
GulliversTravels,fantasy,bigrams,curiosity see,5
GulliversTravels,fantasy,bigrams,lay ground,5
GulliversTravels,fantasy,bigrams,royal port,5
GulliversTravels,fantasy,bigrams,way living,5
GulliversTravels,fantasy,bigrams,th april,5
GulliversTravels,fantasy,bigrams,say truth,5
GulliversTravels,fantasy,bigrams,may appear,4
GulliversTravels,fantasy,bigrams,royal palace,4
GulliversTravels,fantasy,bigrams,great storm,4
GulliversTravels,fantasy,bigrams,day june,4
GulliversTravels,fantasy,bigrams,good hope,4
GulliversTravels,fantasy,bigrams,drew hanger,4
GulliversTravels,fantasy,bigrams,twenty miles,4
GulliversTravels,fantasy,bigrams,thousand miles,4
GulliversTravels,fantasy,bigrams,desired see,4
GulliversTravels,fantasy,bigrams,king luggnagg,4
GulliversTravels,fantasy,bigrams,could way,3
GulliversTravels,fantasy,bigrams,see author,3
GulliversTravels,fantasy,bigrams,people see,3
GulliversTravels,fantasy,bigrams,royal person,3
GulliversTravels,fantasy,bigrams,may please,3
GulliversTravels,fantasy,bigrams,great prince,3
GulliversTravels,fantasy,bigrams,desire see,3
GulliversTravels,fantasy,bigrams,royal park,3
GulliversTravels,fantasy,trigrams,cape good hope,4
GulliversTravels,fantasy,trigrams,th day june,3
GulliversTravels,fantasy,trigrams,could see nothing,2
GulliversTravels,fantasy,trigrams,pen ink paper,2
GulliversTravels,fantasy,trigrams,every thing saw,2
GulliversTravels,fantasy,trigrams,access royal person,2
GulliversTravels,fantasy,trigrams,reader may please,2
GulliversTravels,fantasy,trigrams,may please observe,2
GulliversTravels,fantasy,trigrams,royal person resolved,2
GulliversTravels,fantasy,trigrams,reader may remember,2
GulliversTravels,fantasy,trigrams,captain john nicholas,2
GulliversTravels,fantasy,trigrams,west south west,2
GulliversTravels,fantasy,trigrams,north west part,2
GulliversTravels,fantasy,trigrams,twenty miles house,2
GulliversTravels,fantasy,trigrams,whether king queen,2
GulliversTravels,fantasy,trigrams,near place lay,2
GulliversTravels,fantasy,trigrams,say upon subject,2
GulliversTravels,fantasy,trigrams,th day august,2
GulliversTravels,fantasy,trigrams,ever good fortune,2
GulliversTravels,fantasy,trigrams,saw nothing country,2
GulliversTravels,fantasy,trigrams,th day may,2
GulliversTravels,fantasy,trigrams,remote world jonathan,1
GulliversTravels,fantasy,trigrams,world jonathan swift,1
GulliversTravels,fantasy,trigrams,jonathan swift dean,1
GulliversTravels,fantasy,trigrams,swift dean st,1
GulliversTravels,fantasy,trigrams,dean st patrick,1
GulliversTravels,fantasy,trigrams,st patrick first,1
GulliversTravels,fantasy,trigrams,patrick first cover,1
GulliversTravels,fantasy,trigrams,author mr lemuel,1
GulliversTravels,fantasy,trigrams,mr lemuel ancient,1
GulliversTravels,fantasy,trigrams,lemuel ancient intimate,1
GulliversTravels,fantasy,trigrams,dwelt yet say,1
GulliversTravels,fantasy,trigrams,yet say family,1
GulliversTravels,fantasy,trigrams,say family came,1
GulliversTravels,fantasy,trigrams,one thing say,1
GulliversTravels,fantasy,trigrams,thing say true,1
GulliversTravels,fantasy,trigrams,say true mr,1
GulliversTravels,fantasy,trigrams,advice several worthy,1
GulliversTravels,fantasy,trigrams,several worthy author,1
GulliversTravels,fantasy,trigrams,worthy author permission,1
GulliversTravels,fantasy,trigrams,send world may,1
GulliversTravels,fantasy,trigrams,world may least,1
GulliversTravels,fantasy,trigrams,may least time,1
GulliversTravels,fantasy,trigrams,apprehend mr may,1
GulliversTravels,fantasy,trigrams,mr may little,1
GulliversTravels,fantasy,trigrams,may little dissatisfied,1
GulliversTravels,fantasy,trigrams,hath curiosity see,1
GulliversTravels,fantasy,trigrams,curiosity see whole,1
GulliversTravels,fantasy,trigrams,see whole work,1
GulliversTravels,fantasy,trigrams,first book richard,1
GulliversTravels,fantasy,trigrams,book richard letter,1
GulliversTravels,fantasy,trigrams,richard letter captain,1
GulliversTravels,fantasy,trigrams,written year hope,1
GulliversTravels,fantasy,trigrams,year hope ready,1
GulliversTravels,fantasy,trigrams,hope ready publicly,1
GulliversTravels,fantasy,trigrams,majesty queen anne,1
GulliversTravels,fantasy,trigrams,queen anne pious,1
GulliversTravels,fantasy,trigrams,anne pious glorious,1
Frankenstein,horror,unigrams,may,99
Frankenstein,horror,unigrams,saw,94
Frankenstein,horror,unigrams,elizabeth,92
Frankenstein,horror,unigrams,love,59
Frankenstein,horror,unigrams,justine,55
Frankenstein,horror,unigrams,see,50
Frankenstein,horror,unigrams,hope,50
Frankenstein,horror,unigrams,felix,50
Frankenstein,horror,unigrams,happy,46
Frankenstein,horror,unigrams,joy,42
Frankenstein,horror,unigrams,geneva,36
Frankenstein,horror,unigrams,lay,28
Frankenstein,horror,unigrams,victor,28
Frankenstein,horror,unigrams,town,26
Frankenstein,horror,unigrams,henry,26
Frankenstein,horror,unigrams,wood,26
Frankenstein,horror,unigrams,william,25
Frankenstein,horror,unigrams,say,23
Frankenstein,horror,unigrams,agatha,22
Frankenstein,horror,unigrams,drew,20
Frankenstein,horror,unigrams,son,19
Frankenstein,horror,unigrams,way,18
Frankenstein,horror,unigrams,rose,16
Frankenstein,horror,unigrams,sky,14
Frankenstein,horror,unigrams,ernest,13
Frankenstein,horror,bigrams,dear victor,10
Frankenstein,horror,bigrams,william justine,7
Frankenstein,horror,bigrams,never saw,6
Frankenstein,horror,bigrams,native town,6
Frankenstein,horror,bigrams,poor william,6
Frankenstein,horror,bigrams,first saw,6
Frankenstein,horror,bigrams,august th,4
Frankenstein,horror,bigrams,every hope,4
Frankenstein,horror,bigrams,may easily,4
Frankenstein,horror,bigrams,drew near,4
Frankenstein,horror,bigrams,poor justine,4
Frankenstein,horror,bigrams,gave way,4
Frankenstein,horror,bigrams,gentle agatha,4
Frankenstein,horror,bigrams,elizabeth father,4
Frankenstein,horror,bigrams,dear margaret,3
Frankenstein,horror,bigrams,elizabeth said,3
Frankenstein,horror,bigrams,father elizabeth,3
Frankenstein,horror,bigrams,elizabeth read,3
Frankenstein,horror,bigrams,return geneva,3
Frankenstein,horror,bigrams,sincerely love,3
Frankenstein,horror,bigrams,may th,3
Frankenstein,horror,bigrams,elizabeth also,3
Frankenstein,horror,bigrams,mont sal,3
Frankenstein,horror,bigrams,justine poor,3
Frankenstein,horror,bigrams,justine innocent,3
Frankenstein,horror,bigrams,said elizabeth,3
Frankenstein,horror,bigrams,make happy,3
Frankenstein,horror,bigrams,felix upon,3
Frankenstein,horror,bigrams,around saw,3
Frankenstein,horror,bigrams,felix agatha,3
Frankenstein,horror,bigrams,sun rose,3
Frankenstein,horror,bigrams,saw change,3
Frankenstein,horror,bigrams,saw boat,3
Frankenstein,horror,bigrams,may remember,2
Frankenstein,horror,bigrams,uncle thomas,2
Frankenstein,horror,bigrams,moderate fortune,2
Frankenstein,horror,bigrams,may never,2
Frankenstein,horror,bigrams,perhaps may,2
Frankenstein,horror,bigrams,love tenderly,2
Frankenstein,horror,bigrams,see native,2
Frankenstein,horror,bigrams,hundred miles,2
Frankenstein,horror,bigrams,noble creature,2
Frankenstein,horror,bigrams,caroline beaufort,2
Frankenstein,horror,bigrams,guardian angel,2
Frankenstein,horror,bigrams,bounding joy,2
Frankenstein,horror,bigrams,magnus paracelsus,2
Frankenstein,horror,bigrams,geneva father,2
Frankenstein,horror,bigrams,elizabeth love,2
Frankenstein,horror,bigrams,happy beloved,2
Frankenstein,horror,bigrams,saw every,2
Frankenstein,horror,bigrams,although may,2
Frankenstein,horror,bigrams,see sweet,2
Frankenstein,horror,bigrams,morning dawn,2
Frankenstein,horror,bigrams,hand elizabeth,2
Frankenstein,horror,bigrams,hope next,2
Frankenstein,horror,bigrams,thought saw,2
Frankenstein,horror,trigrams,drew near close,2
Frankenstein,horror,trigrams,hope sincerely hope,2
Frankenstein,horror,trigrams,following letter elizabeth,2
Frankenstein,horror,trigrams,away return geneva,2
Frankenstein,horror,trigrams,geneva may th,2
Frankenstein,horror,trigrams,every one else,2
Frankenstein,horror,trigrams,modern prometheus mary,1
Frankenstein,horror,trigrams,prometheus mary godwin,1
Frankenstein,horror,trigrams,mary godwin contents,1
Frankenstein,horror,trigrams,godwin contents letter,1
Frankenstein,horror,trigrams,beauty delight margaret,1
Frankenstein,horror,trigrams,delight margaret sun,1
Frankenstein,horror,trigrams,margaret sun ever,1
Frankenstein,horror,trigrams,calm sea may,1
Frankenstein,horror,trigrams,sea may land,1
Frankenstein,horror,trigrams,may land surpassing,1
Frankenstein,horror,trigrams,habitable globe may,1
Frankenstein,horror,trigrams,globe may without,1
Frankenstein,horror,trigrams,may without example,1
Frankenstein,horror,trigrams,undoubtedly undiscovered may,1
Frankenstein,horror,trigrams,undiscovered may country,1
Frankenstein,horror,trigrams,may country eternal,1
Frankenstein,horror,trigrams,eternal light may,1
Frankenstein,horror,trigrams,light may discover,1
Frankenstein,horror,trigrams,may discover wondrous,1
Frankenstein,horror,trigrams,power needle may,1
Frankenstein,horror,trigrams,needle may regulate,1
Frankenstein,horror,trigrams,may regulate thousand,1
Frankenstein,horror,trigrams,world never may,1
Frankenstein,horror,trigrams,never may tread,1
Frankenstein,horror,trigrams,may tread land,1
Frankenstein,horror,trigrams,laborious voyage joy,1
Frankenstein,horror,trigrams,voyage joy child,1
Frankenstein,horror,trigrams,joy child little,1
Frankenstein,horror,trigrams,point soul may,1
Frankenstein,horror,trigrams,soul may fix,1
Frankenstein,horror,trigrams,may fix intellectual,1
Frankenstein,horror,trigrams,surround pole may,1
Frankenstein,horror,trigrams,pole may remember,1
Frankenstein,horror,trigrams,may remember history,1
Frankenstein,horror,trigrams,good uncle thomas,1
Frankenstein,horror,trigrams,uncle thomas library,1
Frankenstein,horror,trigrams,thomas library education,1
Frankenstein,horror,trigrams,obtain niche temple,1
Frankenstein,horror,trigrams,niche temple homer,1
Frankenstein,horror,trigrams,temple homer consecrated,1
Frankenstein,horror,trigrams,homer consecrated well,1
Frankenstein,horror,trigrams,disappointment time fortune,1
Frankenstein,horror,trigrams,time fortune cousin,1
Frankenstein,horror,trigrams,fortune cousin turned,1
Frankenstein,horror,trigrams,consider dear margaret,1
Frankenstein,horror,trigrams,dear margaret deserve,1
Frankenstein,horror,trigrams,margaret deserve accomplish,1
Frankenstein,horror,trigrams,luxury preferred glory,1
Frankenstein,horror,trigrams,preferred glory every,1
Frankenstein,horror,trigrams,glory every enticement,1
Frankenstein,horror,trigrams,depart latter town,1
Frankenstein,horror,trigrams,latter town fortnight,1
Frankenstein,horror,trigrams,town fortnight three,1
Frankenstein,horror,trigrams,sail month june,1
Frankenstein,horror,trigrams,month june shall,1
Frankenstein,horror,trigrams,june shall return,1
Frankenstein,horror,trigrams,perhaps pass may,1
Frankenstein,horror,trigrams,pass may meet,1
Frankenstein,horror,trigrams,may meet fail,1
Frankenstein,horror,trigrams,meet fail see,1
Frankenstein,horror,trigrams,fail see soon,1
CallOfCthulu,horror,unigrams,april,12
CallOfCthulu,horror,unigrams,may,10
CallOfCthulu,horror,unigrams,way,9
CallOfCthulu,horror,unigrams,emma,9
CallOfCthulu,horror,unigrams,saw,8
CallOfCthulu,horror,unigrams,see,7
CallOfCthulu,horror,unigrams,storm,7
CallOfCthulu,horror,unigrams,lay,6
CallOfCthulu,horror,unigrams,sky,5
CallOfCthulu,horror,unigrams,rock,5
CallOfCthulu,horror,unigrams,clay,4
CallOfCthulu,horror,unigrams,case,4
CallOfCthulu,horror,unigrams,west,4
CallOfCthulu,horror,unigrams,tom,4
CallOfCthulu,horror,unigrams,trip,4
CallOfCthulu,horror,unigrams,else,3
CallOfCthulu,horror,unigrams,hill,3
CallOfCthulu,horror,unigrams,fancy,3
CallOfCthulu,horror,unigrams,art,3
CallOfCthulu,horror,unigrams,shadow,3
CallOfCthulu,horror,unigrams,donovan,3
CallOfCthulu,horror,bigrams,storm april,3
CallOfCthulu,horror,bigrams,clay bas,2
CallOfCthulu,horror,bigrams,fancy could,2
CallOfCthulu,horror,bigrams,one case,2
CallOfCthulu,horror,bigrams,th april,2
CallOfCthulu,horror,bigrams,world sky,2
CallOfCthulu,horror,bigrams,april th,2
CallOfCthulu,horror,bigrams,emma sailed,2
CallOfCthulu,horror,bigrams,emma men,2
CallOfCthulu,horror,bigrams,storm earth,2
CallOfCthulu,horror,bigrams,emma crew,2
CallOfCthulu,horror,bigrams,great may,1
CallOfCthulu,horror,bigrams,may conceivably,1
CallOfCthulu,horror,bigrams,mythical algernon,1
CallOfCthulu,horror,bigrams,algernon blackwood,1
CallOfCthulu,horror,bigrams,late francis,1
CallOfCthulu,horror,bigrams,francis boston,1
CallOfCthulu,horror,bigrams,horror clay,1
CallOfCthulu,horror,bigrams,clay merciful,1
CallOfCthulu,horror,bigrams,together case,1
CallOfCthulu,horror,bigrams,case old,1
CallOfCthulu,horror,bigrams,professor hope,1
CallOfCthulu,horror,bigrams,hope one,1
CallOfCthulu,horror,bigrams,one else,1
CallOfCthulu,horror,bigrams,else accomplish,1
CallOfCthulu,horror,bigrams,uncle george,1
CallOfCthulu,horror,bigrams,george professor,1
CallOfCthulu,horror,bigrams,two may,1
CallOfCthulu,horror,bigrams,may many,1
CallOfCthulu,horror,bigrams,steep hill,1
CallOfCthulu,horror,bigrams,hill elderly,1
CallOfCthulu,horror,bigrams,time saw,1
CallOfCthulu,horror,bigrams,saw reason,1
CallOfCthulu,horror,bigrams,queer clay,1
CallOfCthulu,horror,bigrams,uncle way,1
CallOfCthulu,horror,bigrams,way identify,1
CallOfCthulu,horror,bigrams,diseased fancy,1
CallOfCthulu,horror,bigrams,conceive say,1
CallOfCthulu,horror,bigrams,say somewhat,1
CallOfCthulu,horror,trigrams,clay bas relief,2
CallOfCthulu,horror,trigrams,publication great may,1
CallOfCthulu,horror,trigrams,great may conceivably,1
CallOfCthulu,horror,trigrams,may conceivably survival,1
CallOfCthulu,horror,trigrams,memory mythical algernon,1
CallOfCthulu,horror,trigrams,mythical algernon blackwood,1
CallOfCthulu,horror,trigrams,algernon blackwood illustration,1
CallOfCthulu,horror,trigrams,among late francis,1
CallOfCthulu,horror,trigrams,late francis boston,1
CallOfCthulu,horror,trigrams,francis boston horror,1
CallOfCthulu,horror,trigrams,boston horror clay,1
CallOfCthulu,horror,trigrams,horror clay merciful,1
CallOfCthulu,horror,trigrams,clay merciful thing,1
CallOfCthulu,horror,trigrams,piecing together case,1
CallOfCthulu,horror,trigrams,together case old,1
CallOfCthulu,horror,trigrams,case old newspaper,1
CallOfCthulu,horror,trigrams,dead professor hope,1
CallOfCthulu,horror,trigrams,professor hope one,1
CallOfCthulu,horror,trigrams,hope one else,1
CallOfCthulu,horror,trigrams,one else accomplish,1
CallOfCthulu,horror,trigrams,else accomplish piecing,1
CallOfCthulu,horror,trigrams,grand uncle george,1
CallOfCthulu,horror,trigrams,uncle george professor,1
CallOfCthulu,horror,trigrams,george professor emeritus,1
CallOfCthulu,horror,trigrams,ninety two may,1
CallOfCthulu,horror,trigrams,two may many,1
CallOfCthulu,horror,trigrams,may many locally,1
CallOfCthulu,horror,trigrams,ascent steep hill,1
CallOfCthulu,horror,trigrams,steep hill elderly,1
CallOfCthulu,horror,trigrams,hill elderly man,1
CallOfCthulu,horror,trigrams,end time saw,1
CallOfCthulu,horror,trigrams,time saw reason,1
CallOfCthulu,horror,trigrams,saw reason dissent,1
CallOfCthulu,horror,trigrams,meaning queer clay,1
CallOfCthulu,horror,trigrams,queer clay bas,1
CallOfCthulu,horror,trigrams,familiarity uncle way,1
CallOfCthulu,horror,trigrams,uncle way identify,1
CallOfCthulu,horror,trigrams,way identify particular,1
CallOfCthulu,horror,trigrams,form diseased fancy,1
CallOfCthulu,horror,trigrams,diseased fancy could,1
CallOfCthulu,horror,trigrams,fancy could conceive,1
CallOfCthulu,horror,trigrams,could conceive say,1
CallOfCthulu,horror,trigrams,conceive say somewhat,1
CallOfCthulu,horror,trigrams,say somewhat extravagant,1
CallOfCthulu,horror,trigrams,dream work thomas,1
CallOfCthulu,horror,trigrams,work thomas st,1
CallOfCthulu,horror,trigrams,thomas st providence,1
CallOfCthulu,horror,trigrams,narrative inspector john,1
CallOfCthulu,horror,trigrams,inspector john st,1
CallOfCthulu,horror,trigrams,john st new,1
CallOfCthulu,horror,trigrams,new orleans la,1
CallOfCthulu,horror,trigrams,orleans la prof,1
CallOfCthulu,horror,trigrams,la prof manuscript,1
CallOfCthulu,horror,trigrams,theosophical notably scott,1
CallOfCthulu,horror,trigrams,notably scott lost,1
CallOfCthulu,horror,trigrams,scott lost lemuria,1
CallOfCthulu,horror,trigrams,bough miss murray,1
CallOfCthulu,horror,trigrams,miss murray witch,1
CallOfCthulu,horror,trigrams,murray witch cult,1
Dracula,horror,unigrams,may,419
Dracula,horror,unigrams,see,395
Dracula,horror,unigrams,van,323
Dracula,horror,unigrams,lucy,301
Dracula,horror,unigrams,mina,244
Dracula,horror,unigrams,way,229
Dracula,horror,unigrams,saw,219
Dracula,horror,unigrams,jonathan,208
Dracula,horror,unigrams,say,148
Dracula,horror,unigrams,arthur,147
Dracula,horror,unigrams,love,84
Dracula,horror,unigrams,morris,78
Dracula,horror,unigrams,john,76
Dracula,horror,unigrams,red,74
Dracula,horror,unigrams,lay,73
Dracula,horror,unigrams,case,72
Dracula,horror,unigrams,hope,66
Dracula,horror,unigrams,happy,48
Dracula,horror,unigrams,wait,45
Dracula,horror,unigrams,rose,40
Dracula,horror,unigrams,chance,40
Dracula,horror,unigrams,drew,39
Dracula,horror,unigrams,glad,36
Dracula,horror,unigrams,wake,34
Dracula,horror,unigrams,august,32
Dracula,horror,unigrams,hall,32
Dracula,horror,unigrams,else,30
Dracula,horror,unigrams,wolf,28
Dracula,horror,unigrams,dawn,27
Dracula,horror,unigrams,art,26
Dracula,horror,bigrams,could see,103
Dracula,horror,bigrams,madam mina,87
Dracula,horror,bigrams,friend john,60
Dracula,horror,bigrams,mr morris,41
Dracula,horror,bigrams,poor lucy,33
Dracula,horror,bigrams,miss lucy,30
Dracula,horror,bigrams,said van,26
Dracula,horror,bigrams,jonathan journal,25
Dracula,horror,bigrams,van said,22
Dracula,horror,bigrams,mina journal,17
Dracula,horror,bigrams,czarina catherine,17
Dracula,horror,bigrams,mina murray,15
Dracula,horror,bigrams,dear lucy,15
Dracula,horror,bigrams,chapter jonathan,14
Dracula,horror,bigrams,drew back,11
Dracula,horror,bigrams,chapter mina,10
Dracula,horror,bigrams,murray journal,10
Dracula,horror,bigrams,friend jonathan,10
Dracula,horror,bigrams,shall see,10
Dracula,horror,bigrams,said may,10
Dracula,horror,bigrams,see nothing,10
Dracula,horror,bigrams,east cliff,9
Dracula,horror,bigrams,would say,9
Dracula,horror,bigrams,professor van,9
Dracula,horror,bigrams,friend arthur,9
Dracula,horror,bigrams,may come,9
Dracula,horror,bigrams,mina said,9
Dracula,horror,bigrams,see could,8
Dracula,horror,bigrams,one else,8
Dracula,horror,bigrams,could say,8
Dracula,horror,bigrams,may well,8
Dracula,horror,bigrams,hall door,8
Dracula,horror,bigrams,may see,8
Dracula,horror,bigrams,may ask,8
Dracula,horror,bigrams,lucy death,8
Dracula,horror,bigrams,whatever may,8
Dracula,horror,bigrams,cal che,7
Dracula,horror,bigrams,saw something,7
Dracula,horror,bigrams,think may,7
Dracula,horror,bigrams,wait till,7
Dracula,horror,bigrams,see poor,7
Dracula,horror,bigrams,may make,7
Dracula,horror,bigrams,would see,7
Dracula,horror,bigrams,van went,7
Dracula,horror,bigrams,us see,7
Dracula,horror,bigrams,see said,7
Dracula,horror,bigrams,may happen,7
Dracula,horror,bigrams,red scar,7
Dracula,horror,bigrams,see anything,6
Dracula,horror,bigrams,may must,6
Dracula,horror,bigrams,say anything,6
Dracula,horror,bigrams,tate hill,6
Dracula,horror,bigrams,hill pier,6
Dracula,horror,bigrams,lucy room,6
Dracula,horror,bigrams,see hear,6
Dracula,horror,bigrams,may take,6
Dracula,horror,bigrams,came see,6
Dracula,horror,bigrams,lucy face,6
Dracula,horror,bigrams,may yet,6
Dracula,horror,bigrams,took way,6
Dracula,horror,bigrams,lucy mina,5
Dracula,horror,bigrams,lucy diary,5
Dracula,horror,bigrams,sort way,5
Dracula,horror,bigrams,way must,5
Dracula,horror,bigrams,must say,5
Dracula,horror,bigrams,saw us,5
Dracula,horror,bigrams,see even,5
Dracula,horror,bigrams,coming dawn,5
Dracula,horror,bigrams,alone may,5
Dracula,horror,bigrams,let say,5
Dracula,horror,bigrams,count may,5
Dracula,horror,bigrams,see face,5
Dracula,horror,bigrams,may get,5
Dracula,horror,bigrams,may god,5
Dracula,horror,bigrams,may chance,5
Dracula,horror,bigrams,may shall,5
Dracula,horror,bigrams,end may,5
Dracula,horror,bigrams,see us,5
Dracula,horror,bigrams,lucy know,5
Dracula,horror,bigrams,say word,5
Dracula,horror,bigrams,see right,5
Dracula,horror,bigrams,know say,5
Dracula,horror,bigrams,never saw,5
Dracula,horror,bigrams,may know,5
Dracula,horror,bigrams,jonathan must,5
Dracula,horror,bigrams,king cross,5
Dracula,horror,bigrams,sister agatha,5
Dracula,horror,bigrams,want see,5
Dracula,horror,bigrams,lucy mother,5
Dracula,horror,bigrams,van saw,5
Dracula,horror,bigrams,telegram van,5
Dracula,horror,bigrams,van september,5
Dracula,horror,bigrams,silent van,5
Dracula,horror,bigrams,van took,5
Dracula,horror,bigrams,van stepped,5
Dracula,horror,bigrams,one way,5
Dracula,horror,bigrams,went see,5
Dracula,horror,bigrams,room van,5
Dracula,horror,bigrams,come see,5
Dracula,horror,bigrams,lucy sake,5
Dracula,horror,bigrams,may want,5
Dracula,horror,bigrams,said morris,5
Dracula,horror,bigrams,done may,5
Dracula,horror,bigrams,may able,5
Dracula,horror,bigrams,mitchell sons,5
Dracula,horror,bigrams,sons candy,5
Dracula,horror,trigrams,dear madam mina,24
Dracula,horror,trigrams,chapter jonathan journal,14
Dracula,horror,trigrams,mina murray journal,10
Dracula,horror,trigrams,jonathan journal october,9
Dracula,horror,trigrams,oh madam mina,8
Dracula,horror,trigrams,jonathan journal chapter,7
Dracula,horror,trigrams,mina journal september,7
Dracula,horror,trigrams,poor dear lucy,7
Dracula,horror,trigrams,chapter mina murray,6
Dracula,horror,trigrams,tate hill pier,6
Dracula,horror,trigrams,madam mina said,6
Dracula,horror,trigrams,said friend john,5
Dracula,horror,trigrams,lord mr morris,5
Dracula,horror,trigrams,mina journal october,5
Dracula,horror,trigrams,mitchell sons candy,5
Dracula,horror,trigrams,red scar forehead,5
Dracula,horror,trigrams,journal chapter jonathan,4
Dracula,horror,trigrams,murray journal chapter,4
Dracula,horror,trigrams,chapter mina journal,4
Dracula,horror,trigrams,could see nothing,4
Dracula,horror,trigrams,st mary church,4
Dracula,horror,trigrams,could see poor,4
Dracula,horror,trigrams,knock hall door,4
Dracula,horror,trigrams,madam mina shall,4
Dracula,horror,trigrams,madam mina still,4
Dracula,horror,trigrams,us could see,3
Dracula,horror,trigrams,jonathan journal continued,3
Dracula,horror,trigrams,good bye mina,3
Dracula,horror,trigrams,letter lucy mina,3
Dracula,horror,trigrams,robin hood bay,3
Dracula,horror,trigrams,st joseph mary,3
Dracula,horror,trigrams,letter mina lucy,3
Dracula,horror,trigrams,arthur september dear,3
Dracula,horror,trigrams,telegram van september,3
Dracula,horror,trigrams,lucy diary september,3
Dracula,horror,trigrams,friend john shall,3
Dracula,horror,trigrams,oh friend john,3
Dracula,horror,trigrams,said may ask,3
Dracula,horror,trigrams,king laugh come,3
Dracula,horror,trigrams,say good bye,3
Dracula,horror,trigrams,poor lucy death,3
Dracula,horror,trigrams,mr morris lord,3
Dracula,horror,trigrams,said mr morris,3
Dracula,horror,trigrams,madam mina poor,3
Dracula,horror,trigrams,madam mina tell,3
Dracula,horror,trigrams,whatever may happen,3
Dracula,horror,trigrams,friend jonathan go,3
Dracula,horror,trigrams,god alone may,3
Dracula,horror,trigrams,thought see nothing,3
Dracula,horror,trigrams,water level wood,3
Dracula,horror,trigrams,snow could see,3
Dracula,horror,trigrams,chapter cutting august,2
Dracula,horror,trigrams,journal chapter mina,2
Dracula,horror,trigrams,chapter xi lucy,2
Dracula,horror,trigrams,xi lucy diary,2
Dracula,horror,trigrams,diary chapter mina,2
Dracula,horror,trigrams,diary chapter jonathan,2
Dracula,horror,trigrams,diary spoken van,2
Dracula,horror,trigrams,darkness could see,2
Dracula,horror,trigrams,cloud could see,2
Dracula,horror,trigrams,white teeth red,2
Dracula,horror,trigrams,could see even,2
Dracula,horror,trigrams,far could see,2
Dracula,horror,trigrams,streak coming dawn,2
Dracula,horror,trigrams,saw something like,2
Dracula,horror,trigrams,saw whole man,2
Dracula,horror,trigrams,came could see,2
Dracula,horror,trigrams,window could see,2
Dracula,horror,trigrams,could see bolt,2
Dracula,horror,trigrams,though could see,2
Dracula,horror,trigrams,could see could,2
Dracula,horror,trigrams,see could hear,2
Dracula,horror,trigrams,may never meet,2
Dracula,horror,trigrams,could see key,2
Dracula,horror,trigrams,miss mina murray,2
Dracula,horror,trigrams,shall try see,2
Dracula,horror,trigrams,lucy mina murray,2
Dracula,horror,trigrams,lucy know good,2
Dracula,horror,trigrams,dear could say,2
Dracula,horror,trigrams,could say word,2
Dracula,horror,trigrams,morris telegram arthur,2
Dracula,horror,trigrams,murray journal july,2
Dracula,horror,trigrams,murray journal august,2
Dracula,horror,trigrams,could see lucy,2
Dracula,horror,trigrams,could see sign,2
Dracula,horror,trigrams,top could see,2
Dracula,horror,trigrams,lucy sleep walking,2
Dracula,horror,trigrams,say jonathan husband,2
Dracula,horror,trigrams,god st joseph,2
Dracula,horror,trigrams,glad made resolution,2
Dracula,horror,trigrams,saw white figure,2
Dracula,horror,trigrams,could see figure,2
Dracula,horror,trigrams,oh lucy first,2
Dracula,horror,trigrams,lucy first time,2
Dracula,horror,trigrams,poor lucy know,2
Dracula,horror,trigrams,letter hon arthur,2
Dracula,horror,trigrams,hon arthur september,2
Dracula,horror,trigrams,september dear art,2
Dracula,horror,trigrams,van september patient,2
Dracula,horror,trigrams,arthur hoarsely tell,2
Dracula,horror,trigrams,arthur took hand,2
Dracula,horror,trigrams,boy said van,2
Dracula,horror,trigrams,went lucy room,2
Dracula,horror,trigrams,friend john help,2
Dracula,horror,trigrams,back room lucy,2
Dracula,horror,trigrams,let us see,2
Dracula,horror,trigrams,us see said,2
Dracula,horror,trigrams,bring brandy flew,2
Dracula,horror,trigrams,red riding hood,2
Dracula,horror,trigrams,room van said,2
Dracula,horror,trigrams,know friend john,2
Dracula,horror,trigrams,mina lucy unopened,2
Dracula,horror,trigrams,lucy unopened september,2
Dracula,horror,trigrams,unopened september lucy,2
Dracula,horror,trigrams,lucy face could,2
Dracula,horror,trigrams,could see van,2
Dracula,horror,trigrams,arthur oh love,2
Dracula,horror,trigrams,oh love glad,2
Dracula,horror,trigrams,love glad come,2
Dracula,horror,trigrams,took arthur arm,2
Dracula,horror,trigrams,face sobbing way,2
Dracula,horror,trigrams,yet wait see,2
Dracula,horror,trigrams,friend john think,2
Dracula,horror,trigrams,friend john strange,2
Dracula,horror,trigrams,room lucy lay,2
Dracula,horror,trigrams,read miss lucy,2
Dracula,horror,trigrams,night mina journal,2
Dracula,horror,trigrams,friend john good,2
Dracula,horror,trigrams,van mrs september,2
Dracula,horror,trigrams,miss lucy must,2
Dracula,horror,trigrams,mrs van september,2
Dracula,horror,trigrams,dear lucy last,2
Dracula,horror,trigrams,dear jonathan must,2
Dracula,horror,trigrams,look madam mina,2
Dracula,horror,trigrams,said may read,2
Dracula,horror,trigrams,would like see,2
Dracula,horror,trigrams,jonathan journal september,2
Dracula,horror,trigrams,poor miss lucy,2
Dracula,horror,trigrams,miss lucy speak,2
Dracula,horror,trigrams,may ask help,2
Dracula,horror,trigrams,take madam mina,2
Dracula,horror,trigrams,dead miss lucy,2
Dracula,horror,trigrams,may get light,2
Dracula,horror,trigrams,quite see drift,2
Dracula,horror,trigrams,may ask want,2
Dracula,horror,trigrams,face could see,2
Dracula,horror,trigrams,look back see,2
Dracula,horror,trigrams,know poor lucy,2
Dracula,horror,trigrams,wonderful madam mina,2
Dracula,horror,trigrams,may beginning end,2
Dracula,horror,trigrams,dear lucy sake,2
Dracula,horror,trigrams,mr morris looking,2
Dracula,horror,trigrams,station meet van,2
Dracula,horror,trigrams,pray god may,2
Dracula,horror,trigrams,tell madam mina,2
Dracula,horror,trigrams,madam mina friend,2
Dracula,horror,trigrams,mina friend john,2
Dracula,horror,trigrams,friend john husband,2
Dracula,horror,trigrams,mr morris laconically,2
Dracula,horror,trigrams,mr morris took,2
Dracula,horror,trigrams,window miss lucy,2
Dracula,horror,trigrams,know may enter,2
Dracula,horror,trigrams,branch wild rose,2
Dracula,horror,trigrams,night chapter jonathan,2
Dracula,horror,trigrams,true friend john,2
Dracula,horror,trigrams,house could see,2
Dracula,horror,trigrams,could see jonathan,2
Dracula,horror,trigrams,new fangled ware,2
Dracula,horror,trigrams,fangled ware us,2
Dracula,horror,trigrams,poor madam mina,2
Dracula,horror,trigrams,drew back low,2
Dracula,horror,trigrams,van said gravely,2
Dracula,horror,trigrams,mina poor dear,2
Dracula,horror,trigrams,may happen must,2
Dracula,horror,trigrams,time count may,2
Dracula,horror,trigrams,van holding hand,2
Dracula,horror,trigrams,see red scar,2
Dracula,horror,trigrams,may come along,2
Dracula,horror,trigrams,good said van,2
Dracula,horror,trigrams,said van said,2
Dracula,horror,trigrams,may help us,2
Dracula,horror,trigrams,thank god mina,2
Dracula,horror,trigrams,morris lord door,2
Dracula,horror,trigrams,see might seen,2
Dracula,horror,trigrams,madam mina cold,2
Dracula,horror,trigrams,whatever may come,2
Dracula,horror,trigrams,ever come may,2
Dracula,horror,trigrams,see vice consul,2
Dracula,horror,trigrams,varna czarina catherine,2
Dracula,horror,trigrams,man thought see,2
TalesOfPoe,horror,unigrams,say,102
TalesOfPoe,horror,unigrams,may,86
TalesOfPoe,horror,unigrams,lay,68
TalesOfPoe,horror,unigrams,saw,67
TalesOfPoe,horror,unigrams,see,61
TalesOfPoe,horror,unigrams,way,55
TalesOfPoe,horror,unigrams,king,40
TalesOfPoe,horror,unigrams,case,32
TalesOfPoe,horror,unigrams,red,31
TalesOfPoe,horror,unigrams,fancy,29
TalesOfPoe,horror,unigrams,art,28
TalesOfPoe,horror,unigrams,hope,27
TalesOfPoe,horror,unigrams,rock,25
TalesOfPoe,horror,unigrams,shadow,25
TalesOfPoe,horror,unigrams,wilson,24
TalesOfPoe,horror,unigrams,love,23
TalesOfPoe,horror,unigrams,miles,21
TalesOfPoe,horror,unigrams,gray,18
TalesOfPoe,horror,unigrams,cat,17
TalesOfPoe,horror,unigrams,berenice,16
TalesOfPoe,horror,unigrams,west,16
TalesOfPoe,horror,bigrams,said king,21
TalesOfPoe,horror,bigrams,could see,9
TalesOfPoe,horror,bigrams,made way,9
TalesOfPoe,horror,bigrams,upon rock,9
TalesOfPoe,horror,bigrams,william wilson,8
TalesOfPoe,horror,bigrams,black cat,7
TalesOfPoe,horror,bigrams,red death,7
TalesOfPoe,horror,bigrams,lay upon,7
TalesOfPoe,horror,bigrams,may well,5
TalesOfPoe,horror,bigrams,lady madeline,5
TalesOfPoe,horror,bigrams,puff puff,4
TalesOfPoe,horror,bigrams,lay close,4
TalesOfPoe,horror,bigrams,island fay,3
TalesOfPoe,horror,bigrams,say one,3
TalesOfPoe,horror,bigrams,blood red,3
TalesOfPoe,horror,bigrams,red hot,3
TalesOfPoe,horror,bigrams,little cliff,3
TalesOfPoe,horror,bigrams,impossible say,3
TalesOfPoe,horror,bigrams,sir humphrey,3
TalesOfPoe,horror,bigrams,humphrey davy,3
TalesOfPoe,horror,bigrams,god say,3
TalesOfPoe,horror,bigrams,roderick usher,3
TalesOfPoe,horror,bigrams,fancy grew,3
TalesOfPoe,horror,bigrams,ebony clock,3
TalesOfPoe,horror,bigrams,sir thomas,3
TalesOfPoe,horror,bigrams,art thou,3
TalesOfPoe,horror,bigrams,may possibly,3
TalesOfPoe,horror,bigrams,may seem,3
TalesOfPoe,horror,bigrams,west wing,3
TalesOfPoe,horror,bigrams,ruby red,3
TalesOfPoe,horror,bigrams,petrified forest,3
TalesOfPoe,horror,bigrams,forest near,3
TalesOfPoe,horror,bigrams,edgar allan,2
TalesOfPoe,horror,bigrams,allan poe,2
TalesOfPoe,horror,bigrams,masque red,2
TalesOfPoe,horror,bigrams,heart berenice,2
TalesOfPoe,horror,bigrams,well may,2
TalesOfPoe,horror,bigrams,letter may,2
TalesOfPoe,horror,bigrams,way could,2
TalesOfPoe,horror,bigrams,say much,2
TalesOfPoe,horror,bigrams,say mind,2
TalesOfPoe,horror,trigrams,sat upon rock,5
TalesOfPoe,horror,trigrams,hum said king,4
TalesOfPoe,horror,trigrams,lay close within,4
TalesOfPoe,horror,trigrams,sir humphrey davy,3
TalesOfPoe,horror,trigrams,petrified forest near,3
TalesOfPoe,horror,trigrams,edgar allan poe,2
TalesOfPoe,horror,trigrams,masque red death,2
TalesOfPoe,horror,trigrams,black cat think,2
TalesOfPoe,horror,trigrams,blood red streak,2
TalesOfPoe,horror,trigrams,oh said king,2
TalesOfPoe,horror,trigrams,said king among,2
TalesOfPoe,horror,trigrams,ice red hot,2
TalesOfPoe,horror,trigrams,diary sir humphrey,2
TalesOfPoe,horror,trigrams,earnest desire see,2
TalesOfPoe,horror,trigrams,moon lay close,2
TalesOfPoe,horror,trigrams,desert upon rock,2
TalesOfPoe,horror,trigrams,upon rock silence,2
TalesOfPoe,horror,trigrams,la solitude belle,2
TalesOfPoe,horror,trigrams,solitude belle chose,2
TalesOfPoe,horror,trigrams,thee hollow vale,2
TalesOfPoe,horror,trigrams,felt lay upon,2
TalesOfPoe,horror,trigrams,lay upon back,2
TalesOfPoe,horror,trigrams,mixture pure art,2
TalesOfPoe,horror,trigrams,pure art garden,2
TalesOfPoe,horror,trigrams,art garden scene,2
TalesOfPoe,horror,trigrams,could see nothing,2
TalesOfPoe,horror,trigrams,sun made way,2
TalesOfPoe,horror,trigrams,east two west,2
TalesOfPoe,horror,trigrams,ruby red asphodel,2
TalesOfPoe,horror,trigrams,scarlet plumage us,2
TalesOfPoe,horror,trigrams,forest near head,2
TalesOfPoe,horror,trigrams,works edgar allan,1
TalesOfPoe,horror,trigrams,allan poe edgar,1
TalesOfPoe,horror,trigrams,poe edgar allan,1
TalesOfPoe,horror,trigrams,allan poe raven,1
TalesOfPoe,horror,trigrams,poe raven edition,1
TalesOfPoe,horror,trigrams,raven edition volume,1
TalesOfPoe,horror,trigrams,mesmeric revelation case,1
TalesOfPoe,horror,trigrams,revelation case black,1
TalesOfPoe,horror,trigrams,case black cat,1
TalesOfPoe,horror,trigrams,black cat fall,1
TalesOfPoe,horror,trigrams,cat fall house,1
TalesOfPoe,horror,trigrams,fable masque red,1
TalesOfPoe,horror,trigrams,red death cask,1
TalesOfPoe,horror,trigrams,perverse island fay,1
TalesOfPoe,horror,trigrams,island fay assignation,1
TalesOfPoe,horror,trigrams,fay assignation pit,1
TalesOfPoe,horror,trigrams,domain cottage william,1
TalesOfPoe,horror,trigrams,cottage william tell,1
TalesOfPoe,horror,trigrams,william tell tale,1
TalesOfPoe,horror,trigrams,tale heart berenice,1
TalesOfPoe,horror,trigrams,heart berenice second,1
TalesOfPoe,horror,trigrams,berenice second volume,1
TalesOfPoe,horror,trigrams,end letter nil,1
TalesOfPoe,horror,trigrams,letter nil seneca,1
TalesOfPoe,horror,trigrams,nil seneca paris,1
TalesOfPoe,horror,trigrams,dark one gusty,1
TalesOfPoe,horror,trigrams,one gusty evening,1
TalesOfPoe,horror,trigrams,gusty evening autumn,1
TalesOfPoe,horror,trigrams,mystery murder marie,1
TalesOfPoe,horror,trigrams,murder marie rog,1
TalesOfPoe,horror,trigrams,marie rog upon,1
TalesOfPoe,horror,trigrams,rog upon therefore,1
TalesOfPoe,horror,trigrams,nothing assassination way,1
TalesOfPoe,horror,trigrams,assassination way hope,1
TalesOfPoe,horror,trigrams,way hope oh,1
TalesOfPoe,horror,trigrams,hope oh nothing,1
TalesOfPoe,horror,trigrams,steady contemplative puff,1
TalesOfPoe,horror,trigrams,contemplative puff settled,1
TalesOfPoe,horror,trigrams,puff settled chair,1
TalesOfPoe,horror,trigrams,last importance royal,1
TalesOfPoe,horror,trigrams,importance royal individual,1
TalesOfPoe,horror,trigrams,royal individual known,1
TalesOfPoe,horror,trigrams,robber possession say,1
TalesOfPoe,horror,trigrams,possession say must,1
TalesOfPoe,horror,trigrams,say must design,1
DrJekyllAndMrHyde,horror,unigrams,see,47
DrJekyllAndMrHyde,horror,unigrams,way,32
DrJekyllAndMrHyde,horror,unigrams,henry,30
DrJekyllAndMrHyde,horror,unigrams,say,25
DrJekyllAndMrHyde,horror,unigrams,edward,25
DrJekyllAndMrHyde,horror,unigrams,saw,24
DrJekyllAndMrHyde,horror,unigrams,may,22
DrJekyllAndMrHyde,horror,unigrams,case,16
DrJekyllAndMrHyde,horror,unigrams,lay,16
DrJekyllAndMrHyde,horror,unigrams,drew,13
DrJekyllAndMrHyde,horror,unigrams,butler,12
DrJekyllAndMrHyde,horror,unigrams,red,8
DrJekyllAndMrHyde,horror,unigrams,hope,7
DrJekyllAndMrHyde,horror,unigrams,bear,6
DrJekyllAndMrHyde,horror,unigrams,else,5
DrJekyllAndMrHyde,horror,unigrams,harry,5
DrJekyllAndMrHyde,horror,unigrams,fancy,5
DrJekyllAndMrHyde,horror,unigrams,yard,5
DrJekyllAndMrHyde,horror,unigrams,grant,5
DrJekyllAndMrHyde,horror,unigrams,fortune,4
DrJekyllAndMrHyde,horror,unigrams,mark,4
DrJekyllAndMrHyde,horror,unigrams,town,4
DrJekyllAndMrHyde,horror,bigrams,could see,4
DrJekyllAndMrHyde,horror,bigrams,see mr,4
DrJekyllAndMrHyde,horror,bigrams,say sir,4
DrJekyllAndMrHyde,horror,bigrams,never saw,3
DrJekyllAndMrHyde,horror,bigrams,say nothing,3
DrJekyllAndMrHyde,horror,bigrams,want see,3
DrJekyllAndMrHyde,horror,bigrams,drew near,3
DrJekyllAndMrHyde,horror,bigrams,poor harry,3
DrJekyllAndMrHyde,horror,bigrams,said may,3
DrJekyllAndMrHyde,horror,bigrams,wish see,3
DrJekyllAndMrHyde,horror,bigrams,red baize,3
DrJekyllAndMrHyde,horror,bigrams,god grant,3
DrJekyllAndMrHyde,horror,bigrams,said butler,3
DrJekyllAndMrHyde,horror,bigrams,murder case,2
DrJekyllAndMrHyde,horror,bigrams,henry full,2
DrJekyllAndMrHyde,horror,bigrams,statement case,2
DrJekyllAndMrHyde,horror,bigrams,found way,2
DrJekyllAndMrHyde,horror,bigrams,used say,2
DrJekyllAndMrHyde,horror,bigrams,way lay,2
DrJekyllAndMrHyde,horror,bigrams,saw two,2
DrJekyllAndMrHyde,horror,bigrams,prisoner saw,2
DrJekyllAndMrHyde,horror,bigrams,mr see,2
DrJekyllAndMrHyde,horror,bigrams,say one,2
DrJekyllAndMrHyde,horror,bigrams,saw man,2
DrJekyllAndMrHyde,horror,bigrams,see moment,2
DrJekyllAndMrHyde,horror,bigrams,mr way,2
DrJekyllAndMrHyde,horror,bigrams,case disappearance,2
DrJekyllAndMrHyde,horror,bigrams,see little,2
DrJekyllAndMrHyde,horror,bigrams,let see,2
DrJekyllAndMrHyde,horror,bigrams,see face,2
DrJekyllAndMrHyde,horror,bigrams,else said,2
DrJekyllAndMrHyde,horror,bigrams,shall say,2
DrJekyllAndMrHyde,horror,bigrams,lawyer see,2
DrJekyllAndMrHyde,horror,bigrams,every mark,2
DrJekyllAndMrHyde,horror,bigrams,may times,2
DrJekyllAndMrHyde,horror,bigrams,see said,2
DrJekyllAndMrHyde,horror,bigrams,lay floor,2
DrJekyllAndMrHyde,horror,bigrams,across yard,2
DrJekyllAndMrHyde,horror,bigrams,cannot say,2
DrJekyllAndMrHyde,horror,bigrams,see letter,2
DrJekyllAndMrHyde,horror,bigrams,hand edward,2
DrJekyllAndMrHyde,horror,bigrams,dead may,2
DrJekyllAndMrHyde,horror,bigrams,name henry,2
DrJekyllAndMrHyde,horror,bigrams,led way,2
DrJekyllAndMrHyde,horror,bigrams,see sir,2
DrJekyllAndMrHyde,horror,bigrams,may say,2
DrJekyllAndMrHyde,horror,bigrams,think see,2
DrJekyllAndMrHyde,horror,bigrams,name edward,2
DrJekyllAndMrHyde,horror,bigrams,house butler,2
DrJekyllAndMrHyde,horror,bigrams,edward must,2
DrJekyllAndMrHyde,horror,bigrams,body edward,2
DrJekyllAndMrHyde,horror,bigrams,saw life,2
DrJekyllAndMrHyde,horror,bigrams,love life,2
DrJekyllAndMrHyde,horror,bigrams,think glad,2
DrJekyllAndMrHyde,horror,bigrams,strange case,1
DrJekyllAndMrHyde,horror,bigrams,case mr,1
DrJekyllAndMrHyde,horror,bigrams,mr robert,1
DrJekyllAndMrHyde,horror,bigrams,robert louis,1
DrJekyllAndMrHyde,horror,bigrams,louis contents,1
DrJekyllAndMrHyde,horror,bigrams,case incident,1
DrJekyllAndMrHyde,horror,bigrams,narrative henry,1
DrJekyllAndMrHyde,horror,bigrams,case story,1
DrJekyllAndMrHyde,horror,bigrams,long dusty,1
DrJekyllAndMrHyde,horror,bigrams,dusty dreary,1
DrJekyllAndMrHyde,horror,bigrams,way talk,1
DrJekyllAndMrHyde,horror,bigrams,incline cain,1
DrJekyllAndMrHyde,horror,bigrams,cain heresy,1
DrJekyllAndMrHyde,horror,bigrams,say quaintly,1
DrJekyllAndMrHyde,horror,bigrams,devil way,1
DrJekyllAndMrHyde,horror,bigrams,way character,1
DrJekyllAndMrHyde,horror,bigrams,frequently fortune,1
DrJekyllAndMrHyde,horror,bigrams,fortune last,1
DrJekyllAndMrHyde,horror,bigrams,nature mark,1
DrJekyllAndMrHyde,horror,bigrams,mark modest,1
DrJekyllAndMrHyde,horror,bigrams,lawyer way,1
DrJekyllAndMrHyde,horror,bigrams,way blood,1
DrJekyllAndMrHyde,horror,bigrams,like ivy,1
DrJekyllAndMrHyde,horror,bigrams,ivy growth,1
DrJekyllAndMrHyde,horror,bigrams,mr richard,1
DrJekyllAndMrHyde,horror,bigrams,richard distant,1
DrJekyllAndMrHyde,horror,bigrams,man town,1
DrJekyllAndMrHyde,horror,bigrams,town nut,1
DrJekyllAndMrHyde,horror,bigrams,see subject,1
DrJekyllAndMrHyde,horror,bigrams,chief jewel,1
DrJekyllAndMrHyde,horror,bigrams,jewel week,1
DrJekyllAndMrHyde,horror,trigrams,henry full statement,2
DrJekyllAndMrHyde,horror,trigrams,full statement case,2
DrJekyllAndMrHyde,horror,trigrams,said mr see,2
DrJekyllAndMrHyde,horror,trigrams,never saw man,2
DrJekyllAndMrHyde,horror,trigrams,see said lawyer,2
DrJekyllAndMrHyde,horror,trigrams,straight house butler,2
DrJekyllAndMrHyde,horror,trigrams,strange case mr,1
DrJekyllAndMrHyde,horror,trigrams,case mr robert,1
DrJekyllAndMrHyde,horror,trigrams,mr robert louis,1
DrJekyllAndMrHyde,horror,trigrams,robert louis contents,1
DrJekyllAndMrHyde,horror,trigrams,louis contents story,1
DrJekyllAndMrHyde,horror,trigrams,ease murder case,1
DrJekyllAndMrHyde,horror,trigrams,murder case incident,1
DrJekyllAndMrHyde,horror,trigrams,case incident letter,1
DrJekyllAndMrHyde,horror,trigrams,night narrative henry,1
DrJekyllAndMrHyde,horror,trigrams,narrative henry full,1
DrJekyllAndMrHyde,horror,trigrams,statement case story,1
DrJekyllAndMrHyde,horror,trigrams,case story door,1
DrJekyllAndMrHyde,horror,trigrams,lean long dusty,1
DrJekyllAndMrHyde,horror,trigrams,long dusty dreary,1
DrJekyllAndMrHyde,horror,trigrams,dusty dreary yet,1
DrJekyllAndMrHyde,horror,trigrams,never found way,1
DrJekyllAndMrHyde,horror,trigrams,found way talk,1
DrJekyllAndMrHyde,horror,trigrams,way talk spoke,1
DrJekyllAndMrHyde,horror,trigrams,reprove incline cain,1
DrJekyllAndMrHyde,horror,trigrams,incline cain heresy,1
DrJekyllAndMrHyde,horror,trigrams,cain heresy used,1
DrJekyllAndMrHyde,horror,trigrams,heresy used say,1
DrJekyllAndMrHyde,horror,trigrams,used say quaintly,1
DrJekyllAndMrHyde,horror,trigrams,say quaintly let,1
DrJekyllAndMrHyde,horror,trigrams,go devil way,1
DrJekyllAndMrHyde,horror,trigrams,devil way character,1
DrJekyllAndMrHyde,horror,trigrams,way character frequently,1
DrJekyllAndMrHyde,horror,trigrams,character frequently fortune,1
DrJekyllAndMrHyde,horror,trigrams,frequently fortune last,1
DrJekyllAndMrHyde,horror,trigrams,fortune last reputable,1
DrJekyllAndMrHyde,horror,trigrams,good nature mark,1
DrJekyllAndMrHyde,horror,trigrams,nature mark modest,1
DrJekyllAndMrHyde,horror,trigrams,mark modest man,1
DrJekyllAndMrHyde,horror,trigrams,opportunity lawyer way,1
DrJekyllAndMrHyde,horror,trigrams,lawyer way blood,1
DrJekyllAndMrHyde,horror,trigrams,way blood known,1
DrJekyllAndMrHyde,horror,trigrams,known like ivy,1
DrJekyllAndMrHyde,horror,trigrams,like ivy growth,1
DrJekyllAndMrHyde,horror,trigrams,ivy growth time,1
DrJekyllAndMrHyde,horror,trigrams,united mr richard,1
DrJekyllAndMrHyde,horror,trigrams,mr richard distant,1
DrJekyllAndMrHyde,horror,trigrams,richard distant kinsman,1
DrJekyllAndMrHyde,horror,trigrams,known man town,1
DrJekyllAndMrHyde,horror,trigrams,man town nut,1
DrJekyllAndMrHyde,horror,trigrams,town nut crack,1
DrJekyllAndMrHyde,horror,trigrams,two could see,1
DrJekyllAndMrHyde,horror,trigrams,could see subject,1
DrJekyllAndMrHyde,horror,trigrams,see subject could,1
DrJekyllAndMrHyde,horror,trigrams,store chief jewel,1
DrJekyllAndMrHyde,horror,trigrams,chief jewel week,1
DrJekyllAndMrHyde,horror,trigrams,jewel week set,1
DrJekyllAndMrHyde,horror,trigrams,uninterrupted one way,1
DrJekyllAndMrHyde,horror,trigrams,one way led,1
DrJekyllAndMrHyde,horror,trigrams,way led street,1
DrJekyllAndMrHyde,horror,trigrams,veiled florid lay,1
DrJekyllAndMrHyde,horror,trigrams,florid lay comparatively,1
DrJekyllAndMrHyde,horror,trigrams,lay comparatively empty,1
DrJekyllAndMrHyde,horror,trigrams,like fire forest,1
DrJekyllAndMrHyde,horror,trigrams,fire forest freshly,1
DrJekyllAndMrHyde,horror,trigrams,forest freshly painted,1
DrJekyllAndMrHyde,horror,trigrams,door neither bell,1
DrJekyllAndMrHyde,horror,trigrams,neither bell knocker,1
DrJekyllAndMrHyde,horror,trigrams,bell knocker blistered,1
DrJekyllAndMrHyde,horror,trigrams,voice well way,1
DrJekyllAndMrHyde,horror,trigrams,well way returned,1
DrJekyllAndMrHyde,horror,trigrams,way returned mr,1
DrJekyllAndMrHyde,horror,trigrams,winter morning way,1
DrJekyllAndMrHyde,horror,trigrams,morning way lay,1
DrJekyllAndMrHyde,horror,trigrams,way lay part,1
DrJekyllAndMrHyde,horror,trigrams,lay part town,1
DrJekyllAndMrHyde,horror,trigrams,part town literally,1
DrJekyllAndMrHyde,horror,trigrams,town literally nothing,1
DrJekyllAndMrHyde,horror,trigrams,sight policeman saw,1
DrJekyllAndMrHyde,horror,trigrams,policeman saw two,1
DrJekyllAndMrHyde,horror,trigrams,saw two one,1
DrJekyllAndMrHyde,horror,trigrams,hear hellish see,1
DrJekyllAndMrHyde,horror,trigrams,hellish see like,1
DrJekyllAndMrHyde,horror,trigrams,see like man,1
DrJekyllAndMrHyde,horror,trigrams,natural doctor case,1
DrJekyllAndMrHyde,horror,trigrams,doctor case struck,1
DrJekyllAndMrHyde,horror,trigrams,case struck usual,1
PrideAndPrejudice,romance,unigrams,elizabeth,645
PrideAndPrejudice,romance,unigrams,bennet,339
PrideAndPrejudice,romance,unigrams,jane,302
PrideAndPrejudice,romance,unigrams,may,206
PrideAndPrejudice,romance,unigrams,collins,190
PrideAndPrejudice,romance,unigrams,lydia,176
PrideAndPrejudice,romance,unigrams,say,160
PrideAndPrejudice,romance,unigrams,see,153
PrideAndPrejudice,romance,unigrams,catherine,132
PrideAndPrejudice,romance,unigrams,hope,125
PrideAndPrejudice,romance,unigrams,way,115
PrideAndPrejudice,romance,unigrams,love,102
PrideAndPrejudice,romance,unigrams,saw,102
PrideAndPrejudice,romance,unigrams,charlotte,87
PrideAndPrejudice,romance,unigrams,happy,83
PrideAndPrejudice,romance,unigrams,kitty,72
PrideAndPrejudice,romance,unigrams,town,68
PrideAndPrejudice,romance,unigrams,george,47
PrideAndPrejudice,romance,unigrams,marry,46
PrideAndPrejudice,romance,unigrams,william,46
PrideAndPrejudice,romance,unigrams,mary,43
PrideAndPrejudice,romance,unigrams,else,43
PrideAndPrejudice,romance,unigrams,fortune,39
PrideAndPrejudice,romance,unigrams,allen,37
PrideAndPrejudice,romance,unigrams,glad,36
PrideAndPrejudice,romance,unigrams,case,35
PrideAndPrejudice,romance,unigrams,bear,25
PrideAndPrejudice,romance,unigrams,park,23
PrideAndPrejudice,romance,unigrams,son,23
PrideAndPrejudice,romance,unigrams,eliza,23
PrideAndPrejudice,romance,bigrams,mr collins,160
PrideAndPrejudice,romance,bigrams,mrs bennet,160
PrideAndPrejudice,romance,bigrams,lady catherine,122
PrideAndPrejudice,romance,bigrams,mr bennet,92
PrideAndPrejudice,romance,bigrams,miss bennet,67
PrideAndPrejudice,romance,bigrams,said elizabeth,46
PrideAndPrejudice,romance,bigrams,sir william,44
PrideAndPrejudice,romance,bigrams,george allen,37
PrideAndPrejudice,romance,bigrams,copyright george,35
PrideAndPrejudice,romance,bigrams,dare say,30
PrideAndPrejudice,romance,bigrams,mrs collins,29
PrideAndPrejudice,romance,bigrams,elizabeth could,26
PrideAndPrejudice,romance,bigrams,cried elizabeth,23
PrideAndPrejudice,romance,bigrams,miss elizabeth,17
PrideAndPrejudice,romance,bigrams,jane elizabeth,15
PrideAndPrejudice,romance,bigrams,catherine de,15
PrideAndPrejudice,romance,bigrams,elizabeth felt,15
PrideAndPrejudice,romance,bigrams,said jane,14
PrideAndPrejudice,romance,bigrams,elizabeth soon,14
PrideAndPrejudice,romance,bigrams,illustration elizabeth,14
PrideAndPrejudice,romance,bigrams,allen chapter,13
PrideAndPrejudice,romance,bigrams,never saw,12
PrideAndPrejudice,romance,bigrams,kitty lydia,11
PrideAndPrejudice,romance,bigrams,much love,11
PrideAndPrejudice,romance,bigrams,room elizabeth,10
PrideAndPrejudice,romance,bigrams,elizabeth said,10
PrideAndPrejudice,romance,bigrams,bennet could,9
PrideAndPrejudice,romance,bigrams,miss eliza,9
PrideAndPrejudice,romance,bigrams,nothing say,9
PrideAndPrejudice,romance,bigrams,elizabeth would,9
PrideAndPrejudice,romance,bigrams,elizabeth must,9
PrideAndPrejudice,romance,bigrams,elizabeth though,9
PrideAndPrejudice,romance,bigrams,gave way,9
PrideAndPrejudice,romance,bigrams,nothing else,9
PrideAndPrejudice,romance,bigrams,elizabeth saw,9
PrideAndPrejudice,romance,bigrams,could see,9
PrideAndPrejudice,romance,bigrams,elizabeth bennet,8
PrideAndPrejudice,romance,bigrams,elizabeth much,8
PrideAndPrejudice,romance,bigrams,may well,8
PrideAndPrejudice,romance,bigrams,elizabeth never,8
PrideAndPrejudice,romance,bigrams,jane would,8
PrideAndPrejudice,romance,bigrams,could say,8
PrideAndPrejudice,romance,bigrams,could bear,8
PrideAndPrejudice,romance,bigrams,catherine daughter,8
PrideAndPrejudice,romance,bigrams,jane could,8
PrideAndPrejudice,romance,bigrams,mr jane,7
PrideAndPrejudice,romance,bigrams,say something,7
PrideAndPrejudice,romance,bigrams,mr elizabeth,7
PrideAndPrejudice,romance,bigrams,catherine lydia,7
PrideAndPrejudice,romance,bigrams,say nothing,7
PrideAndPrejudice,romance,bigrams,dear jane,7
PrideAndPrejudice,romance,bigrams,bennet would,6
PrideAndPrejudice,romance,bigrams,may ask,6
PrideAndPrejudice,romance,bigrams,see place,6
PrideAndPrejudice,romance,bigrams,see mr,6
PrideAndPrejudice,romance,bigrams,glad see,6
PrideAndPrejudice,romance,bigrams,said lydia,6
PrideAndPrejudice,romance,bigrams,never see,6
PrideAndPrejudice,romance,bigrams,st james,6
PrideAndPrejudice,romance,bigrams,saw mr,6
PrideAndPrejudice,romance,bigrams,anything else,6
PrideAndPrejudice,romance,bigrams,elizabeth found,6
PrideAndPrejudice,romance,bigrams,elizabeth made,6
PrideAndPrejudice,romance,bigrams,elizabeth mind,6
PrideAndPrejudice,romance,bigrams,thought elizabeth,6
PrideAndPrejudice,romance,bigrams,dear lydia,6
PrideAndPrejudice,romance,bigrams,collins mr,5
PrideAndPrejudice,romance,bigrams,give way,5
PrideAndPrejudice,romance,bigrams,may perhaps,5
PrideAndPrejudice,romance,bigrams,made elizabeth,5
PrideAndPrejudice,romance,bigrams,bennet said,5
PrideAndPrejudice,romance,bigrams,good lydia,5
PrideAndPrejudice,romance,bigrams,one elizabeth,5
PrideAndPrejudice,romance,bigrams,way elizabeth,5
PrideAndPrejudice,romance,bigrams,miss king,5
PrideAndPrejudice,romance,bigrams,jane never,5
PrideAndPrejudice,romance,bigrams,pleasure elizabeth,5
PrideAndPrejudice,romance,bigrams,bennet came,5
PrideAndPrejudice,romance,bigrams,see jane,5
PrideAndPrejudice,romance,bigrams,drew near,5
PrideAndPrejudice,romance,bigrams,may depend,5
PrideAndPrejudice,romance,bigrams,elizabeth mr,5
PrideAndPrejudice,romance,bigrams,cannot bear,5
PrideAndPrejudice,romance,bigrams,miss lydia,5
PrideAndPrejudice,romance,bigrams,shall hope,5
PrideAndPrejudice,romance,bigrams,elizabeth however,5
PrideAndPrejudice,romance,bigrams,collins returned,5
PrideAndPrejudice,romance,bigrams,dear charlotte,5
PrideAndPrejudice,romance,bigrams,cried jane,5
PrideAndPrejudice,romance,bigrams,ever saw,5
PrideAndPrejudice,romance,bigrams,elizabeth received,5
PrideAndPrejudice,romance,bigrams,mary kitty,5
PrideAndPrejudice,romance,bigrams,say would,4
PrideAndPrejudice,romance,bigrams,marry mr,4
PrideAndPrejudice,romance,bigrams,lydia bennet,4
PrideAndPrejudice,romance,bigrams,collins could,4
PrideAndPrejudice,romance,bigrams,fall love,4
PrideAndPrejudice,romance,bigrams,see dear,4
PrideAndPrejudice,romance,bigrams,come see,4
PrideAndPrejudice,romance,bigrams,jane look,4
PrideAndPrejudice,romance,bigrams,large fortune,4
PrideAndPrejudice,romance,bigrams,bennet quite,4
PrideAndPrejudice,romance,bigrams,saw anything,4
PrideAndPrejudice,romance,bigrams,said charlotte,4
PrideAndPrejudice,romance,bigrams,elizabeth still,4
PrideAndPrejudice,romance,bigrams,though jane,4
PrideAndPrejudice,romance,bigrams,elizabeth turned,4
PrideAndPrejudice,romance,bigrams,captain carter,4
PrideAndPrejudice,romance,bigrams,jane make,4
PrideAndPrejudice,romance,bigrams,day jane,4
PrideAndPrejudice,romance,bigrams,three miles,4
PrideAndPrejudice,romance,bigrams,perhaps may,4
PrideAndPrejudice,romance,bigrams,saw much,4
PrideAndPrejudice,romance,bigrams,eliza bennet,4
PrideAndPrejudice,romance,bigrams,well elizabeth,4
PrideAndPrejudice,romance,bigrams,sure jane,4
PrideAndPrejudice,romance,bigrams,elizabeth took,4
PrideAndPrejudice,romance,bigrams,elizabeth thought,4
PrideAndPrejudice,romance,bigrams,saw whole,4
PrideAndPrejudice,romance,bigrams,collins elizabeth,4
PrideAndPrejudice,romance,trigrams,copyright george allen,35
PrideAndPrejudice,romance,trigrams,lady catherine de,15
PrideAndPrejudice,romance,trigrams,said mrs bennet,14
PrideAndPrejudice,romance,trigrams,chapter illustration elizabeth,14
PrideAndPrejudice,romance,trigrams,george allen chapter,13
PrideAndPrejudice,romance,trigrams,allen chapter illustration,11
PrideAndPrejudice,romance,trigrams,said mr bennet,10
PrideAndPrejudice,romance,trigrams,lady catherine daughter,8
PrideAndPrejudice,romance,trigrams,dear mr bennet,6
PrideAndPrejudice,romance,trigrams,mr collins mr,5
PrideAndPrejudice,romance,trigrams,miss elizabeth bennet,5
PrideAndPrejudice,romance,trigrams,mr collins returned,5
PrideAndPrejudice,romance,trigrams,dare say would,4
PrideAndPrejudice,romance,trigrams,collins mr collins,4
PrideAndPrejudice,romance,trigrams,mr collins could,4
PrideAndPrejudice,romance,trigrams,mrs bennet quite,4
PrideAndPrejudice,romance,trigrams,miss bennet came,4
PrideAndPrejudice,romance,trigrams,may depend upon,4
PrideAndPrejudice,romance,trigrams,said elizabeth must,4
PrideAndPrejudice,romance,trigrams,elizabeth could help,4
PrideAndPrejudice,romance,trigrams,engaged mr collins,4
PrideAndPrejudice,romance,trigrams,mr collins elizabeth,4
PrideAndPrejudice,romance,trigrams,elizabeth made answer,4
PrideAndPrejudice,romance,trigrams,mr mrs collins,4
PrideAndPrejudice,romance,trigrams,mrs bennet could,4
PrideAndPrejudice,romance,trigrams,mrs bennet would,3
PrideAndPrejudice,romance,trigrams,wife mr collins,3
PrideAndPrejudice,romance,trigrams,dear give way,3
PrideAndPrejudice,romance,trigrams,let us hope,3
PrideAndPrejudice,romance,trigrams,mr mrs bennet,3
PrideAndPrejudice,romance,trigrams,hope mr like,3
PrideAndPrejudice,romance,trigrams,note miss bennet,3
PrideAndPrejudice,romance,trigrams,delighted see dear,3
PrideAndPrejudice,romance,trigrams,see dear friend,3
PrideAndPrejudice,romance,trigrams,much love eloquence,3
PrideAndPrejudice,romance,trigrams,lady catherine said,3
PrideAndPrejudice,romance,trigrams,catherine said given,3
PrideAndPrejudice,romance,trigrams,meeting accidentally town,3
PrideAndPrejudice,romance,trigrams,jane look round,3
PrideAndPrejudice,romance,trigrams,mr bennet wife,3
PrideAndPrejudice,romance,trigrams,sir william lady,3
PrideAndPrejudice,romance,trigrams,illustration mr bennet,3
PrideAndPrejudice,romance,trigrams,never life saw,3
PrideAndPrejudice,romance,trigrams,elizabeth could easily,3
PrideAndPrejudice,romance,trigrams,dear miss eliza,3
PrideAndPrejudice,romance,trigrams,cried mrs bennet,3
PrideAndPrejudice,romance,trigrams,away mrs bennet,3
PrideAndPrejudice,romance,trigrams,sir william mr,3
PrideAndPrejudice,romance,trigrams,day mrs bennet,3
PrideAndPrejudice,romance,trigrams,sir lewis de,3
PrideAndPrejudice,romance,trigrams,mr bennet could,3
PrideAndPrejudice,romance,trigrams,illustration mr collins,3
PrideAndPrejudice,romance,trigrams,mr collins return,3
PrideAndPrejudice,romance,trigrams,nothing lady catherine,3
PrideAndPrejudice,romance,trigrams,dear miss elizabeth,3
PrideAndPrejudice,romance,trigrams,said mr collins,3
PrideAndPrejudice,romance,trigrams,mr collins made,3
PrideAndPrejudice,romance,trigrams,mrs bennet great,3
PrideAndPrejudice,romance,trigrams,ladies copyright george,3
PrideAndPrejudice,romance,trigrams,said lady catherine,3
PrideAndPrejudice,romance,trigrams,said miss bennet,3
PrideAndPrejudice,romance,trigrams,press charles court,2
PrideAndPrejudice,romance,trigrams,charles court chancery,2
PrideAndPrejudice,romance,trigrams,court chancery lane,2
PrideAndPrejudice,romance,trigrams,book mr collins,2
PrideAndPrejudice,romance,trigrams,mrs bennet stirring,2
PrideAndPrejudice,romance,trigrams,bennet stirring fire,2
PrideAndPrejudice,romance,trigrams,know mrs bennet,2
PrideAndPrejudice,romance,trigrams,mr collins really,2
PrideAndPrejudice,romance,trigrams,give way gloomy,2
PrideAndPrejudice,romance,trigrams,way gloomy let,2
PrideAndPrejudice,romance,trigrams,us hope better,2
PrideAndPrejudice,romance,trigrams,hope better let,2
PrideAndPrejudice,romance,trigrams,us flatter may,2
PrideAndPrejudice,romance,trigrams,flatter may survivor,2
PrideAndPrejudice,romance,trigrams,cousin mr collins,2
PrideAndPrejudice,romance,trigrams,may ask whether,2
PrideAndPrejudice,romance,trigrams,came see place,2
PrideAndPrejudice,romance,trigrams,see place mr,2
PrideAndPrejudice,romance,trigrams,mrs bennet two,2
PrideAndPrejudice,romance,trigrams,ladies lady catherine,2
PrideAndPrejudice,romance,trigrams,mr bennet said,2
PrideAndPrejudice,romance,trigrams,mr bennet made,2
PrideAndPrejudice,romance,trigrams,bennet made answer,2
PrideAndPrejudice,romance,trigrams,man large fortune,2
PrideAndPrejudice,romance,trigrams,see place much,2
PrideAndPrejudice,romance,trigrams,dare say mr,2
PrideAndPrejudice,romance,trigrams,bennet copyright george,2
PrideAndPrejudice,romance,trigrams,mr bennet glad,2
PrideAndPrejudice,romance,trigrams,mr bennet visit,2
PrideAndPrejudice,romance,trigrams,mrs bennet credit,2
PrideAndPrejudice,romance,trigrams,mrs bennet whose,2
PrideAndPrejudice,romance,trigrams,eldest miss bennet,2
PrideAndPrejudice,romance,trigrams,dare say agreeable,2
PrideAndPrejudice,romance,trigrams,family mrs bennet,2
PrideAndPrejudice,romance,trigrams,continued mrs bennet,2
PrideAndPrejudice,romance,trigrams,miss bennet could,2
PrideAndPrejudice,romance,trigrams,illustration copyright george,2
PrideAndPrejudice,romance,trigrams,small market town,2
PrideAndPrejudice,romance,trigrams,presentation st james,2
PrideAndPrejudice,romance,trigrams,miss bennet beyond,2
PrideAndPrejudice,romance,trigrams,mrs bennet see,2
PrideAndPrejudice,romance,trigrams,till sir william,2
PrideAndPrejudice,romance,trigrams,mrs bennet pleasure,2
PrideAndPrejudice,romance,trigrams,jane make haste,2
PrideAndPrejudice,romance,trigrams,mr bennet illustration,2
PrideAndPrejudice,romance,trigrams,day said elizabeth,2
PrideAndPrejudice,romance,trigrams,miss eliza bennet,2
PrideAndPrejudice,romance,trigrams,eliza bennet said,2
PrideAndPrejudice,romance,trigrams,bennet said miss,2
PrideAndPrejudice,romance,trigrams,mrs bennet found,2
PrideAndPrejudice,romance,trigrams,think nothing say,2
PrideAndPrejudice,romance,trigrams,remember miss bennet,2
PrideAndPrejudice,romance,trigrams,ask said elizabeth,2
PrideAndPrejudice,romance,trigrams,day two jane,2
PrideAndPrejudice,romance,trigrams,elizabeth turned away,2
PrideAndPrejudice,romance,trigrams,indeed cried elizabeth,2
PrideAndPrejudice,romance,trigrams,elizabeth much attention,2
PrideAndPrejudice,romance,trigrams,miss bennet would,2
PrideAndPrejudice,romance,trigrams,mrs bennet coming,2
PrideAndPrejudice,romance,trigrams,really glad see,2
PrideAndPrejudice,romance,trigrams,cannot bear hear,2
PrideAndPrejudice,romance,trigrams,subject mrs bennet,2
PrideAndPrejudice,romance,trigrams,lady catherine far,2
PrideAndPrejudice,romance,trigrams,mr collins letter,2
PrideAndPrejudice,romance,trigrams,mrs bennet readily,2
PrideAndPrejudice,romance,trigrams,dinner mr collins,2
PrideAndPrejudice,romance,trigrams,mrs bennet assured,2
PrideAndPrejudice,romance,trigrams,dinner mr bennet,2
PrideAndPrejudice,romance,trigrams,lady catherine many,2
PrideAndPrejudice,romance,trigrams,possible mr bennet,2
PrideAndPrejudice,romance,trigrams,seeing miss bennet,2
PrideAndPrejudice,romance,trigrams,go mr collins,2
PrideAndPrejudice,romance,trigrams,mr collins jane,2
PrideAndPrejudice,romance,trigrams,elizabeth related jane,2
PrideAndPrejudice,romance,trigrams,taken mr collins,2
PrideAndPrejudice,romance,trigrams,lady catherine drawing,2
PrideAndPrejudice,romance,trigrams,room elizabeth felt,2
PrideAndPrejudice,romance,trigrams,well miss bennet,2
PrideAndPrejudice,romance,trigrams,going away hope,2
PrideAndPrejudice,romance,trigrams,elizabeth could could,2
PrideAndPrejudice,romance,trigrams,know mr collins,2
PrideAndPrejudice,romance,trigrams,mr collins first,2
PrideAndPrejudice,romance,trigrams,another mr collins,2
PrideAndPrejudice,romance,trigrams,mr collins said,2
PrideAndPrejudice,romance,trigrams,catherine daughter related,2
PrideAndPrejudice,romance,trigrams,elizabeth went away,2
PrideAndPrejudice,romance,trigrams,said elizabeth much,2
PrideAndPrejudice,romance,trigrams,civility mr collins,2
PrideAndPrejudice,romance,trigrams,however mrs bennet,2
PrideAndPrejudice,romance,trigrams,mr collins fortunate,2
PrideAndPrejudice,romance,trigrams,mrs bennet wait,2
PrideAndPrejudice,romance,trigrams,mr collins must,2
PrideAndPrejudice,romance,trigrams,mrs bennet kitty,2
PrideAndPrejudice,romance,trigrams,lady catherine know,2
PrideAndPrejudice,romance,trigrams,lady catherine would,2
PrideAndPrejudice,romance,trigrams,marry mr collins,2
PrideAndPrejudice,romance,trigrams,mr collins say,2
PrideAndPrejudice,romance,trigrams,collins made offer,2
PrideAndPrejudice,romance,trigrams,morning mr collins,2
PrideAndPrejudice,romance,trigrams,room mrs bennet,2
PrideAndPrejudice,romance,trigrams,voice mrs bennet,2
PrideAndPrejudice,romance,trigrams,mr collins dear,2
PrideAndPrejudice,romance,trigrams,time drew near,2
PrideAndPrejudice,romance,trigrams,jane shook head,2
PrideAndPrejudice,romance,trigrams,miss de way,2
PrideAndPrejudice,romance,trigrams,agreed mrs bennet,2
PrideAndPrejudice,romance,trigrams,think hope satisfied,2
PrideAndPrejudice,romance,trigrams,illustration elizabeth sitting,2
PrideAndPrejudice,romance,trigrams,soon mr bennet,2
PrideAndPrejudice,romance,trigrams,think nothing else,2
PrideAndPrejudice,romance,trigrams,mrs bennet many,2
PrideAndPrejudice,romance,trigrams,dare say shall,2
PrideAndPrejudice,romance,trigrams,expect lady catherine,2
PrideAndPrejudice,romance,trigrams,girl miss king,2
PrideAndPrejudice,romance,trigrams,well cried elizabeth,2
PrideAndPrejudice,romance,trigrams,mr collins charlotte,2
PrideAndPrejudice,romance,trigrams,mr collins would,2
PrideAndPrejudice,romance,trigrams,gave charlotte credit,2
PrideAndPrejudice,romance,trigrams,george allen oh,2
PrideAndPrejudice,romance,trigrams,even sir william,2
PrideAndPrejudice,romance,trigrams,mrs collins settled,2
PrideAndPrejudice,romance,trigrams,composedly lady catherine,2
PrideAndPrejudice,romance,trigrams,hear lady catherine,2
PrideAndPrejudice,romance,trigrams,mr collins think,2
PrideAndPrejudice,romance,trigrams,miss bennet little,2
PrideAndPrejudice,romance,trigrams,elizabeth could hardly,2
PrideAndPrejudice,romance,trigrams,mrs collins sat,2
PrideAndPrejudice,romance,trigrams,many sir william,2
PrideAndPrejudice,romance,trigrams,sister town three,2
PrideAndPrejudice,romance,trigrams,see whether would,2
PrideAndPrejudice,romance,trigrams,lady catherine well,2
PrideAndPrejudice,romance,trigrams,lady catherine believe,2
PrideAndPrejudice,romance,trigrams,aunt copyright george,2
PrideAndPrejudice,romance,trigrams,possible way would,2
PrideAndPrejudice,romance,trigrams,think anything else,2
PrideAndPrejudice,romance,trigrams,conceal sister town,2
PrideAndPrejudice,romance,trigrams,console lady catherine,2
PrideAndPrejudice,romance,trigrams,mrs collins glad,2
PrideAndPrejudice,romance,trigrams,soon mrs bennet,2
PrideAndPrejudice,romance,trigrams,lady catherine great,2
PrideAndPrejudice,romance,trigrams,side said jane,2
PrideAndPrejudice,romance,trigrams,elizabeth heartily sorry,2
PrideAndPrejudice,romance,trigrams,said elizabeth never,2
PrideAndPrejudice,romance,trigrams,mrs bennet one,2
PrideAndPrejudice,romance,trigrams,mr bennet saw,2
PrideAndPrejudice,romance,trigrams,elizabeth said little,2
PrideAndPrejudice,romance,trigrams,never saw anything,2
PrideAndPrejudice,romance,trigrams,ever felt way,2
PrideAndPrejudice,romance,trigrams,marriage mrs bennet,2
PrideAndPrejudice,romance,trigrams,cried elizabeth finished,2
PrideAndPrejudice,romance,trigrams,mr bennet return,2
PrideAndPrejudice,romance,trigrams,pursuit mrs bennet,2
PrideAndPrejudice,romance,trigrams,would marry lydia,2
PrideAndPrejudice,romance,trigrams,true said elizabeth,2
PrideAndPrejudice,romance,trigrams,said elizabeth though,2
PrideAndPrejudice,romance,trigrams,aloud mrs bennet,2
PrideAndPrejudice,romance,trigrams,bennet could hardly,2
PrideAndPrejudice,romance,trigrams,dear dear lydia,2
PrideAndPrejudice,romance,trigrams,dear lydia cried,2
PrideAndPrejudice,romance,trigrams,marry daughter would,2
PrideAndPrejudice,romance,trigrams,miss lydia bennet,2
PrideAndPrejudice,romance,trigrams,mr bennet soon,2
PrideAndPrejudice,romance,trigrams,made mrs bennet,2
PrideAndPrejudice,romance,trigrams,wish could say,2
PrideAndPrejudice,romance,trigrams,went town last,2
PrideAndPrejudice,romance,trigrams,mrs bennet sat,2
PrideAndPrejudice,romance,trigrams,illustration george allen,1
PrideAndPrejudice,romance,trigrams,george allen publisher,1
PrideAndPrejudice,romance,trigrams,allen publisher cross,1
PrideAndPrejudice,romance,trigrams,illustration reading jane,1
PrideAndPrejudice,romance,trigrams,reading jane chap,1
PrideAndPrejudice,romance,trigrams,jane chap pride,1
PrideAndPrejudice,romance,trigrams,pride prejudice jane,1
PrideAndPrejudice,romance,trigrams,prejudice jane preface,1
PrideAndPrejudice,romance,trigrams,jane preface george,1
PrideAndPrejudice,romance,trigrams,preface george hugh,1
PrideAndPrejudice,romance,trigrams,george hugh illustration,1
PrideAndPrejudice,romance,trigrams,hugh illustration ruskin,1
PrideAndPrejudice,romance,trigrams,cross road george,1
PrideAndPrejudice,romance,trigrams,road george allen,1
PrideAndPrejudice,romance,trigrams,george allen press,1
PrideAndPrejudice,romance,trigrams,allen press charles,1
PrideAndPrejudice,romance,trigrams,chancery lane illustration,1
PrideAndPrejudice,romance,trigrams,lane illustration carr,1
PrideAndPrejudice,romance,trigrams,advice gratefully hugh,1
PrideAndPrejudice,romance,trigrams,gratefully hugh preface,1
PrideAndPrejudice,romance,trigrams,hugh preface illustration,1
PrideAndPrejudice,romance,trigrams,preface illustration walt,1
PrideAndPrejudice,romance,trigrams,illustration walt somewhere,1
PrideAndPrejudice,romance,trigrams,walt somewhere fine,1
PrideAndPrejudice,romance,trigrams,loving personal love,1
PrideAndPrejudice,romance,trigrams,personal love distinction,1
PrideAndPrejudice,romance,trigrams,love distinction well,1
PrideAndPrejudice,romance,trigrams,well men case,1
PrideAndPrejudice,romance,trigrams,men case numerous,1
PrideAndPrejudice,romance,trigrams,case numerous personal,1
PrideAndPrejudice,romance,trigrams,best work case,1
PrideAndPrejudice,romance,trigrams,work case allowance,1
PrideAndPrejudice,romance,trigrams,case allowance convention,1
PrideAndPrejudice,romance,trigrams,proper thing love,1
PrideAndPrejudice,romance,trigrams,thing love sect,1
PrideAndPrejudice,romance,trigrams,love sect fairly,1
PrideAndPrejudice,romance,trigrams,freshness humour abbey,1
PrideAndPrejudice,romance,trigrams,humour abbey completeness,1
PrideAndPrejudice,romance,trigrams,abbey completeness finish,1
RomeoAndJuliet,romance,unigrams,romeo,316
RomeoAndJuliet,romance,unigrams,juliet,190
RomeoAndJuliet,romance,unigrams,love,151
RomeoAndJuliet,romance,unigrams,lawrence,82
RomeoAndJuliet,romance,unigrams,tybalt,80
RomeoAndJuliet,romance,unigrams,art,55
RomeoAndJuliet,romance,unigrams,say,55
RomeoAndJuliet,romance,unigrams,may,48
RomeoAndJuliet,romance,unigrams,prince,43
RomeoAndJuliet,romance,unigrams,see,37
RomeoAndJuliet,romance,unigrams,wilt,30
RomeoAndJuliet,romance,unigrams,peter,29
RomeoAndJuliet,romance,unigrams,er,26
RomeoAndJuliet,romance,unigrams,marry,22
RomeoAndJuliet,romance,unigrams,son,19
RomeoAndJuliet,romance,unigrams,gregory,19
RomeoAndJuliet,romance,unigrams,faith,18
RomeoAndJuliet,romance,unigrams,joy,14
RomeoAndJuliet,romance,unigrams,else,13
RomeoAndJuliet,romance,unigrams,wit,13
RomeoAndJuliet,romance,unigrams,page,12
RomeoAndJuliet,romance,unigrams,bear,12
RomeoAndJuliet,romance,unigrams,happy,12
RomeoAndJuliet,romance,unigrams,lay,11
RomeoAndJuliet,romance,unigrams,john,10
RomeoAndJuliet,romance,unigrams,saw,10
RomeoAndJuliet,romance,unigrams,rich,10
RomeoAndJuliet,romance,unigrams,rosaline,10
RomeoAndJuliet,romance,unigrams,flower,10
RomeoAndJuliet,romance,unigrams,case,9
RomeoAndJuliet,romance,unigrams,way,9
RomeoAndJuliet,romance,unigrams,fortune,9
RomeoAndJuliet,romance,unigrams,hall,8
RomeoAndJuliet,romance,unigrams,noble,8
RomeoAndJuliet,romance,unigrams,merry,8
RomeoAndJuliet,romance,unigrams,goose,8
RomeoAndJuliet,romance,unigrams,abram,7
RomeoAndJuliet,romance,unigrams,mark,7
RomeoAndJuliet,romance,unigrams,bride,6
RomeoAndJuliet,romance,unigrams,lark,6
RomeoAndJuliet,romance,unigrams,town,5
RomeoAndJuliet,romance,unigrams,dew,5
RomeoAndJuliet,romance,unigrams,grace,5
RomeoAndJuliet,romance,unigrams,patience,5
RomeoAndJuliet,romance,unigrams,wash,5
RomeoAndJuliet,romance,bigrams,friar lawrence,78
RomeoAndJuliet,romance,bigrams,thou art,28
RomeoAndJuliet,romance,bigrams,art thou,24
RomeoAndJuliet,romance,bigrams,thou wilt,21
RomeoAndJuliet,romance,bigrams,romeo romeo,17
RomeoAndJuliet,romance,bigrams,lawrence cell,15
RomeoAndJuliet,romance,bigrams,enter romeo,14
RomeoAndJuliet,romance,bigrams,juliet nurse,10
RomeoAndJuliet,romance,bigrams,ne er,10
RomeoAndJuliet,romance,bigrams,romeo juliet,9
RomeoAndJuliet,romance,bigrams,friar john,9
RomeoAndJuliet,romance,bigrams,enter juliet,9
RomeoAndJuliet,romance,bigrams,wilt thou,9
RomeoAndJuliet,romance,bigrams,thy love,9
RomeoAndJuliet,romance,bigrams,romeo thou,9
RomeoAndJuliet,romance,bigrams,romeo love,7
RomeoAndJuliet,romance,bigrams,thee romeo,7
RomeoAndJuliet,romance,bigrams,juliet juliet,7
RomeoAndJuliet,romance,bigrams,exit romeo,7
RomeoAndJuliet,romance,bigrams,thou romeo,7
RomeoAndJuliet,romance,bigrams,scene hall,6
RomeoAndJuliet,romance,bigrams,hall capulet,6
RomeoAndJuliet,romance,bigrams,juliet chamber,6
RomeoAndJuliet,romance,bigrams,nurse juliet,6
RomeoAndJuliet,romance,bigrams,romeo shall,6
RomeoAndJuliet,romance,bigrams,love juliet,6
RomeoAndJuliet,romance,bigrams,romeo come,6
RomeoAndJuliet,romance,bigrams,exit juliet,6
RomeoAndJuliet,romance,bigrams,romeo ay,5
RomeoAndJuliet,romance,bigrams,romeo good,5
RomeoAndJuliet,romance,bigrams,juliet ay,5
RomeoAndJuliet,romance,bigrams,love love,5
RomeoAndJuliet,romance,bigrams,true love,5
RomeoAndJuliet,romance,bigrams,shall romeo,5
RomeoAndJuliet,romance,bigrams,may call,5
RomeoAndJuliet,romance,bigrams,tybalt romeo,5
RomeoAndJuliet,romance,bigrams,prince doom,5
RomeoAndJuliet,romance,bigrams,scene juliet,4
RomeoAndJuliet,romance,bigrams,say ay,4
RomeoAndJuliet,romance,bigrams,enter prince,4
RomeoAndJuliet,romance,bigrams,love romeo,4
RomeoAndJuliet,romance,bigrams,romeo bid,4
RomeoAndJuliet,romance,bigrams,romeo well,4
RomeoAndJuliet,romance,bigrams,juliet madam,4
RomeoAndJuliet,romance,bigrams,see thee,4
RomeoAndJuliet,romance,bigrams,say thou,4
RomeoAndJuliet,romance,bigrams,man romeo,4
RomeoAndJuliet,romance,bigrams,young romeo,4
RomeoAndJuliet,romance,bigrams,juliet good,4
RomeoAndJuliet,romance,bigrams,juliet romeo,4
RomeoAndJuliet,romance,bigrams,romeo name,4
RomeoAndJuliet,romance,bigrams,thou love,4
RomeoAndJuliet,romance,bigrams,dear love,4
RomeoAndJuliet,romance,bigrams,love thy,4
RomeoAndJuliet,romance,bigrams,thy wit,4
RomeoAndJuliet,romance,bigrams,nurse peter,4
RomeoAndJuliet,romance,bigrams,come romeo,4
RomeoAndJuliet,romance,bigrams,lawrence romeo,4
RomeoAndJuliet,romance,bigrams,romeo friar,4
RomeoAndJuliet,romance,bigrams,love thee,4
RomeoAndJuliet,romance,bigrams,see thou,4
RomeoAndJuliet,romance,bigrams,tybalt slain,4
RomeoAndJuliet,romance,bigrams,tybalt dead,4
RomeoAndJuliet,romance,bigrams,tybalt death,4
RomeoAndJuliet,romance,bigrams,romeo may,4
RomeoAndJuliet,romance,bigrams,lawrence hold,4
RomeoAndJuliet,romance,bigrams,kinsman prince,3
RomeoAndJuliet,romance,bigrams,romeo capulet,3
RomeoAndJuliet,romance,bigrams,capulet tybalt,3
RomeoAndJuliet,romance,bigrams,sir abram,3
RomeoAndJuliet,romance,bigrams,enter tybalt,3
RomeoAndJuliet,romance,bigrams,tybalt tybalt,3
RomeoAndJuliet,romance,bigrams,love thou,3
RomeoAndJuliet,romance,bigrams,romeo tell,3
RomeoAndJuliet,romance,bigrams,romeo hath,3
RomeoAndJuliet,romance,bigrams,die romeo,3
RomeoAndJuliet,romance,bigrams,romeo art,3
RomeoAndJuliet,romance,bigrams,lady love,3
RomeoAndJuliet,romance,bigrams,romeo go,3
RomeoAndJuliet,romance,bigrams,thou jule,3
RomeoAndJuliet,romance,bigrams,nurse say,3
RomeoAndJuliet,romance,bigrams,paris love,3
RomeoAndJuliet,romance,bigrams,love nurse,3
RomeoAndJuliet,romance,bigrams,gone romeo,3
RomeoAndJuliet,romance,bigrams,romeo must,3
RomeoAndJuliet,romance,bigrams,tonight romeo,3
RomeoAndJuliet,romance,bigrams,romeo lady,3
RomeoAndJuliet,romance,bigrams,sir romeo,3
RomeoAndJuliet,romance,bigrams,romeo tybalt,3
RomeoAndJuliet,romance,bigrams,villain romeo,3
RomeoAndJuliet,romance,bigrams,nurse marry,3
RomeoAndJuliet,romance,bigrams,juliet come,3
RomeoAndJuliet,romance,bigrams,son heir,3
RomeoAndJuliet,romance,bigrams,juliet would,3
RomeoAndJuliet,romance,bigrams,juliet go,3
RomeoAndJuliet,romance,bigrams,juliet thy,3
RomeoAndJuliet,romance,bigrams,romeo would,3
RomeoAndJuliet,romance,bigrams,juliet thou,3
RomeoAndJuliet,romance,bigrams,romeo wilt,3
RomeoAndJuliet,romance,bigrams,give romeo,3
RomeoAndJuliet,romance,bigrams,madam juliet,3
RomeoAndJuliet,romance,bigrams,dear juliet,3
RomeoAndJuliet,romance,bigrams,back romeo,3
RomeoAndJuliet,romance,bigrams,romeo let,3
RomeoAndJuliet,romance,bigrams,love friar,3
RomeoAndJuliet,romance,bigrams,tybalt prince,3
RomeoAndJuliet,romance,bigrams,romeo comes,3
RomeoAndJuliet,romance,bigrams,love like,3
RomeoAndJuliet,romance,bigrams,tell may,3
RomeoAndJuliet,romance,bigrams,romeo nurse,3
RomeoAndJuliet,romance,bigrams,say st,3
RomeoAndJuliet,romance,bigrams,sweet love,3
RomeoAndJuliet,romance,bigrams,juliet art,3
RomeoAndJuliet,romance,bigrams,tybalt thou,3
RomeoAndJuliet,romance,bigrams,romeo slew,3
RomeoAndJuliet,romance,bigrams,dead juliet,3
RomeoAndJuliet,romance,bigrams,juliet god,3
RomeoAndJuliet,romance,bigrams,dead romeo,3
RomeoAndJuliet,romance,bigrams,death romeo,3
RomeoAndJuliet,romance,bigrams,thou happy,3
RomeoAndJuliet,romance,bigrams,saint peter,3
RomeoAndJuliet,romance,bigrams,peter church,3
RomeoAndJuliet,romance,bigrams,let see,3
RomeoAndJuliet,romance,bigrams,romeo man,3
RomeoAndJuliet,romance,bigrams,romeo dead,3
RomeoAndJuliet,romance,bigrams,gallery juliet,2
RomeoAndJuliet,romance,bigrams,chamber juliet,2
RomeoAndJuliet,romance,bigrams,juliet bed,2
RomeoAndJuliet,romance,bigrams,prince friend,2
RomeoAndJuliet,romance,bigrams,friend romeo,2
RomeoAndJuliet,romance,bigrams,page paris,2
RomeoAndJuliet,romance,bigrams,romeo son,2
RomeoAndJuliet,romance,bigrams,servant romeo,2
RomeoAndJuliet,romance,bigrams,capulet juliet,2
RomeoAndJuliet,romance,bigrams,servant juliet,2
RomeoAndJuliet,romance,bigrams,enter gregory,2
RomeoAndJuliet,romance,bigrams,gregory ay,2
RomeoAndJuliet,romance,bigrams,gregory quarrel,2
RomeoAndJuliet,romance,bigrams,abram bite,2
RomeoAndJuliet,romance,bigrams,tybalt art,2
RomeoAndJuliet,romance,bigrams,prince prince,2
RomeoAndJuliet,romance,bigrams,prince capulet,2
RomeoAndJuliet,romance,bigrams,till prince,2
RomeoAndJuliet,romance,bigrams,see comes,2
RomeoAndJuliet,romance,bigrams,cousin romeo,2
RomeoAndJuliet,romance,bigrams,romeo day,2
RomeoAndJuliet,romance,bigrams,alas love,2
RomeoAndJuliet,romance,bigrams,romeo tut,2
RomeoAndJuliet,romance,bigrams,fair love,2
RomeoAndJuliet,romance,bigrams,hit romeo,2
RomeoAndJuliet,romance,bigrams,romeo teach,2
RomeoAndJuliet,romance,bigrams,rest merry,2
RomeoAndJuliet,romance,bigrams,romeo stay,2
RomeoAndJuliet,romance,bigrams,rich capulet,2
RomeoAndJuliet,romance,bigrams,rosaline thou,2
RomeoAndJuliet,romance,bigrams,er saw,2
RomeoAndJuliet,romance,bigrams,best romeo,2
RomeoAndJuliet,romance,bigrams,girl juliet,2
RomeoAndJuliet,romance,bigrams,mother juliet,2
RomeoAndJuliet,romance,bigrams,nurse faith,2
RomeoAndJuliet,romance,bigrams,faith tell,2
RomeoAndJuliet,romance,bigrams,lammas eve,2
RomeoAndJuliet,romance,bigrams,eve night,2
RomeoAndJuliet,romance,bigrams,susan god,2
RomeoAndJuliet,romance,bigrams,wilt fall,2
RomeoAndJuliet,romance,bigrams,ay juliet,2
RomeoAndJuliet,romance,bigrams,live see,2
RomeoAndJuliet,romance,bigrams,capulet marry,2
RomeoAndJuliet,romance,bigrams,daughter juliet,2
RomeoAndJuliet,romance,bigrams,married juliet,2
RomeoAndJuliet,romance,bigrams,see one,2
RomeoAndJuliet,romance,bigrams,romeo give,2
RomeoAndJuliet,romance,bigrams,gentle romeo,2
RomeoAndJuliet,romance,bigrams,love give,2
RomeoAndJuliet,romance,bigrams,ho romeo,2
RomeoAndJuliet,romance,bigrams,romeo nay,2
RomeoAndJuliet,romance,bigrams,may one,2
RomeoAndJuliet,romance,bigrams,sometime er,2
RomeoAndJuliet,romance,bigrams,romeo fear,2
RomeoAndJuliet,romance,bigrams,tybalt uncle,2
RomeoAndJuliet,romance,bigrams,tybalt villain,2
RomeoAndJuliet,romance,bigrams,town house,2
RomeoAndJuliet,romance,bigrams,say shall,2
RomeoAndJuliet,romance,bigrams,man tybalt,2
RomeoAndJuliet,romance,bigrams,may chance,2
RomeoAndJuliet,romance,bigrams,romeo dear,2
RomeoAndJuliet,romance,bigrams,exeunt juliet,2
RomeoAndJuliet,romance,bigrams,young juliet,2
RomeoAndJuliet,romance,trigrams,friar lawrence cell,12
RomeoAndJuliet,romance,trigrams,scene friar lawrence,10
RomeoAndJuliet,romance,trigrams,scene hall capulet,6
RomeoAndJuliet,romance,trigrams,hall capulet house,6
RomeoAndJuliet,romance,trigrams,enter friar lawrence,6
RomeoAndJuliet,romance,trigrams,enter juliet juliet,5
RomeoAndJuliet,romance,trigrams,enter romeo romeo,5
RomeoAndJuliet,romance,trigrams,lawrence cell enter,5
RomeoAndJuliet,romance,trigrams,lawrence cell scene,4
RomeoAndJuliet,romance,trigrams,scene juliet chamber,4
RomeoAndJuliet,romance,trigrams,friar lawrence romeo,4
RomeoAndJuliet,romance,trigrams,friar lawrence hold,4
RomeoAndJuliet,romance,trigrams,romeo art thou,3
RomeoAndJuliet,romance,trigrams,wilt thou jule,3
RomeoAndJuliet,romance,trigrams,garden enter romeo,3
RomeoAndJuliet,romance,trigrams,art thou romeo,3
RomeoAndJuliet,romance,trigrams,romeo wilt thou,3
RomeoAndJuliet,romance,trigrams,love friar lawrence,3
RomeoAndJuliet,romance,trigrams,haste friar lawrence,3
RomeoAndJuliet,romance,trigrams,say st thou,3
RomeoAndJuliet,romance,trigrams,juliet art thou,3
RomeoAndJuliet,romance,trigrams,romeo friar lawrence,3
RomeoAndJuliet,romance,trigrams,art thou happy,3
RomeoAndJuliet,romance,trigrams,saint peter church,3
RomeoAndJuliet,romance,trigrams,open gallery juliet,2
RomeoAndJuliet,romance,trigrams,gallery juliet chamber,2
RomeoAndJuliet,romance,trigrams,juliet chamber garden,2
RomeoAndJuliet,romance,trigrams,house scene juliet,2
RomeoAndJuliet,romance,trigrams,juliet chamber juliet,2
RomeoAndJuliet,romance,trigrams,chamber juliet bed,2
RomeoAndJuliet,romance,trigrams,abram bite thumb,2
RomeoAndJuliet,romance,trigrams,tybalt art thou,2
RomeoAndJuliet,romance,trigrams,enter prince prince,2
RomeoAndJuliet,romance,trigrams,lady capulet tybalt,2
RomeoAndJuliet,romance,trigrams,love romeo love,2
RomeoAndJuliet,romance,trigrams,ne er saw,2
RomeoAndJuliet,romance,trigrams,lammas eve night,2
RomeoAndJuliet,romance,trigrams,eve night shall,2
RomeoAndJuliet,romance,trigrams,face thou wilt,2
RomeoAndJuliet,romance,trigrams,thou wilt fall,2
RomeoAndJuliet,romance,trigrams,wilt fall backward,2
RomeoAndJuliet,romance,trigrams,live see thee,2
RomeoAndJuliet,romance,trigrams,lady capulet marry,2
RomeoAndJuliet,romance,trigrams,street enter romeo,2
RomeoAndJuliet,romance,trigrams,exeunt scene hall,2
RomeoAndJuliet,romance,trigrams,exeunt juliet nurse,2
RomeoAndJuliet,romance,trigrams,juliet nurse juliet,2
RomeoAndJuliet,romance,trigrams,much love much,2
RomeoAndJuliet,romance,trigrams,romeo good night,2
RomeoAndJuliet,romance,trigrams,juliet romeo romeo,2
RomeoAndJuliet,romance,trigrams,cam st thou,2
RomeoAndJuliet,romance,trigrams,thou wilt say,2
RomeoAndJuliet,romance,trigrams,heart dear love,2
RomeoAndJuliet,romance,trigrams,within madam juliet,2
RomeoAndJuliet,romance,trigrams,madam juliet come,2
RomeoAndJuliet,romance,trigrams,romeo good morrow,2
RomeoAndJuliet,romance,trigrams,mine friar lawrence,2
RomeoAndJuliet,romance,trigrams,romeo comes romeo,2
RomeoAndJuliet,romance,trigrams,enter nurse peter,2
RomeoAndJuliet,romance,trigrams,peter anon nurse,2
RomeoAndJuliet,romance,trigrams,shall friar lawrence,2
RomeoAndJuliet,romance,trigrams,love like honest,2
RomeoAndJuliet,romance,trigrams,friar lawrence come,2
RomeoAndJuliet,romance,trigrams,come thou art,2
RomeoAndJuliet,romance,trigrams,thou thou wilt,2
RomeoAndJuliet,romance,trigrams,thou wilt quarrel,2
RomeoAndJuliet,romance,trigrams,wilt quarrel man,2
RomeoAndJuliet,romance,trigrams,love thee better,2
RomeoAndJuliet,romance,trigrams,friar lawrence friar,2
RomeoAndJuliet,romance,trigrams,lawrence friar lawrence,2
RomeoAndJuliet,romance,trigrams,know friar lawrence,2
RomeoAndJuliet,romance,trigrams,banishment friar lawrence,2
RomeoAndJuliet,romance,trigrams,within friar lawrence,2
RomeoAndJuliet,romance,trigrams,shape thy love,2
RomeoAndJuliet,romance,trigrams,thy love thy,2
RomeoAndJuliet,romance,trigrams,love thy wit,2
RomeoAndJuliet,romance,trigrams,dead art thou,2
RomeoAndJuliet,romance,trigrams,friar lawrence go,2
RomeoAndJuliet,romance,trigrams,hope thou wilt,2
RomeoAndJuliet,romance,trigrams,paris saint peter,2
RomeoAndJuliet,romance,trigrams,shall romeo know,2
RomeoAndJuliet,romance,trigrams,friar lawrence paris,2
RomeoAndJuliet,romance,trigrams,lawrence paris friar,2
RomeoAndJuliet,romance,trigrams,paris friar lawrence,2
RomeoAndJuliet,romance,trigrams,enter juliet nurse,2
RomeoAndJuliet,romance,trigrams,exeunt scene juliet,2
RomeoAndJuliet,romance,trigrams,letter friar john,2
RomeoAndJuliet,romance,trigrams,exit friar lawrence,2
RomeoAndJuliet,romance,trigrams,tragedy romeo juliet,1
RomeoAndJuliet,romance,trigrams,romeo juliet william,1
RomeoAndJuliet,romance,trigrams,juliet william contents,1
RomeoAndJuliet,romance,trigrams,william contents prologue,1
RomeoAndJuliet,romance,trigrams,street scene hall,1
RomeoAndJuliet,romance,trigrams,lawrence cell act,1
RomeoAndJuliet,romance,trigrams,cell scene hall,1
RomeoAndJuliet,romance,trigrams,juliet chamber scene,1
RomeoAndJuliet,romance,trigrams,chamber scene hall,1
RomeoAndJuliet,romance,trigrams,juliet bed act,1
RomeoAndJuliet,romance,trigrams,belonging person prince,1
RomeoAndJuliet,romance,trigrams,person prince verona,1
RomeoAndJuliet,romance,trigrams,prince verona kinsman,1
RomeoAndJuliet,romance,trigrams,verona kinsman prince,1
RomeoAndJuliet,romance,trigrams,kinsman prince friend,1
RomeoAndJuliet,romance,trigrams,prince friend romeo,1
RomeoAndJuliet,romance,trigrams,friend romeo paris,1
RomeoAndJuliet,romance,trigrams,romeo paris young,1
RomeoAndJuliet,romance,trigrams,nobleman kinsman prince,1
RomeoAndJuliet,romance,trigrams,kinsman prince page,1
RomeoAndJuliet,romance,trigrams,prince page paris,1
RomeoAndJuliet,romance,trigrams,page paris head,1
RomeoAndJuliet,romance,trigrams,lady wife romeo,1
RomeoAndJuliet,romance,trigrams,wife romeo son,1
RomeoAndJuliet,romance,trigrams,romeo son nephew,1
RomeoAndJuliet,romance,trigrams,son nephew friend,1
RomeoAndJuliet,romance,trigrams,nephew friend romeo,1
RomeoAndJuliet,romance,trigrams,friend romeo abram,1
RomeoAndJuliet,romance,trigrams,romeo abram servant,1
RomeoAndJuliet,romance,trigrams,abram servant balthasar,1
RomeoAndJuliet,romance,trigrams,balthasar servant romeo,1
RomeoAndJuliet,romance,trigrams,servant romeo capulet,1
RomeoAndJuliet,romance,trigrams,romeo capulet head,1
RomeoAndJuliet,romance,trigrams,wife capulet juliet,1
RomeoAndJuliet,romance,trigrams,capulet juliet daughter,1
RomeoAndJuliet,romance,trigrams,juliet daughter capulet,1
RomeoAndJuliet,romance,trigrams,daughter capulet tybalt,1
RomeoAndJuliet,romance,trigrams,capulet tybalt nephew,1
RomeoAndJuliet,romance,trigrams,tybalt nephew lady,1
RomeoAndJuliet,romance,trigrams,man nurse juliet,1
RomeoAndJuliet,romance,trigrams,nurse juliet peter,1
RomeoAndJuliet,romance,trigrams,juliet peter servant,1
RomeoAndJuliet,romance,trigrams,peter servant juliet,1
RomeoAndJuliet,romance,trigrams,servant juliet nurse,1
RomeoAndJuliet,romance,trigrams,juliet nurse servant,1
RomeoAndJuliet,romance,trigrams,servant capulet gregory,1
RomeoAndJuliet,romance,trigrams,capulet gregory servant,1
RomeoAndJuliet,romance,trigrams,gregory servant capulet,1
RomeoAndJuliet,romance,trigrams,capulet friar lawrence,1
RomeoAndJuliet,romance,trigrams,friar lawrence franciscan,1
RomeoAndJuliet,romance,trigrams,lawrence franciscan friar,1
RomeoAndJuliet,romance,trigrams,franciscan friar john,1
RomeoAndJuliet,romance,trigrams,friar john order,1
RomeoAndJuliet,romance,trigrams,john order apothecary,1
RomeoAndJuliet,romance,trigrams,fair verona lay,1
RomeoAndJuliet,romance,trigrams,verona lay scene,1
RomeoAndJuliet,romance,trigrams,lay scene ancient,1
RomeoAndJuliet,romance,trigrams,two pair star,1
RomeoAndJuliet,romance,trigrams,pair star cross,1
RomeoAndJuliet,romance,trigrams,star cross take,1
RomeoAndJuliet,romance,trigrams,passage death mark,1
RomeoAndJuliet,romance,trigrams,death mark love,1
RomeoAndJuliet,romance,trigrams,mark love continuance,1
RomeoAndJuliet,romance,trigrams,love continuance rage,1
RomeoAndJuliet,romance,trigrams,place enter gregory,1
RomeoAndJuliet,romance,trigrams,enter gregory armed,1
RomeoAndJuliet,romance,trigrams,gregory armed gregory,1
RomeoAndJuliet,romance,trigrams,armed gregory word,1
RomeoAndJuliet,romance,trigrams,gregory word carry,1
RomeoAndJuliet,romance,trigrams,word carry gregory,1
RomeoAndJuliet,romance,trigrams,carry gregory mean,1
RomeoAndJuliet,romance,trigrams,gregory mean choler,1
RomeoAndJuliet,romance,trigrams,choler draw gregory,1
RomeoAndJuliet,romance,trigrams,draw gregory ay,1
RomeoAndJuliet,romance,trigrams,gregory ay live,1
RomeoAndJuliet,romance,trigrams,strike quickly gregory,1
RomeoAndJuliet,romance,trigrams,quickly gregory thou,1
RomeoAndJuliet,romance,trigrams,gregory thou art,1
RomeoAndJuliet,romance,trigrams,thou art quickly,1
RomeoAndJuliet,romance,trigrams,art quickly strike,1
RomeoAndJuliet,romance,trigrams,dog house gregory,1
RomeoAndJuliet,romance,trigrams,house gregory move,1
RomeoAndJuliet,romance,trigrams,gregory move stir,1
RomeoAndJuliet,romance,trigrams,therefore thou art,1
RomeoAndJuliet,romance,trigrams,thou art thou,1
RomeoAndJuliet,romance,trigrams,art thou st,1
RomeoAndJuliet,romance,trigrams,man maid gregory,1
RomeoAndJuliet,romance,trigrams,maid gregory thee,1
RomeoAndJuliet,romance,trigrams,gregory thee weak,1
RomeoAndJuliet,romance,trigrams,thrust wall gregory,1
RomeoAndJuliet,romance,trigrams,wall gregory quarrel,1
RomeoAndJuliet,romance,trigrams,gregory quarrel us,1
RomeoAndJuliet,romance,trigrams,civil cut gregory,1
RomeoAndJuliet,romance,trigrams,cut gregory ay,1
RomeoAndJuliet,romance,trigrams,gregory ay take,1
RomeoAndJuliet,romance,trigrams,sense thou wilt,1
RomeoAndJuliet,romance,trigrams,thou wilt gregory,1
RomeoAndJuliet,romance,trigrams,wilt gregory must,1
RomeoAndJuliet,romance,trigrams,gregory must take,1
RomeoAndJuliet,romance,trigrams,piece flesh gregory,1
RomeoAndJuliet,romance,trigrams,flesh gregory well,1
RomeoAndJuliet,romance,trigrams,gregory well thou,1
RomeoAndJuliet,romance,trigrams,well thou art,1
RomeoAndJuliet,romance,trigrams,thou art fish,1
RomeoAndJuliet,romance,trigrams,art fish thou,1
RomeoAndJuliet,romance,trigrams,thou poor john,1
RomeoAndJuliet,romance,trigrams,poor john draw,1
RomeoAndJuliet,romance,trigrams,john draw thy,1
RomeoAndJuliet,romance,trigrams,house enter abram,1
RomeoAndJuliet,romance,trigrams,enter abram balthasar,1
RomeoAndJuliet,romance,trigrams,abram balthasar naked,1
RomeoAndJuliet,romance,trigrams,back thee gregory,1
RomeoAndJuliet,romance,trigrams,thee gregory turn,1
RomeoAndJuliet,romance,trigrams,gregory turn thy,1
RomeoAndJuliet,romance,trigrams,run fear gregory,1
RomeoAndJuliet,romance,trigrams,fear gregory marry,1
RomeoAndJuliet,romance,trigrams,gregory marry fear,1
RomeoAndJuliet,romance,trigrams,marry fear thee,1
RomeoAndJuliet,romance,trigrams,let begin gregory,1
RomeoAndJuliet,romance,trigrams,begin gregory frown,1
RomeoAndJuliet,romance,trigrams,gregory frown pass,1
JaneEyre,romance,unigrams,jane,346
JaneEyre,romance,unigrams,see,276
JaneEyre,romance,unigrams,john,202
JaneEyre,romance,unigrams,say,200
JaneEyre,romance,unigrams,saw,187
JaneEyre,romance,unigrams,love,153
JaneEyre,romance,unigrams,way,148
JaneEyre,romance,unigrams,may,146
JaneEyre,romance,unigrams,bessie,131
JaneEyre,romance,unigrams,reed,129
JaneEyre,romance,unigrams,hall,105
JaneEyre,romance,unigrams,rose,96
JaneEyre,romance,unigrams,mary,96
JaneEyre,romance,unigrams,ingram,90
JaneEyre,romance,unigrams,diana,76
JaneEyre,romance,unigrams,hope,75
JaneEyre,romance,unigrams,lay,69
JaneEyre,romance,unigrams,temple,65
JaneEyre,romance,unigrams,helen,63
JaneEyre,romance,unigrams,mason,61
JaneEyre,romance,unigrams,happy,54
JaneEyre,romance,unigrams,grace,49
JaneEyre,romance,unigrams,marry,49
JaneEyre,romance,unigrams,glad,44
JaneEyre,romance,unigrams,georgiana,44
JaneEyre,romance,unigrams,drew,44
JaneEyre,romance,unigrams,sky,43
JaneEyre,romance,unigrams,bear,42
JaneEyre,romance,unigrams,french,41
JaneEyre,romance,unigrams,wood,40
JaneEyre,romance,unigrams,bell,36
JaneEyre,romance,unigrams,case,35
JaneEyre,romance,unigrams,fortune,35
JaneEyre,romance,unigrams,red,33
JaneEyre,romance,unigrams,rich,33
JaneEyre,romance,unigrams,eliza,30
JaneEyre,romance,unigrams,else,30
JaneEyre,romance,unigrams,oliver,30
JaneEyre,romance,bigrams,st john,133
JaneEyre,romance,bigrams,mrs reed,81
JaneEyre,romance,bigrams,miss temple,63
JaneEyre,romance,bigrams,miss ingram,58
JaneEyre,romance,bigrams,jane eyre,42
JaneEyre,romance,bigrams,diana mary,31
JaneEyre,romance,bigrams,could see,25
JaneEyre,romance,bigrams,mr mason,23
JaneEyre,romance,bigrams,miss jane,18
JaneEyre,romance,bigrams,mr lloyd,12
JaneEyre,romance,bigrams,jane yes,12
JaneEyre,romance,bigrams,could bear,12
JaneEyre,romance,bigrams,mr oliver,12
JaneEyre,romance,bigrams,john reed,11
JaneEyre,romance,bigrams,red room,11
JaneEyre,romance,bigrams,come see,11
JaneEyre,romance,bigrams,jane said,11
JaneEyre,romance,bigrams,drew near,11
JaneEyre,romance,bigrams,mr edward,11
JaneEyre,romance,bigrams,miss oliver,11
JaneEyre,romance,bigrams,would say,10
JaneEyre,romance,bigrams,said bessie,10
JaneEyre,romance,bigrams,long way,10
JaneEyre,romance,bigrams,see mr,10
JaneEyre,romance,bigrams,mr briggs,10
JaneEyre,romance,bigrams,never saw,9
JaneEyre,romance,bigrams,miss abbot,9
JaneEyre,romance,bigrams,one else,9
JaneEyre,romance,bigrams,well jane,9
JaneEyre,romance,bigrams,jane jane,9
JaneEyre,romance,bigrams,john said,9
JaneEyre,romance,bigrams,dare say,8
JaneEyre,romance,bigrams,love would,8
JaneEyre,romance,bigrams,john wife,8
JaneEyre,romance,bigrams,lord ingram,8
JaneEyre,romance,bigrams,mr reed,7
JaneEyre,romance,bigrams,sir jane,7
JaneEyre,romance,bigrams,see would,7
JaneEyre,romance,bigrams,lady ingram,7
JaneEyre,romance,bigrams,said diana,7
JaneEyre,romance,bigrams,bell rang,6
JaneEyre,romance,bigrams,aunt reed,6
JaneEyre,romance,bigrams,miss georgiana,6
JaneEyre,romance,bigrams,something else,6
JaneEyre,romance,bigrams,jane must,6
JaneEyre,romance,bigrams,jane come,6
JaneEyre,romance,bigrams,miss smith,6
JaneEyre,romance,bigrams,rang bell,6
JaneEyre,romance,bigrams,shall see,6
JaneEyre,romance,bigrams,way said,6
JaneEyre,romance,bigrams,say nothing,6
JaneEyre,romance,bigrams,sir george,6
JaneEyre,romance,bigrams,one way,6
JaneEyre,romance,bigrams,marsh end,6
JaneEyre,romance,bigrams,mary would,6
JaneEyre,romance,bigrams,rosamond oliver,6
JaneEyre,romance,bigrams,like see,5
JaneEyre,romance,bigrams,eliza georgiana,5
JaneEyre,romance,bigrams,say never,5
JaneEyre,romance,bigrams,name jane,5
JaneEyre,romance,bigrams,saw mr,5
JaneEyre,romance,bigrams,perhaps may,5
JaneEyre,romance,bigrams,say something,5
JaneEyre,romance,bigrams,saw face,5
JaneEyre,romance,bigrams,saw nothing,5
JaneEyre,romance,bigrams,two miles,5
JaneEyre,romance,bigrams,say love,5
JaneEyre,romance,bigrams,jane little,5
JaneEyre,romance,bigrams,see know,5
JaneEyre,romance,bigrams,night jane,5
JaneEyre,romance,bigrams,one may,5
JaneEyre,romance,bigrams,mr john,5
JaneEyre,romance,bigrams,say almost,5
JaneEyre,romance,bigrams,hay lane,5
JaneEyre,romance,bigrams,george lynn,5
JaneEyre,romance,bigrams,mary ingram,5
JaneEyre,romance,bigrams,amy louisa,5
JaneEyre,romance,bigrams,spanish town,5
JaneEyre,romance,bigrams,said jane,5
JaneEyre,romance,bigrams,hundred miles,5
JaneEyre,romance,bigrams,jane sir,5
JaneEyre,romance,bigrams,lay still,5
JaneEyre,romance,bigrams,love love,5
JaneEyre,romance,bigrams,uncle john,5
JaneEyre,romance,bigrams,bertha mason,5
JaneEyre,romance,bigrams,vale hall,5
JaneEyre,romance,bigrams,reed said,4
JaneEyre,romance,bigrams,saw girl,4
JaneEyre,romance,bigrams,could love,4
JaneEyre,romance,bigrams,well may,4
JaneEyre,romance,bigrams,georgiana would,4
JaneEyre,romance,bigrams,like jane,4
JaneEyre,romance,bigrams,anything else,4
JaneEyre,romance,bigrams,came see,4
JaneEyre,romance,bigrams,fifty miles,4
JaneEyre,romance,bigrams,may tell,4
JaneEyre,romance,bigrams,word say,4
JaneEyre,romance,bigrams,truly love,4
JaneEyre,romance,bigrams,jane think,4
JaneEyre,romance,bigrams,jane know,4
JaneEyre,romance,bigrams,blue sky,4
JaneEyre,romance,bigrams,mary ann,4
JaneEyre,romance,bigrams,dew fell,4
JaneEyre,romance,bigrams,temple room,4
JaneEyre,romance,bigrams,must see,4
JaneEyre,romance,bigrams,jane hear,4
JaneEyre,romance,bigrams,good way,4
JaneEyre,romance,bigrams,bessie said,4
JaneEyre,romance,bigrams,miss reed,4
JaneEyre,romance,bigrams,fell love,4
JaneEyre,romance,trigrams,mr st john,23
JaneEyre,romance,trigrams,st john said,8
JaneEyre,romance,trigrams,jane yes sir,5
JaneEyre,romance,trigrams,jane eyre said,5
JaneEyre,romance,trigrams,sir george lynn,5
JaneEyre,romance,trigrams,miss temple room,4
JaneEyre,romance,trigrams,said st john,4
JaneEyre,romance,trigrams,edition jane eyre,3
JaneEyre,romance,trigrams,soon mrs reed,3
JaneEyre,romance,trigrams,eyre jane eyre,3
JaneEyre,romance,trigrams,may well mention,3
JaneEyre,romance,trigrams,would like see,3
JaneEyre,romance,trigrams,st john would,3
JaneEyre,romance,trigrams,st john saw,3
JaneEyre,romance,trigrams,know st john,3
JaneEyre,romance,trigrams,john diana mary,3
JaneEyre,romance,trigrams,diana mary would,3
JaneEyre,romance,trigrams,course st john,3
JaneEyre,romance,trigrams,st john know,3
JaneEyre,romance,trigrams,jane jane jane,3
JaneEyre,romance,trigrams,eliza john georgiana,2
JaneEyre,romance,trigrams,john reed found,2
JaneEyre,romance,trigrams,bessie miss abbot,2
JaneEyre,romance,trigrams,like mad cat,2
JaneEyre,romance,trigrams,say miss eyre,2
JaneEyre,romance,trigrams,mr reed dead,2
JaneEyre,romance,trigrams,mrs reed would,2
JaneEyre,romance,trigrams,bessie finished dusting,2
JaneEyre,romance,trigrams,come miss jane,2
JaneEyre,romance,trigrams,yes sir jane,2
JaneEyre,romance,trigrams,jane eyre tell,2
JaneEyre,romance,trigrams,miss georgiana would,2
JaneEyre,romance,trigrams,said mrs reed,2
JaneEyre,romance,trigrams,mrs reed soon,2
JaneEyre,romance,trigrams,eye mrs reed,2
JaneEyre,romance,trigrams,little girl jane,2
JaneEyre,romance,trigrams,girl jane eyre,2
JaneEyre,romance,trigrams,jane eyre sir,2
JaneEyre,romance,trigrams,heart mrs reed,2
JaneEyre,romance,trigrams,like jane eyre,2
JaneEyre,romance,trigrams,mrs reed said,2
JaneEyre,romance,trigrams,never come see,2
JaneEyre,romance,trigrams,dare mrs reed,2
JaneEyre,romance,trigrams,mrs reed dare,2
JaneEyre,romance,trigrams,reed dare truth,2
JaneEyre,romance,trigrams,thrust back red,2
JaneEyre,romance,trigrams,mrs reed hate,2
JaneEyre,romance,trigrams,said come bessie,2
JaneEyre,romance,trigrams,mrs reed disposed,2
JaneEyre,romance,trigrams,miss temple good,2
JaneEyre,romance,trigrams,walk two miles,2
JaneEyre,romance,trigrams,miss temple girl,2
JaneEyre,romance,trigrams,returned miss temple,2
JaneEyre,romance,trigrams,said could bear,2
JaneEyre,romance,trigrams,enough love would,2
JaneEyre,romance,trigrams,well jane know,2
JaneEyre,romance,trigrams,miss temple whole,2
JaneEyre,romance,trigrams,mary ann wilson,2
JaneEyre,romance,trigrams,good night jane,2
JaneEyre,romance,trigrams,something else think,2
JaneEyre,romance,trigrams,married bessie yes,2
JaneEyre,romance,trigrams,dare say clever,2
JaneEyre,romance,trigrams,went separate way,2
JaneEyre,romance,trigrams,far could see,2
JaneEyre,romance,trigrams,nose small cherry,2
JaneEyre,romance,trigrams,small cherry mouth,2
JaneEyre,romance,trigrams,pretty clean town,2
JaneEyre,romance,trigrams,could scarcely see,2
JaneEyre,romance,trigrams,mr carter surgeon,2
JaneEyre,romance,trigrams,ad would say,2
JaneEyre,romance,trigrams,one often see,2
JaneEyre,romance,trigrams,could see nothing,2
JaneEyre,romance,trigrams,aught know may,2
JaneEyre,romance,trigrams,george lynn colonel,2
JaneEyre,romance,trigrams,lynn colonel dent,2
JaneEyre,romance,trigrams,wished see whether,2
JaneEyre,romance,trigrams,think miss ingram,2
JaneEyre,romance,trigrams,mr henry lynn,2
JaneEyre,romance,trigrams,said miss ingram,2
JaneEyre,romance,trigrams,miss ingram acting,2
JaneEyre,romance,trigrams,ingram amy louisa,2
JaneEyre,romance,trigrams,never turned page,2
JaneEyre,romance,trigrams,one else shall,2
JaneEyre,romance,trigrams,might say almost,2
JaneEyre,romance,trigrams,say almost one,2
JaneEyre,romance,trigrams,spanish town jamaica,2
JaneEyre,romance,trigrams,mason west indies,2
JaneEyre,romance,trigrams,jane got blow,2
JaneEyre,romance,trigrams,got blow jane,2
JaneEyre,romance,trigrams,could bear thought,2
JaneEyre,romance,trigrams,jane jane said,2
JaneEyre,romance,trigrams,went one way,2
JaneEyre,romance,trigrams,hundred miles see,2
JaneEyre,romance,trigrams,shall glad sir,2
JaneEyre,romance,trigrams,much good may,2
JaneEyre,romance,trigrams,former days bessie,2
JaneEyre,romance,trigrams,yet jane eyre,2
JaneEyre,romance,trigrams,jane eyre jane,2
JaneEyre,romance,trigrams,bride bride bride,2
JaneEyre,romance,trigrams,come jane come,2
JaneEyre,romance,trigrams,marry miss ingram,2
JaneEyre,romance,trigrams,jane never mind,2
JaneEyre,romance,trigrams,pearl grey silk,2
JaneEyre,romance,trigrams,letter uncle john,2
JaneEyre,romance,trigrams,glorious thing hope,2
JaneEyre,romance,trigrams,thing hope living,2
JaneEyre,romance,trigrams,shell like wall,2
JaneEyre,romance,trigrams,mr mason madeira,2
JaneEyre,romance,trigrams,one whether marry,2
JaneEyre,romance,trigrams,whether marry said,2
JaneEyre,romance,trigrams,see whether would,2
JaneEyre,romance,trigrams,country talk way,2
JaneEyre,romance,trigrams,st john come,2
JaneEyre,romance,trigrams,st john like,2
JaneEyre,romance,trigrams,st john cried,2
JaneEyre,romance,trigrams,hush word say,2
JaneEyre,romance,trigrams,word say woman,2
JaneEyre,romance,trigrams,john old servant,2
JaneEyre,romance,trigrams,name jane elliott,2
JaneEyre,romance,trigrams,st john last,2
JaneEyre,romance,trigrams,st john heart,2
JaneEyre,romance,trigrams,marsh end morton,2
JaneEyre,romance,trigrams,st john quite,2
JaneEyre,romance,trigrams,st john diana,2
JaneEyre,romance,trigrams,never one else,2
JaneEyre,romance,trigrams,mean st john,2
JaneEyre,romance,trigrams,st john think,2
JaneEyre,romance,trigrams,come see us,2
JaneEyre,romance,trigrams,diana mary left,2
JaneEyre,romance,trigrams,like st john,2
JaneEyre,romance,trigrams,st john never,2
JaneEyre,romance,trigrams,st john first,2
JaneEyre,romance,trigrams,st john good,2
JaneEyre,romance,trigrams,john good man,2
JaneEyre,romance,trigrams,formed labour love,2
JaneEyre,romance,trigrams,threw swell heath,2
JaneEyre,romance,trigrams,swell heath lay,2
JaneEyre,romance,trigrams,heath lay still,2
JaneEyre,romance,trigrams,st john till,2
JaneEyre,romance,trigrams,see st john,2
JaneEyre,romance,trigrams,st john spirit,2
JaneEyre,romance,trigrams,way st john,2
JaneEyre,romance,trigrams,jane leave go,2
JaneEyre,romance,trigrams,marry adhere resolution,2
JaneEyre,romance,trigrams,next minute lay,2
JaneEyre,romance,trigrams,minute lay pavement,2
JaneEyre,romance,trigrams,altogether human jane,2
JaneEyre,romance,trigrams,human jane certain,2
JaneEyre,romance,trigrams,love love love,2
JaneEyre,romance,trigrams,knew mr edward,2
JaneEyre,romance,trigrams,jane eyre autobiography,1
JaneEyre,romance,trigrams,eyre autobiography charlotte,1
JaneEyre,romance,trigrams,autobiography charlotte service,1
JaneEyre,romance,trigrams,charlotte service henrietta,1
JaneEyre,romance,trigrams,service henrietta street,1
JaneEyre,romance,trigrams,henrietta street volume,1
JaneEyre,romance,trigrams,first edition jane,1
JaneEyre,romance,trigrams,jane eyre unnecessary,1
JaneEyre,romance,trigrams,practical sense frank,1
JaneEyre,romance,trigrams,sense frank liberality,1
JaneEyre,romance,trigrams,frank liberality unknown,1
JaneEyre,romance,trigrams,stranger select say,1
JaneEyre,romance,trigrams,select say cordially,1
JaneEyre,romance,trigrams,say cordially thank,1
JaneEyre,romance,trigrams,doubt tendency jane,1
JaneEyre,romance,trigrams,tendency jane eyre,1
JaneEyre,romance,trigrams,jane eyre whose,1
WutheringHeights,romance,unigrams,catherine,382
WutheringHeights,romance,unigrams,see,174
WutheringHeights,romance,unigrams,joseph,140
WutheringHeights,romance,unigrams,cathy,124
WutheringHeights,romance,unigrams,edgar,116
WutheringHeights,romance,unigrams,may,110
WutheringHeights,romance,unigrams,say,107
WutheringHeights,romance,unigrams,ellen,99
WutheringHeights,romance,unigrams,love,90
WutheringHeights,romance,unigrams,nelly,89
WutheringHeights,romance,unigrams,saw,80
WutheringHeights,romance,unigrams,way,79
WutheringHeights,romance,unigrams,isabella,63
WutheringHeights,romance,unigrams,dean,49
WutheringHeights,romance,unigrams,else,47
WutheringHeights,romance,unigrams,lay,42
WutheringHeights,romance,unigrams,bear,42
WutheringHeights,romance,unigrams,hope,41
WutheringHeights,romance,unigrams,son,41
WutheringHeights,romance,unigrams,rose,34
WutheringHeights,romance,unigrams,glad,32
WutheringHeights,romance,unigrams,drew,31
WutheringHeights,romance,unigrams,happy,28
WutheringHeights,romance,unigrams,wait,25
WutheringHeights,romance,unigrams,fancy,25
WutheringHeights,romance,unigrams,joy,25
WutheringHeights,romance,unigrams,kenneth,24
WutheringHeights,romance,unigrams,park,23
WutheringHeights,romance,unigrams,red,19
WutheringHeights,romance,unigrams,chance,19
WutheringHeights,romance,bigrams,miss cathy,38
WutheringHeights,romance,bigrams,mrs dean,37
WutheringHeights,romance,bigrams,miss catherine,31
WutheringHeights,romance,bigrams,mr edgar,21
WutheringHeights,romance,bigrams,said catherine,17
WutheringHeights,romance,bigrams,could bear,12
WutheringHeights,romance,bigrams,cried catherine,10
WutheringHeights,romance,bigrams,could see,9
WutheringHeights,romance,bigrams,one else,9
WutheringHeights,romance,bigrams,catherine said,9
WutheringHeights,romance,bigrams,mr kenneth,9
WutheringHeights,romance,bigrams,nelly said,7
WutheringHeights,romance,bigrams,may come,7
WutheringHeights,romance,bigrams,catherine could,7
WutheringHeights,romance,bigrams,wait till,6
WutheringHeights,romance,bigrams,catherine would,6
WutheringHeights,romance,bigrams,said joseph,6
WutheringHeights,romance,bigrams,ellen dean,6
WutheringHeights,romance,bigrams,may go,5
WutheringHeights,romance,bigrams,catherine love,5
WutheringHeights,romance,bigrams,cannot say,5
WutheringHeights,romance,bigrams,miss isabella,5
WutheringHeights,romance,bigrams,nothing else,5
WutheringHeights,romance,bigrams,nelly dean,5
WutheringHeights,romance,bigrams,wish may,5
WutheringHeights,romance,bigrams,see face,5
WutheringHeights,romance,bigrams,papa ellen,5
WutheringHeights,romance,bigrams,aunt isabella,5
WutheringHeights,romance,bigrams,four miles,4
WutheringHeights,romance,bigrams,see whether,4
WutheringHeights,romance,bigrams,would bear,4
WutheringHeights,romance,bigrams,go see,4
WutheringHeights,romance,bigrams,see us,4
WutheringHeights,romance,bigrams,ellen said,4
WutheringHeights,romance,bigrams,say would,4
WutheringHeights,romance,bigrams,love mr,4
WutheringHeights,romance,bigrams,catherine go,4
WutheringHeights,romance,bigrams,say catherine,4
WutheringHeights,romance,bigrams,love would,4
WutheringHeights,romance,bigrams,come see,4
WutheringHeights,romance,bigrams,cathy said,4
WutheringHeights,romance,bigrams,see hear,4
WutheringHeights,romance,bigrams,wish see,4
WutheringHeights,romance,bigrams,see catherine,4
WutheringHeights,romance,bigrams,cathy would,4
WutheringHeights,romance,bigrams,ellen cried,4
WutheringHeights,romance,bigrams,want see,4
WutheringHeights,romance,bigrams,glad see,4
WutheringHeights,romance,bigrams,see mr,4
WutheringHeights,romance,bigrams,love better,4
WutheringHeights,romance,bigrams,may guess,3
WutheringHeights,romance,bigrams,door joseph,3
WutheringHeights,romance,bigrams,till catherine,3
WutheringHeights,romance,bigrams,catherine name,3
WutheringHeights,romance,bigrams,two miles,3
WutheringHeights,romance,bigrams,think happy,3
WutheringHeights,romance,bigrams,cathy sat,3
WutheringHeights,romance,bigrams,little cathy,3
WutheringHeights,romance,bigrams,would say,3
WutheringHeights,romance,bigrams,joseph could,3
WutheringHeights,romance,bigrams,catherine ran,3
WutheringHeights,romance,bigrams,catherine get,3
WutheringHeights,romance,bigrams,catherine cried,3
WutheringHeights,romance,bigrams,told catherine,3
WutheringHeights,romance,bigrams,catherine stay,3
WutheringHeights,romance,bigrams,edgar shall,3
WutheringHeights,romance,bigrams,let see,3
WutheringHeights,romance,bigrams,catherine took,3
WutheringHeights,romance,bigrams,oh nelly,3
WutheringHeights,romance,bigrams,drew breath,3
WutheringHeights,romance,bigrams,would love,3
WutheringHeights,romance,bigrams,know love,3
WutheringHeights,romance,bigrams,whispered catherine,3
WutheringHeights,romance,bigrams,catherine good,3
WutheringHeights,romance,bigrams,servant joseph,3
WutheringHeights,romance,bigrams,may well,3
WutheringHeights,romance,bigrams,ellen catherine,3
WutheringHeights,romance,bigrams,catherine ill,3
WutheringHeights,romance,bigrams,dean said,3
WutheringHeights,romance,bigrams,may say,3
WutheringHeights,romance,bigrams,say say,3
WutheringHeights,romance,trigrams,done miss cathy,3
WutheringHeights,romance,trigrams,every one else,2
WutheringHeights,romance,trigrams,alone miss catherine,2
WutheringHeights,romance,trigrams,miss catherine cried,2
WutheringHeights,romance,trigrams,make mrs dean,2
WutheringHeights,romance,trigrams,love mr edgar,2
WutheringHeights,romance,trigrams,would degrade marry,2
WutheringHeights,romance,trigrams,well said catherine,2
WutheringHeights,romance,trigrams,coming cried catherine,2
WutheringHeights,romance,trigrams,let alone catherine,2
WutheringHeights,romance,trigrams,nobbut wish may,2
WutheringHeights,romance,trigrams,could bear see,2
WutheringHeights,romance,trigrams,good evening joseph,2
WutheringHeights,romance,trigrams,son certain would,2
WutheringHeights,romance,trigrams,would say catherine,2
WutheringHeights,romance,trigrams,mr edgar door,2
WutheringHeights,romance,trigrams,say good bye,2
WutheringHeights,romance,trigrams,one could see,2
WutheringHeights,romance,trigrams,emily chapter returned,1
WutheringHeights,romance,trigrams,arrival express hope,1
WutheringHeights,romance,trigrams,express hope perseverance,1
WutheringHeights,romance,trigrams,hope perseverance soliciting,1
WutheringHeights,romance,trigrams,exaggeratedly reserved saw,1
WutheringHeights,romance,trigrams,reserved saw horse,1
WutheringHeights,romance,trigrams,saw horse breast,1
WutheringHeights,romance,trigrams,calling court joseph,1
WutheringHeights,romance,trigrams,court joseph take,1
WutheringHeights,romance,trigrams,joseph take mr,1
WutheringHeights,romance,trigrams,cattle hedge joseph,1
WutheringHeights,romance,trigrams,hedge joseph elderly,1
WutheringHeights,romance,trigrams,joseph elderly nay,1
WutheringHeights,romance,trigrams,perhaps though hale,1
WutheringHeights,romance,trigrams,though hale sinewy,1
WutheringHeights,romance,trigrams,hale sinewy lord,1
WutheringHeights,romance,trigrams,station exposed stormy,1
WutheringHeights,romance,trigrams,exposed stormy weather,1
WutheringHeights,romance,trigrams,stormy weather pure,1
WutheringHeights,romance,trigrams,indeed one may,1
WutheringHeights,romance,trigrams,one may guess,1
WutheringHeights,romance,trigrams,may guess power,1
WutheringHeights,romance,trigrams,gaunt one way,1
WutheringHeights,romance,trigrams,one way craving,1
WutheringHeights,romance,trigrams,way craving alms,1
WutheringHeights,romance,trigrams,silver towering row,1
WutheringHeights,romance,trigrams,towering row row,1
WutheringHeights,romance,trigrams,row row vast,1
WutheringHeights,romance,trigrams,row vast oak,1
WutheringHeights,romance,trigrams,entire anatomy lay,1
WutheringHeights,romance,trigrams,anatomy lay bare,1
WutheringHeights,romance,trigrams,lay bare inquiring,1
WutheringHeights,romance,trigrams,except frame wood,1
WutheringHeights,romance,trigrams,frame wood laden,1
WutheringHeights,romance,trigrams,wood laden beef,1
WutheringHeights,romance,trigrams,beef mutton ham,1
WutheringHeights,romance,trigrams,mutton ham concealed,1
WutheringHeights,romance,trigrams,ham concealed chimney,1
WutheringHeights,romance,trigrams,couple horse way,1
WutheringHeights,romance,trigrams,horse way ornament,1
WutheringHeights,romance,trigrams,way ornament three,1
WutheringHeights,romance,trigrams,five six miles,1
WutheringHeights,romance,trigrams,six miles among,1
WutheringHeights,romance,trigrams,miles among go,1
SenseAndSensibility,romance,unigrams,elinor,685
SenseAndSensibility,romance,unigrams,marianne,566
SenseAndSensibility,romance,unigrams,edward,263
SenseAndSensibility,romance,unigrams,lucy,186
SenseAndSensibility,romance,unigrams,may,175
SenseAndSensibility,romance,unigrams,see,173
SenseAndSensibility,romance,unigrams,john,164
SenseAndSensibility,romance,unigrams,say,160
SenseAndSensibility,romance,unigrams,brandon,144
SenseAndSensibility,romance,unigrams,saw,114
SenseAndSensibility,romance,unigrams,happy,100
SenseAndSensibility,romance,unigrams,barton,89
SenseAndSensibility,romance,unigrams,hope,88
SenseAndSensibility,romance,unigrams,town,86
SenseAndSensibility,romance,unigrams,love,77
SenseAndSensibility,romance,unigrams,palmer,77
SenseAndSensibility,romance,unigrams,way,74
SenseAndSensibility,romance,unigrams,park,52
SenseAndSensibility,romance,unigrams,fanny,48
SenseAndSensibility,romance,unigrams,else,46
SenseAndSensibility,romance,unigrams,glad,44
SenseAndSensibility,romance,unigrams,fortune,38
SenseAndSensibility,romance,unigrams,robert,37
SenseAndSensibility,romance,unigrams,margaret,36
SenseAndSensibility,romance,unigrams,case,36
SenseAndSensibility,romance,unigrams,son,35
SenseAndSensibility,romance,unigrams,fancy,31
SenseAndSensibility,romance,unigrams,marry,29
SenseAndSensibility,romance,unigrams,joy,24
SenseAndSensibility,romance,unigrams,charlotte,24
SenseAndSensibility,romance,unigrams,worth,23
SenseAndSensibility,romance,unigrams,bear,23
SenseAndSensibility,romance,unigrams,chance,21
SenseAndSensibility,romance,unigrams,wait,21
SenseAndSensibility,romance,bigrams,colonel brandon,132
SenseAndSensibility,romance,bigrams,sir john,112
SenseAndSensibility,romance,bigrams,said elinor,68
SenseAndSensibility,romance,bigrams,mrs palmer,38
SenseAndSensibility,romance,bigrams,mr palmer,37
SenseAndSensibility,romance,bigrams,dare say,34
SenseAndSensibility,romance,bigrams,said marianne,30
SenseAndSensibility,romance,bigrams,elinor could,29
SenseAndSensibility,romance,bigrams,mrs john,25
SenseAndSensibility,romance,bigrams,cried marianne,25
SenseAndSensibility,romance,bigrams,miss marianne,18
SenseAndSensibility,romance,bigrams,mrs smith,17
SenseAndSensibility,romance,bigrams,miss morton,15
SenseAndSensibility,romance,bigrams,mrs elinor,14
SenseAndSensibility,romance,bigrams,marianne could,13
SenseAndSensibility,romance,bigrams,elinor marianne,13
SenseAndSensibility,romance,bigrams,elinor would,13
SenseAndSensibility,romance,bigrams,barton park,12
SenseAndSensibility,romance,bigrams,elinor said,11
SenseAndSensibility,romance,bigrams,said lucy,11
SenseAndSensibility,romance,bigrams,elinor saw,10
SenseAndSensibility,romance,bigrams,marianne said,10
SenseAndSensibility,romance,bigrams,marianne would,10
SenseAndSensibility,romance,bigrams,mr edward,10
SenseAndSensibility,romance,bigrams,poor edward,10
SenseAndSensibility,romance,bigrams,mr harris,10
SenseAndSensibility,romance,bigrams,ever saw,9
SenseAndSensibility,romance,bigrams,thing else,9
SenseAndSensibility,romance,bigrams,elinor found,9
SenseAndSensibility,romance,bigrams,could bear,9
SenseAndSensibility,romance,bigrams,elinor much,8
SenseAndSensibility,romance,bigrams,never see,8
SenseAndSensibility,romance,bigrams,shall see,8
SenseAndSensibility,romance,bigrams,see said,8
SenseAndSensibility,romance,bigrams,room elinor,8
SenseAndSensibility,romance,bigrams,body else,8
SenseAndSensibility,romance,bigrams,could see,8
SenseAndSensibility,romance,bigrams,never saw,8
SenseAndSensibility,romance,bigrams,edward would,8
SenseAndSensibility,romance,bigrams,must say,7
SenseAndSensibility,romance,bigrams,barton cottage,7
SenseAndSensibility,romance,bigrams,edward elinor,7
SenseAndSensibility,romance,bigrams,marianne still,7
SenseAndSensibility,romance,bigrams,could say,7
SenseAndSensibility,romance,bigrams,chapter elinor,7
SenseAndSensibility,romance,bigrams,dear elinor,7
SenseAndSensibility,romance,bigrams,cannot bear,7
SenseAndSensibility,romance,bigrams,cried elinor,7
SenseAndSensibility,romance,bigrams,edward said,7
SenseAndSensibility,romance,bigrams,something else,7
SenseAndSensibility,romance,bigrams,cried lucy,7
SenseAndSensibility,romance,bigrams,elinor feel,6
SenseAndSensibility,romance,bigrams,perhaps may,6
SenseAndSensibility,romance,bigrams,may think,6
SenseAndSensibility,romance,bigrams,present case,6
SenseAndSensibility,romance,bigrams,john would,6
SenseAndSensibility,romance,bigrams,elinor soon,6
SenseAndSensibility,romance,bigrams,marianne heart,6
SenseAndSensibility,romance,bigrams,marianne elinor,6
SenseAndSensibility,romance,bigrams,saw nothing,6
SenseAndSensibility,romance,bigrams,elinor obliged,6
SenseAndSensibility,romance,bigrams,come see,6
SenseAndSensibility,romance,bigrams,elinor though,6
SenseAndSensibility,romance,bigrams,john mrs,6
SenseAndSensibility,romance,bigrams,would glad,6
SenseAndSensibility,romance,bigrams,john lady,6
SenseAndSensibility,romance,bigrams,glad see,6
SenseAndSensibility,romance,bigrams,lucy think,6
SenseAndSensibility,romance,bigrams,may well,6
SenseAndSensibility,romance,bigrams,elinor wished,6
SenseAndSensibility,romance,bigrams,saw marianne,6
SenseAndSensibility,romance,bigrams,marianne might,6
SenseAndSensibility,romance,bigrams,marianne found,6
SenseAndSensibility,romance,bigrams,lucy would,6
SenseAndSensibility,romance,bigrams,whatever may,5
SenseAndSensibility,romance,bigrams,elinor one,5
SenseAndSensibility,romance,bigrams,happy man,5
SenseAndSensibility,romance,bigrams,continued elinor,5
SenseAndSensibility,romance,bigrams,marianne mother,5
SenseAndSensibility,romance,bigrams,well marianne,5
SenseAndSensibility,romance,bigrams,upon elinor,5
SenseAndSensibility,romance,bigrams,marianne must,5
SenseAndSensibility,romance,bigrams,chapter marianne,5
SenseAndSensibility,romance,bigrams,elinor cried,5
SenseAndSensibility,romance,bigrams,say much,5
SenseAndSensibility,romance,bigrams,one else,5
SenseAndSensibility,romance,bigrams,sister elinor,5
SenseAndSensibility,romance,bigrams,time marianne,5
SenseAndSensibility,romance,bigrams,oh elinor,5
SenseAndSensibility,romance,bigrams,elinor tried,5
SenseAndSensibility,romance,bigrams,go town,5
SenseAndSensibility,romance,bigrams,could elinor,5
SenseAndSensibility,romance,bigrams,elinor without,5
SenseAndSensibility,romance,bigrams,elinor felt,5
SenseAndSensibility,romance,bigrams,affection marianne,5
SenseAndSensibility,romance,bigrams,ever see,5
SenseAndSensibility,romance,bigrams,said edward,5
SenseAndSensibility,romance,bigrams,glad know,5
SenseAndSensibility,romance,bigrams,monstrous glad,5
SenseAndSensibility,romance,bigrams,word elinor,5
SenseAndSensibility,romance,bigrams,miss lucy,5
SenseAndSensibility,romance,bigrams,returned elinor,5
SenseAndSensibility,romance,bigrams,elinor made,5
SenseAndSensibility,romance,bigrams,mr robert,5
SenseAndSensibility,romance,bigrams,lucy could,5
SenseAndSensibility,romance,bigrams,marianne though,5
SenseAndSensibility,romance,bigrams,edward lucy,5
SenseAndSensibility,romance,bigrams,see marianne,5
SenseAndSensibility,romance,bigrams,elinor left,5
SenseAndSensibility,romance,bigrams,elinor heart,5
SenseAndSensibility,romance,bigrams,may come,4
SenseAndSensibility,romance,bigrams,well may,4
SenseAndSensibility,romance,bigrams,eldest son,4
SenseAndSensibility,romance,bigrams,elinor know,4
SenseAndSensibility,romance,bigrams,dear marianne,4
SenseAndSensibility,romance,bigrams,marianne may,4
SenseAndSensibility,romance,bigrams,elinor think,4
SenseAndSensibility,romance,bigrams,may say,4
SenseAndSensibility,romance,bigrams,say would,4
SenseAndSensibility,romance,bigrams,say shall,4
SenseAndSensibility,romance,bigrams,nothing say,4
SenseAndSensibility,romance,bigrams,know elinor,4
SenseAndSensibility,romance,bigrams,john could,4
SenseAndSensibility,romance,bigrams,well worth,4
SenseAndSensibility,romance,bigrams,silent elinor,4
SenseAndSensibility,romance,bigrams,sorry see,4
SenseAndSensibility,romance,bigrams,give way,4
SenseAndSensibility,romance,bigrams,elinor thought,4
SenseAndSensibility,romance,bigrams,marianne sure,4
SenseAndSensibility,romance,bigrams,indeed elinor,4
SenseAndSensibility,romance,bigrams,marianne felt,4
SenseAndSensibility,romance,bigrams,miles barton,4
SenseAndSensibility,romance,bigrams,elinor say,4
SenseAndSensibility,romance,bigrams,marianne never,4
SenseAndSensibility,romance,bigrams,morning marianne,4
SenseAndSensibility,romance,bigrams,marianne turned,4
SenseAndSensibility,romance,bigrams,marianne nothing,4
SenseAndSensibility,romance,bigrams,know may,4
SenseAndSensibility,romance,bigrams,may may,4
SenseAndSensibility,romance,bigrams,elinor every,4
SenseAndSensibility,romance,bigrams,may perhaps,4
SenseAndSensibility,romance,bigrams,even elinor,4
SenseAndSensibility,romance,bigrams,marianne cried,4
SenseAndSensibility,romance,bigrams,nothing else,4
SenseAndSensibility,romance,bigrams,large fortune,4
SenseAndSensibility,romance,bigrams,elinor spite,4
SenseAndSensibility,romance,bigrams,elinor hardly,4
SenseAndSensibility,romance,bigrams,think edward,4
SenseAndSensibility,romance,bigrams,wait till,4
SenseAndSensibility,romance,trigrams,said sir john,7
SenseAndSensibility,romance,trigrams,sir john mrs,6
SenseAndSensibility,romance,trigrams,sir john lady,6
SenseAndSensibility,romance,trigrams,sir john would,5
SenseAndSensibility,romance,trigrams,marianne said elinor,4
SenseAndSensibility,romance,trigrams,cried sir john,4
SenseAndSensibility,romance,trigrams,sir john could,4
SenseAndSensibility,romance,trigrams,every thing else,4
SenseAndSensibility,romance,trigrams,dare say shall,3
SenseAndSensibility,romance,trigrams,park next day,3
SenseAndSensibility,romance,trigrams,colonel brandon much,3
SenseAndSensibility,romance,trigrams,suppose said elinor,3
SenseAndSensibility,romance,trigrams,colonel brandon come,3
SenseAndSensibility,romance,trigrams,colonel brandon marianne,3
SenseAndSensibility,romance,trigrams,said colonel brandon,3
SenseAndSensibility,romance,trigrams,morton thirty thousand,3
SenseAndSensibility,romance,trigrams,poor mr edward,3
SenseAndSensibility,romance,trigrams,mrs elinor left,3
SenseAndSensibility,romance,trigrams,thought colonel brandon,3
SenseAndSensibility,romance,trigrams,son son son,2
SenseAndSensibility,romance,trigrams,chapter mrs john,2
SenseAndSensibility,romance,trigrams,time may come,2
SenseAndSensibility,romance,trigrams,brother mrs john,2
SenseAndSensibility,romance,trigrams,mrs john gentleman,2
SenseAndSensibility,romance,trigrams,edward eldest son,2
SenseAndSensibility,romance,trigrams,said elinor know,2
SenseAndSensibility,romance,trigrams,shall never see,2
SenseAndSensibility,romance,trigrams,elinor said marianne,2
SenseAndSensibility,romance,trigrams,elinor could help,2
SenseAndSensibility,romance,trigrams,house sir john,2
SenseAndSensibility,romance,trigrams,within four miles,2
SenseAndSensibility,romance,trigrams,sir john first,2
SenseAndSensibility,romance,trigrams,however sir john,2
SenseAndSensibility,romance,trigrams,rest sir john,2
SenseAndSensibility,romance,trigrams,good sir john,2
SenseAndSensibility,romance,trigrams,friend sir john,2
SenseAndSensibility,romance,trigrams,colonel brandon alone,2
SenseAndSensibility,romance,trigrams,see colonel brandon,2
SenseAndSensibility,romance,trigrams,call colonel brandon,2
SenseAndSensibility,romance,trigrams,perhaps said elinor,2
SenseAndSensibility,romance,trigrams,colonel brandon wife,2
SenseAndSensibility,romance,trigrams,sir john urgent,2
SenseAndSensibility,romance,trigrams,say cried marianne,2
SenseAndSensibility,romance,trigrams,miss marianne must,2
SenseAndSensibility,romance,trigrams,cried marianne sparkling,2
SenseAndSensibility,romance,trigrams,sir john said,2
SenseAndSensibility,romance,trigrams,regard colonel brandon,2
SenseAndSensibility,romance,trigrams,however said elinor,2
SenseAndSensibility,romance,trigrams,elinor little observation,2
SenseAndSensibility,romance,trigrams,one evening park,2
SenseAndSensibility,romance,trigrams,low voice marianne,2
SenseAndSensibility,romance,trigrams,oh elinor cried,2
SenseAndSensibility,romance,trigrams,immediately colonel brandon,2
SenseAndSensibility,romance,trigrams,piano forte marianne,2
SenseAndSensibility,romance,trigrams,one colonel brandon,2
SenseAndSensibility,romance,trigrams,town cried mrs,2
SenseAndSensibility,romance,trigrams,sir john shall,2
SenseAndSensibility,romance,trigrams,see whether could,2
SenseAndSensibility,romance,trigrams,go colonel brandon,2
SenseAndSensibility,romance,trigrams,sir john cried,2
SenseAndSensibility,romance,trigrams,town winter miss,2
SenseAndSensibility,romance,trigrams,morning sir john,2
SenseAndSensibility,romance,trigrams,sir john left,2
SenseAndSensibility,romance,trigrams,little said elinor,2
SenseAndSensibility,romance,trigrams,marianne turned away,2
SenseAndSensibility,romance,trigrams,elinor could hardly,2
SenseAndSensibility,romance,trigrams,colonel brandon visit,2
SenseAndSensibility,romance,trigrams,colonel brandon could,2
SenseAndSensibility,romance,trigrams,marianne nothing could,2
SenseAndSensibility,romance,trigrams,shall see tomorrow,2
SenseAndSensibility,romance,trigrams,marianne quitted room,2
SenseAndSensibility,romance,trigrams,know may may,2
SenseAndSensibility,romance,trigrams,elinor liberty think,2
SenseAndSensibility,romance,trigrams,family sir john,2
SenseAndSensibility,romance,trigrams,every body else,2
SenseAndSensibility,romance,trigrams,would cried marianne,2
SenseAndSensibility,romance,trigrams,see said elinor,2
SenseAndSensibility,romance,trigrams,edward made answer,2
SenseAndSensibility,romance,trigrams,true said marianne,2
SenseAndSensibility,romance,trigrams,day sir john,2
SenseAndSensibility,romance,trigrams,elinor found every,2
SenseAndSensibility,romance,trigrams,brandon come back,2
SenseAndSensibility,romance,trigrams,mr palmer mr,2
SenseAndSensibility,romance,trigrams,palmer mr palmer,2
SenseAndSensibility,romance,trigrams,mrs palmer heartily,2
SenseAndSensibility,romance,trigrams,mr mrs palmer,2
SenseAndSensibility,romance,trigrams,mrs mrs palmer,2
SenseAndSensibility,romance,trigrams,mr palmer would,2
SenseAndSensibility,romance,trigrams,cried mrs palmer,2
SenseAndSensibility,romance,trigrams,said mrs palmer,2
SenseAndSensibility,romance,trigrams,mrs palmer soon,2
SenseAndSensibility,romance,trigrams,like elinor could,2
SenseAndSensibility,romance,trigrams,mr palmer excessively,2
SenseAndSensibility,romance,trigrams,certainly said elinor,2
SenseAndSensibility,romance,trigrams,mrs palmer ever,2
SenseAndSensibility,romance,trigrams,palmer ever spoke,2
SenseAndSensibility,romance,trigrams,dare say seen,2
SenseAndSensibility,romance,trigrams,upon word elinor,2
SenseAndSensibility,romance,trigrams,much colonel brandon,2
SenseAndSensibility,romance,trigrams,said elinor oh,2
SenseAndSensibility,romance,trigrams,colonel brandon yes,2
SenseAndSensibility,romance,trigrams,sir john believe,2
SenseAndSensibility,romance,trigrams,could sir john,2
SenseAndSensibility,romance,trigrams,said lucy think,2
SenseAndSensibility,romance,trigrams,think nothing else,2
SenseAndSensibility,romance,trigrams,know well elinor,2
SenseAndSensibility,romance,trigrams,half hour elinor,2
SenseAndSensibility,romance,trigrams,heavens cried elinor,2
SenseAndSensibility,romance,trigrams,present case really,2
SenseAndSensibility,romance,trigrams,elinor could longer,2
SenseAndSensibility,romance,trigrams,marianne could never,2
SenseAndSensibility,romance,trigrams,ever saw lucy,2
SenseAndSensibility,romance,trigrams,miss marianne would,2
SenseAndSensibility,romance,trigrams,always glad see,2
SenseAndSensibility,romance,trigrams,letter two penny,2
SenseAndSensibility,romance,trigrams,two penny post,2
SenseAndSensibility,romance,trigrams,colonel brandon great,2
SenseAndSensibility,romance,trigrams,left room elinor,2
SenseAndSensibility,romance,trigrams,said elinor go,2
SenseAndSensibility,romance,trigrams,say much little,2
SenseAndSensibility,romance,trigrams,though could see,2
SenseAndSensibility,romance,trigrams,every thing elinor,2
SenseAndSensibility,romance,trigrams,colonel brandon side,2
SenseAndSensibility,romance,trigrams,door cried elinor,2
SenseAndSensibility,romance,trigrams,anxious solicitude marianne,2
SenseAndSensibility,romance,trigrams,would better marianne,2
SenseAndSensibility,romance,trigrams,colonel brandon delicate,2
SenseAndSensibility,romance,trigrams,marianne left room,2
SenseAndSensibility,romance,trigrams,mr gray shop,2
SenseAndSensibility,romance,trigrams,house colonel brandon,2
SenseAndSensibility,romance,trigrams,colonel brandon man,2
SenseAndSensibility,romance,trigrams,colonel brandon must,2
SenseAndSensibility,romance,trigrams,miss morton daughter,2
SenseAndSensibility,romance,trigrams,exceedingly glad know,2
SenseAndSensibility,romance,trigrams,offer colonel brandon,2
SenseAndSensibility,romance,trigrams,talk something else,2
SenseAndSensibility,romance,trigrams,nothing world red,2
SenseAndSensibility,romance,trigrams,world red gum,2
SenseAndSensibility,romance,trigrams,well may wonder,2
SenseAndSensibility,romance,trigrams,talk subject elinor,2
SenseAndSensibility,romance,trigrams,first came barton,2
SenseAndSensibility,romance,trigrams,marrying miss morton,2
SenseAndSensibility,romance,trigrams,miss morton thirty,2
SenseAndSensibility,romance,trigrams,marry miss morton,2
SenseAndSensibility,romance,trigrams,sure lucy would,2
SenseAndSensibility,romance,trigrams,body else oh,2
SenseAndSensibility,romance,trigrams,wait two three,2
SenseAndSensibility,romance,trigrams,elinor said john,2
SenseAndSensibility,romance,trigrams,colonel brandon lately,2
SenseAndSensibility,romance,trigrams,colonel brandon would,2
SenseAndSensibility,romance,trigrams,mr palmer though,2
SenseAndSensibility,romance,trigrams,sir said elinor,2
SenseAndSensibility,romance,trigrams,colonel brandon mrs,2
SenseAndSensibility,romance,trigrams,marianne rather better,2
SenseAndSensibility,romance,trigrams,sense sensibility jane,1
SenseAndSensibility,romance,trigrams,sensibility jane contents,1
SenseAndSensibility,romance,trigrams,jane contents chapter,1
SenseAndSensibility,romance,trigrams,residence norland park,1
SenseAndSensibility,romance,trigrams,norland park property,1
SenseAndSensibility,romance,trigrams,park property many,1
SenseAndSensibility,romance,trigrams,nephew mr henry,1
SenseAndSensibility,romance,trigrams,mr henry legal,1
SenseAndSensibility,romance,trigrams,henry legal inheritor,1
SenseAndSensibility,romance,trigrams,mr mrs henry,1
SenseAndSensibility,romance,trigrams,mrs henry merely,1
SenseAndSensibility,romance,trigrams,henry merely interest,1
SenseAndSensibility,romance,trigrams,marriage mr henry,1
SenseAndSensibility,romance,trigrams,mr henry one,1
SenseAndSensibility,romance,trigrams,henry one son,1
SenseAndSensibility,romance,trigrams,one son present,1
SenseAndSensibility,romance,trigrams,son present lady,1
SenseAndSensibility,romance,trigrams,lady three son,1
SenseAndSensibility,romance,trigrams,three son steady,1
SenseAndSensibility,romance,trigrams,son steady respectable,1
SenseAndSensibility,romance,trigrams,amply provided fortune,1
SenseAndSensibility,romance,trigrams,provided fortune mother,1
SenseAndSensibility,romance,trigrams,fortune mother large,1
SenseAndSensibility,romance,trigrams,really important fortune,1
SenseAndSensibility,romance,trigrams,important fortune independent,1
SenseAndSensibility,romance,trigrams,fortune independent might,1
SenseAndSensibility,romance,trigrams,first wife fortune,1
SenseAndSensibility,romance,trigrams,wife fortune also,1
SenseAndSensibility,romance,trigrams,fortune also child,1
SenseAndSensibility,romance,trigrams,sake wife son,1
SenseAndSensibility,romance,trigrams,wife son son,1
SenseAndSensibility,romance,trigrams,son son child,1
SenseAndSensibility,romance,trigrams,son child four,1
SenseAndSensibility,romance,trigrams,four old way,1
SenseAndSensibility,romance,trigrams,old way leave,1
SenseAndSensibility,romance,trigrams,way leave power,1
OnTheTrailOfTheSpacePirates,sci-fi,unigrams,tom,512
OnTheTrailOfTheSpacePirates,sci-fi,unigrams,roger,305
OnTheTrailOfTheSpacePirates,sci-fi,unigrams,see,76
OnTheTrailOfTheSpacePirates,sci-fi,unigrams,saw,60
OnTheTrailOfTheSpacePirates,sci-fi,unigrams,steve,48
OnTheTrailOfTheSpacePirates,sci-fi,unigrams,way,45
OnTheTrailOfTheSpacePirates,sci-fi,unigrams,ray,40
OnTheTrailOfTheSpacePirates,sci-fi,unigrams,skipper,37
OnTheTrailOfTheSpacePirates,sci-fi,unigrams,say,36
OnTheTrailOfTheSpacePirates,sci-fi,unigrams,major,30
OnTheTrailOfTheSpacePirates,sci-fi,unigrams,chance,27
OnTheTrailOfTheSpacePirates,sci-fi,unigrams,job,25
OnTheTrailOfTheSpacePirates,sci-fi,unigrams,pete,23
OnTheTrailOfTheSpacePirates,sci-fi,unigrams,gus,21
OnTheTrailOfTheSpacePirates,sci-fi,unigrams,rock,20
OnTheTrailOfTheSpacePirates,sci-fi,unigrams,venus,19
OnTheTrailOfTheSpacePirates,sci-fi,unigrams,mike,18
OnTheTrailOfTheSpacePirates,sci-fi,unigrams,hope,17
OnTheTrailOfTheSpacePirates,sci-fi,unigrams,wait,16
OnTheTrailOfTheSpacePirates,sci-fi,unigrams,luna,15
OnTheTrailOfTheSpacePirates,sci-fi,unigrams,lay,14
OnTheTrailOfTheSpacePirates,sci-fi,unigrams,guy,12
OnTheTrailOfTheSpacePirates,sci-fi,unigrams,sky,12
OnTheTrailOfTheSpacePirates,sci-fi,unigrams,star,12
OnTheTrailOfTheSpacePirates,sci-fi,unigrams,rose,11
OnTheTrailOfTheSpacePirates,sci-fi,unigrams,else,11
OnTheTrailOfTheSpacePirates,sci-fi,unigrams,carry,10
OnTheTrailOfTheSpacePirates,sci-fi,unigrams,red,10
OnTheTrailOfTheSpacePirates,sci-fi,bigrams,said tom,51
OnTheTrailOfTheSpacePirates,sci-fi,bigrams,tom roger,37
OnTheTrailOfTheSpacePirates,sci-fi,bigrams,sir tom,27
OnTheTrailOfTheSpacePirates,sci-fi,bigrams,said roger,23
OnTheTrailOfTheSpacePirates,sci-fi,bigrams,could see,17
OnTheTrailOfTheSpacePirates,sci-fi,bigrams,ray gun,17
OnTheTrailOfTheSpacePirates,sci-fi,bigrams,tom strong,16
OnTheTrailOfTheSpacePirates,sci-fi,bigrams,sir roger,15
OnTheTrailOfTheSpacePirates,sci-fi,bigrams,tom turned,13
OnTheTrailOfTheSpacePirates,sci-fi,bigrams,tom saw,12
OnTheTrailOfTheSpacePirates,sci-fi,bigrams,roger tom,11
OnTheTrailOfTheSpacePirates,sci-fi,bigrams,dog star,11
OnTheTrailOfTheSpacePirates,sci-fi,bigrams,tom could,9
OnTheTrailOfTheSpacePirates,sci-fi,bigrams,tom said,9
OnTheTrailOfTheSpacePirates,sci-fi,bigrams,luna city,9
OnTheTrailOfTheSpacePirates,sci-fi,bigrams,major savage,9
OnTheTrailOfTheSpacePirates,sci-fi,bigrams,steve said,8
OnTheTrailOfTheSpacePirates,sci-fi,bigrams,tom knew,7
OnTheTrailOfTheSpacePirates,sci-fi,bigrams,roger radar,7
OnTheTrailOfTheSpacePirates,sci-fi,bigrams,ship tom,7
OnTheTrailOfTheSpacePirates,sci-fi,bigrams,tom quickly,7
OnTheTrailOfTheSpacePirates,sci-fi,bigrams,space tom,6
OnTheTrailOfTheSpacePirates,sci-fi,bigrams,strong roger,6
OnTheTrailOfTheSpacePirates,sci-fi,bigrams,steve strong,6
OnTheTrailOfTheSpacePirates,sci-fi,bigrams,deck tom,6
OnTheTrailOfTheSpacePirates,sci-fi,bigrams,snapped tom,6
OnTheTrailOfTheSpacePirates,sci-fi,bigrams,turned roger,6
OnTheTrailOfTheSpacePirates,sci-fi,bigrams,tom thought,6
OnTheTrailOfTheSpacePirates,sci-fi,bigrams,roger strong,6
OnTheTrailOfTheSpacePirates,sci-fi,bigrams,tom captain,6
OnTheTrailOfTheSpacePirates,sci-fi,bigrams,tom suddenly,6
OnTheTrailOfTheSpacePirates,sci-fi,bigrams,tom space,5
OnTheTrailOfTheSpacePirates,sci-fi,bigrams,roger voice,5
OnTheTrailOfTheSpacePirates,sci-fi,bigrams,titan crystal,5
OnTheTrailOfTheSpacePirates,sci-fi,bigrams,roger said,5
OnTheTrailOfTheSpacePirates,sci-fi,bigrams,mike said,5
OnTheTrailOfTheSpacePirates,sci-fi,bigrams,right tom,5
OnTheTrailOfTheSpacePirates,sci-fi,bigrams,strong tom,5
OnTheTrailOfTheSpacePirates,sci-fi,bigrams,tom voice,5
OnTheTrailOfTheSpacePirates,sci-fi,bigrams,tom felt,5
OnTheTrailOfTheSpacePirates,sci-fi,bigrams,saw three,4
OnTheTrailOfTheSpacePirates,sci-fi,bigrams,know tom,4
OnTheTrailOfTheSpacePirates,sci-fi,bigrams,tom spoke,4
OnTheTrailOfTheSpacePirates,sci-fi,bigrams,mars venus,4
OnTheTrailOfTheSpacePirates,sci-fi,bigrams,roger right,4
OnTheTrailOfTheSpacePirates,sci-fi,bigrams,ship roger,4
OnTheTrailOfTheSpacePirates,sci-fi,bigrams,tom made,4
OnTheTrailOfTheSpacePirates,sci-fi,bigrams,tom watched,4
OnTheTrailOfTheSpacePirates,sci-fi,bigrams,scarlet clad,4
OnTheTrailOfTheSpacePirates,sci-fi,bigrams,wait minute,4
OnTheTrailOfTheSpacePirates,sci-fi,bigrams,wise guy,4
OnTheTrailOfTheSpacePirates,sci-fi,bigrams,mike strong,4
OnTheTrailOfTheSpacePirates,sci-fi,bigrams,gus luther,4
OnTheTrailOfTheSpacePirates,sci-fi,bigrams,roger suddenly,4
OnTheTrailOfTheSpacePirates,sci-fi,bigrams,get tom,4
OnTheTrailOfTheSpacePirates,sci-fi,bigrams,look tom,4
OnTheTrailOfTheSpacePirates,sci-fi,bigrams,lieutenant claude,4
OnTheTrailOfTheSpacePirates,sci-fi,bigrams,tom left,4
OnTheTrailOfTheSpacePirates,sci-fi,bigrams,roger solar,4
OnTheTrailOfTheSpacePirates,sci-fi,bigrams,good job,4
OnTheTrailOfTheSpacePirates,sci-fi,bigrams,roger turned,4
OnTheTrailOfTheSpacePirates,sci-fi,bigrams,tom one,4
OnTheTrailOfTheSpacePirates,sci-fi,bigrams,skipper said,4
OnTheTrailOfTheSpacePirates,sci-fi,bigrams,nicholas shinny,4
OnTheTrailOfTheSpacePirates,sci-fi,bigrams,cried tom,4
OnTheTrailOfTheSpacePirates,sci-fi,bigrams,guard tom,4
OnTheTrailOfTheSpacePirates,sci-fi,bigrams,turned tom,4
OnTheTrailOfTheSpacePirates,sci-fi,bigrams,take chance,4
OnTheTrailOfTheSpacePirates,sci-fi,bigrams,back tom,4
OnTheTrailOfTheSpacePirates,sci-fi,bigrams,roger watched,4
OnTheTrailOfTheSpacePirates,sci-fi,bigrams,something tom,3
OnTheTrailOfTheSpacePirates,sci-fi,bigrams,roger manning,3
OnTheTrailOfTheSpacePirates,sci-fi,bigrams,two tom,3
OnTheTrailOfTheSpacePirates,sci-fi,bigrams,tom finally,3
OnTheTrailOfTheSpacePirates,sci-fi,bigrams,yeah roger,3
OnTheTrailOfTheSpacePirates,sci-fi,bigrams,turned see,3
OnTheTrailOfTheSpacePirates,sci-fi,bigrams,toward tom,3
OnTheTrailOfTheSpacePirates,sci-fi,bigrams,forward tom,3
OnTheTrailOfTheSpacePirates,sci-fi,bigrams,tom arm,3
OnTheTrailOfTheSpacePirates,sci-fi,bigrams,back roger,3
OnTheTrailOfTheSpacePirates,sci-fi,bigrams,deck roger,3
OnTheTrailOfTheSpacePirates,sci-fi,bigrams,roger get,3
OnTheTrailOfTheSpacePirates,sci-fi,bigrams,room roger,3
OnTheTrailOfTheSpacePirates,sci-fi,bigrams,steve commander,3
OnTheTrailOfTheSpacePirates,sci-fi,bigrams,thing roger,3
OnTheTrailOfTheSpacePirates,sci-fi,bigrams,cruiser tom,3
OnTheTrailOfTheSpacePirates,sci-fi,bigrams,bridge roger,3
OnTheTrailOfTheSpacePirates,sci-fi,bigrams,around tom,3
OnTheTrailOfTheSpacePirates,sci-fi,bigrams,look roger,3
OnTheTrailOfTheSpacePirates,sci-fi,bigrams,right mike,3
OnTheTrailOfTheSpacePirates,sci-fi,bigrams,know roger,3
OnTheTrailOfTheSpacePirates,sci-fi,bigrams,roger still,3
OnTheTrailOfTheSpacePirates,sci-fi,bigrams,roger sure,3
OnTheTrailOfTheSpacePirates,sci-fi,bigrams,ground roger,3
OnTheTrailOfTheSpacePirates,sci-fi,bigrams,around see,3
OnTheTrailOfTheSpacePirates,sci-fi,bigrams,junior roger,3
OnTheTrailOfTheSpacePirates,sci-fi,bigrams,tom well,3
OnTheTrailOfTheSpacePirates,sci-fi,bigrams,come tom,3
OnTheTrailOfTheSpacePirates,sci-fi,bigrams,tom stepped,3
OnTheTrailOfTheSpacePirates,sci-fi,bigrams,roger big,3
OnTheTrailOfTheSpacePirates,sci-fi,bigrams,roger even,3
OnTheTrailOfTheSpacePirates,sci-fi,bigrams,tom power,3
OnTheTrailOfTheSpacePirates,sci-fi,bigrams,head tom,3
OnTheTrailOfTheSpacePirates,sci-fi,bigrams,tom quietly,3
OnTheTrailOfTheSpacePirates,sci-fi,bigrams,tom like,3
OnTheTrailOfTheSpacePirates,sci-fi,bigrams,tom go,3
OnTheTrailOfTheSpacePirates,sci-fi,bigrams,ship saw,3
OnTheTrailOfTheSpacePirates,sci-fi,bigrams,strong saw,3
OnTheTrailOfTheSpacePirates,sci-fi,bigrams,right steve,3
OnTheTrailOfTheSpacePirates,sci-fi,bigrams,good see,3
OnTheTrailOfTheSpacePirates,sci-fi,bigrams,nothing else,3
OnTheTrailOfTheSpacePirates,sci-fi,bigrams,blast tom,3
OnTheTrailOfTheSpacePirates,sci-fi,trigrams,sir said tom,14
OnTheTrailOfTheSpacePirates,sci-fi,trigrams,sir said roger,7
OnTheTrailOfTheSpacePirates,sci-fi,trigrams,roger radar bridge,5
OnTheTrailOfTheSpacePirates,sci-fi,trigrams,tom said strong,5
OnTheTrailOfTheSpacePirates,sci-fi,trigrams,freighter dog star,5
OnTheTrailOfTheSpacePirates,sci-fi,trigrams,tom captain strong,4
OnTheTrailOfTheSpacePirates,sci-fi,trigrams,roger solar guard,4
OnTheTrailOfTheSpacePirates,sci-fi,trigrams,solar guard tom,4
OnTheTrailOfTheSpacePirates,sci-fi,trigrams,tom roger watched,4
OnTheTrailOfTheSpacePirates,sci-fi,trigrams,tom space cadet,3
OnTheTrailOfTheSpacePirates,sci-fi,trigrams,tom saw three,3
OnTheTrailOfTheSpacePirates,sci-fi,trigrams,obviously something tom,3
OnTheTrailOfTheSpacePirates,sci-fi,trigrams,captain strong roger,3
OnTheTrailOfTheSpacePirates,sci-fi,trigrams,control deck tom,3
OnTheTrailOfTheSpacePirates,sci-fi,trigrams,radar bridge roger,3
OnTheTrailOfTheSpacePirates,sci-fi,trigrams,roger said tom,3
OnTheTrailOfTheSpacePirates,sci-fi,trigrams,said tom strong,3
OnTheTrailOfTheSpacePirates,sci-fi,trigrams,mike said strong,3
OnTheTrailOfTheSpacePirates,sci-fi,trigrams,right tom said,3
OnTheTrailOfTheSpacePirates,sci-fi,trigrams,ray gun jacket,3
OnTheTrailOfTheSpacePirates,sci-fi,trigrams,tom could hear,3
OnTheTrailOfTheSpacePirates,sci-fi,trigrams,tom jet boat,3
OnTheTrailOfTheSpacePirates,sci-fi,trigrams,yes sir tom,3
OnTheTrailOfTheSpacePirates,sci-fi,trigrams,saw three pretty,2
OnTheTrailOfTheSpacePirates,sci-fi,trigrams,tom young cadet,2
OnTheTrailOfTheSpacePirates,sci-fi,trigrams,two unit roger,2
OnTheTrailOfTheSpacePirates,sci-fi,trigrams,stepped forward tom,2
OnTheTrailOfTheSpacePirates,sci-fi,trigrams,ahead could see,2
OnTheTrailOfTheSpacePirates,sci-fi,trigrams,said tom remember,2
OnTheTrailOfTheSpacePirates,sci-fi,trigrams,yet steve commander,2
OnTheTrailOfTheSpacePirates,sci-fi,trigrams,sir tom strong,2
OnTheTrailOfTheSpacePirates,sci-fi,trigrams,right said roger,2
OnTheTrailOfTheSpacePirates,sci-fi,trigrams,tom turned away,2
OnTheTrailOfTheSpacePirates,sci-fi,trigrams,rocket cruiser tom,2
OnTheTrailOfTheSpacePirates,sci-fi,trigrams,tom roger radar,2
OnTheTrailOfTheSpacePirates,sci-fi,trigrams,radar bridge tom,2
OnTheTrailOfTheSpacePirates,sci-fi,trigrams,scarlet clad enlisted,2
OnTheTrailOfTheSpacePirates,sci-fi,trigrams,yeah said roger,2
OnTheTrailOfTheSpacePirates,sci-fi,trigrams,right mike strong,2
OnTheTrailOfTheSpacePirates,sci-fi,trigrams,tom said roger,2
OnTheTrailOfTheSpacePirates,sci-fi,trigrams,take easy roger,2
OnTheTrailOfTheSpacePirates,sci-fi,trigrams,roger sure said,2
OnTheTrailOfTheSpacePirates,sci-fi,trigrams,strong said tom,2
OnTheTrailOfTheSpacePirates,sci-fi,trigrams,said roger suddenly,2
OnTheTrailOfTheSpacePirates,sci-fi,trigrams,tom turned roger,2
OnTheTrailOfTheSpacePirates,sci-fi,trigrams,shook head tom,2
OnTheTrailOfTheSpacePirates,sci-fi,trigrams,tom power deck,2
OnTheTrailOfTheSpacePirates,sci-fi,trigrams,line equipment lay,2
OnTheTrailOfTheSpacePirates,sci-fi,trigrams,roger yes sir,2
OnTheTrailOfTheSpacePirates,sci-fi,trigrams,sir roger strong,2
OnTheTrailOfTheSpacePirates,sci-fi,trigrams,aye sir tom,2
OnTheTrailOfTheSpacePirates,sci-fi,trigrams,roger captain strong,2
OnTheTrailOfTheSpacePirates,sci-fi,trigrams,said tom took,2
OnTheTrailOfTheSpacePirates,sci-fi,trigrams,six way radar,2
OnTheTrailOfTheSpacePirates,sci-fi,trigrams,way radar sweep,2
OnTheTrailOfTheSpacePirates,sci-fi,trigrams,aboard dog star,2
OnTheTrailOfTheSpacePirates,sci-fi,trigrams,tom spoke quickly,2
OnTheTrailOfTheSpacePirates,sci-fi,trigrams,want know gus,2
OnTheTrailOfTheSpacePirates,sci-fi,trigrams,know gus strong,2
OnTheTrailOfTheSpacePirates,sci-fi,trigrams,later dog star,2
OnTheTrailOfTheSpacePirates,sci-fi,trigrams,another word tom,2
OnTheTrailOfTheSpacePirates,sci-fi,trigrams,asteroid belt hope,2
OnTheTrailOfTheSpacePirates,sci-fi,trigrams,major solar guard,2
OnTheTrailOfTheSpacePirates,sci-fi,trigrams,skyward tom saw,2
OnTheTrailOfTheSpacePirates,sci-fi,trigrams,tom knew would,2
OnTheTrailOfTheSpacePirates,sci-fi,trigrams,rose half crouch,2
OnTheTrailOfTheSpacePirates,sci-fi,trigrams,major savage injured,2
OnTheTrailOfTheSpacePirates,sci-fi,trigrams,ever see life,2
OnTheTrailOfTheSpacePirates,sci-fi,trigrams,tom could see,2
OnTheTrailOfTheSpacePirates,sci-fi,trigrams,tom shook head,2
OnTheTrailOfTheSpacePirates,sci-fi,trigrams,tried figure way,2
OnTheTrailOfTheSpacePirates,sci-fi,trigrams,tom felt hairy,2
OnTheTrailOfTheSpacePirates,sci-fi,trigrams,big man tom,2
OnTheTrailOfTheSpacePirates,sci-fi,trigrams,tom thought desperately,2
OnTheTrailOfTheSpacePirates,sci-fi,trigrams,solar guard roger,2
OnTheTrailOfTheSpacePirates,sci-fi,trigrams,liner mars venus,2
OnTheTrailOfTheSpacePirates,sci-fi,trigrams,ray pistol rifle,2
OnTheTrailOfTheSpacePirates,sci-fi,trigrams,tom left alone,2
OnTheTrailOfTheSpacePirates,sci-fi,trigrams,strong roger voice,2
OnTheTrailOfTheSpacePirates,sci-fi,trigrams,roger continued read,2
OnTheTrailOfTheSpacePirates,sci-fi,trigrams,pirate ray gun,2
OnTheTrailOfTheSpacePirates,sci-fi,trigrams,many miles away,2
OnTheTrailOfTheSpacePirates,sci-fi,trigrams,saw blip outline,2
OnTheTrailOfTheSpacePirates,sci-fi,trigrams,sir tom avenger,2
OnTheTrailOfTheSpacePirates,sci-fi,trigrams,roger voice crackled,2
OnTheTrailOfTheSpacePirates,sci-fi,trigrams,academy tom roger,2
OnTheTrailOfTheSpacePirates,sci-fi,trigrams,strong could see,2
OnTheTrailOfTheSpacePirates,sci-fi,trigrams,said tom quietly,2
OnTheTrailOfTheSpacePirates,sci-fi,trigrams,trail space tom,1
OnTheTrailOfTheSpacePirates,sci-fi,trigrams,space tom space,1
OnTheTrailOfTheSpacePirates,sci-fi,trigrams,cadet adventure willy,1
OnTheTrailOfTheSpacePirates,sci-fi,trigrams,adventure willy ley,1
OnTheTrailOfTheSpacePirates,sci-fi,trigrams,willy ley technical,1
OnTheTrailOfTheSpacePirates,sci-fi,trigrams,technical adviser louis,1
OnTheTrailOfTheSpacePirates,sci-fi,trigrams,adviser louis dunlap,1
OnTheTrailOfTheSpacePirates,sci-fi,trigrams,louis dunlap new,1
OnTheTrailOfTheSpacePirates,sci-fi,trigrams,men coldly tom,1
OnTheTrailOfTheSpacePirates,sci-fi,trigrams,coldly tom saw,1
OnTheTrailOfTheSpacePirates,sci-fi,trigrams,something tom young,1
OnTheTrailOfTheSpacePirates,sci-fi,trigrams,seven three royal,1
OnTheTrailOfTheSpacePirates,sci-fi,trigrams,three royal blue,1
OnTheTrailOfTheSpacePirates,sci-fi,trigrams,royal blue space,1
PlagueShip,sci-fi,unigrams,dane,534
PlagueShip,sci-fi,unigrams,van,144
PlagueShip,sci-fi,unigrams,way,73
PlagueShip,sci-fi,unigrams,see,69
PlagueShip,sci-fi,unigrams,saw,36
PlagueShip,sci-fi,unigrams,cat,33
PlagueShip,sci-fi,unigrams,red,32
PlagueShip,sci-fi,unigrams,chance,27
PlagueShip,sci-fi,unigrams,wood,27
PlagueShip,sci-fi,unigrams,shannon,24
PlagueShip,sci-fi,unigrams,cam,24
PlagueShip,sci-fi,unigrams,storm,23
PlagueShip,sci-fi,unigrams,lay,21
PlagueShip,sci-fi,unigrams,hope,21
PlagueShip,sci-fi,unigrams,star,20
PlagueShip,sci-fi,unigrams,may,20
PlagueShip,sci-fi,unigrams,forest,18
PlagueShip,sci-fi,unigrams,say,17
PlagueShip,sci-fi,unigrams,frank,15
PlagueShip,sci-fi,unigrams,wait,15
PlagueShip,sci-fi,unigrams,rock,15
PlagueShip,sci-fi,unigrams,rod,14
PlagueShip,sci-fi,unigrams,job,14
PlagueShip,sci-fi,unigrams,gray,13
PlagueShip,sci-fi,unigrams,case,13
PlagueShip,sci-fi,unigrams,hunt,13
PlagueShip,sci-fi,unigrams,hall,13
PlagueShip,sci-fi,unigrams,luna,13
PlagueShip,sci-fi,unigrams,drew,12
PlagueShip,sci-fi,unigrams,else,11
PlagueShip,sci-fi,unigrams,ray,11
PlagueShip,sci-fi,bigrams,dane could,15
PlagueShip,sci-fi,bigrams,dane thought,14
PlagueShip,sci-fi,bigrams,could see,14
PlagueShip,sci-fi,bigrams,dane knew,13
PlagueShip,sci-fi,bigrams,rip dane,13
PlagueShip,sci-fi,bigrams,sleep rod,10
PlagueShip,sci-fi,bigrams,dane went,9
PlagueShip,sci-fi,bigrams,grass forest,7
PlagueShip,sci-fi,bigrams,dane saw,7
PlagueShip,sci-fi,bigrams,tri dee,7
PlagueShip,sci-fi,bigrams,storm priest,7
PlagueShip,sci-fi,bigrams,something else,7
PlagueShip,sci-fi,bigrams,dane back,6
PlagueShip,sci-fi,bigrams,dane rip,6
PlagueShip,sci-fi,bigrams,sir dane,6
PlagueShip,sci-fi,bigrams,dane felt,5
PlagueShip,sci-fi,bigrams,dane noted,5
PlagueShip,sci-fi,bigrams,dane put,5
PlagueShip,sci-fi,bigrams,dane caught,5
PlagueShip,sci-fi,bigrams,dane sure,5
PlagueShip,sci-fi,bigrams,red wood,5
PlagueShip,sci-fi,bigrams,dane turned,5
PlagueShip,sci-fi,bigrams,dane gave,5
PlagueShip,sci-fi,bigrams,dane found,5
PlagueShip,sci-fi,bigrams,dane answer,5
PlagueShip,sci-fi,bigrams,luna city,5
PlagueShip,sci-fi,bigrams,dane tried,4
PlagueShip,sci-fi,bigrams,van cargo,4
PlagueShip,sci-fi,bigrams,dane sat,4
PlagueShip,sci-fi,bigrams,man dane,4
PlagueShip,sci-fi,bigrams,van dane,4
PlagueShip,sci-fi,bigrams,knew van,4
PlagueShip,sci-fi,bigrams,time see,4
PlagueShip,sci-fi,bigrams,craig tau,4
PlagueShip,sci-fi,bigrams,dane know,4
PlagueShip,sci-fi,bigrams,good fortune,4
PlagueShip,sci-fi,bigrams,queen dane,4
PlagueShip,sci-fi,bigrams,dane said,4
PlagueShip,sci-fi,bigrams,time dane,4
PlagueShip,sci-fi,bigrams,hand dane,4
PlagueShip,sci-fi,bigrams,dane waved,4
PlagueShip,sci-fi,bigrams,could hope,4
PlagueShip,sci-fi,bigrams,rip shannon,3
PlagueShip,sci-fi,bigrams,behind van,3
PlagueShip,sci-fi,bigrams,dane pace,3
PlagueShip,sci-fi,bigrams,men dane,3
PlagueShip,sci-fi,bigrams,door dane,3
PlagueShip,sci-fi,bigrams,equipment dane,3
PlagueShip,sci-fi,bigrams,saw van,3
PlagueShip,sci-fi,bigrams,jellico van,3
PlagueShip,sci-fi,bigrams,dane drew,3
PlagueShip,sci-fi,bigrams,drew deep,3
PlagueShip,sci-fi,bigrams,trade dane,3
PlagueShip,sci-fi,bigrams,far dane,3
PlagueShip,sci-fi,bigrams,enough dane,3
PlagueShip,sci-fi,bigrams,dane surprise,3
PlagueShip,sci-fi,bigrams,must dane,3
PlagueShip,sci-fi,bigrams,dane spoke,3
PlagueShip,sci-fi,bigrams,free dane,3
PlagueShip,sci-fi,bigrams,put cat,3
PlagueShip,sci-fi,bigrams,catnip dane,3
PlagueShip,sci-fi,bigrams,dane came,3
PlagueShip,sci-fi,bigrams,dane got,3
PlagueShip,sci-fi,bigrams,dane left,3
PlagueShip,sci-fi,bigrams,shannon voice,3
PlagueShip,sci-fi,bigrams,van jellico,3
PlagueShip,sci-fi,bigrams,dane seen,3
PlagueShip,sci-fi,bigrams,dane would,3
PlagueShip,sci-fi,bigrams,another way,3
PlagueShip,sci-fi,bigrams,back van,3
PlagueShip,sci-fi,bigrams,dane understood,3
PlagueShip,sci-fi,bigrams,dane think,3
PlagueShip,sci-fi,bigrams,though dane,3
PlagueShip,sci-fi,bigrams,great hall,3
PlagueShip,sci-fi,bigrams,dane see,3
PlagueShip,sci-fi,bigrams,closed dane,3
PlagueShip,sci-fi,bigrams,dane watched,3
PlagueShip,sci-fi,bigrams,dane cabin,3
PlagueShip,sci-fi,bigrams,corridor dane,3
PlagueShip,sci-fi,bigrams,dane took,3
PlagueShip,sci-fi,bigrams,dane shook,3
PlagueShip,sci-fi,bigrams,dane cut,3
PlagueShip,sci-fi,bigrams,sick bay,3
PlagueShip,sci-fi,bigrams,hydro dane,3
PlagueShip,sci-fi,bigrams,see many,3
PlagueShip,sci-fi,bigrams,dane little,3
PlagueShip,sci-fi,bigrams,dane struck,3
PlagueShip,sci-fi,bigrams,space dane,3
PlagueShip,sci-fi,bigrams,path ray,3
PlagueShip,sci-fi,bigrams,sleep ray,3
PlagueShip,sci-fi,bigrams,top star,3
PlagueShip,sci-fi,bigrams,done dane,3
PlagueShip,sci-fi,bigrams,andrew north,2
PlagueShip,sci-fi,bigrams,dane cargo,2
PlagueShip,sci-fi,bigrams,say nothing,2
PlagueShip,sci-fi,bigrams,dane go,2
PlagueShip,sci-fi,bigrams,van bulk,2
PlagueShip,sci-fi,bigrams,scent dane,2
PlagueShip,sci-fi,bigrams,dane corridor,2
PlagueShip,sci-fi,bigrams,dane hurried,2
PlagueShip,sci-fi,bigrams,red soil,2
PlagueShip,sci-fi,bigrams,idea van,2
PlagueShip,sci-fi,bigrams,van captain,2
PlagueShip,sci-fi,bigrams,thought dane,2
PlagueShip,sci-fi,bigrams,dane chief,2
PlagueShip,sci-fi,bigrams,led way,2
PlagueShip,sci-fi,bigrams,road dane,2
PlagueShip,sci-fi,bigrams,though van,2
PlagueShip,sci-fi,bigrams,van spite,2
PlagueShip,sci-fi,bigrams,order dane,2
PlagueShip,sci-fi,bigrams,dane able,2
PlagueShip,sci-fi,bigrams,see one,2
PlagueShip,sci-fi,bigrams,clan dane,2
PlagueShip,sci-fi,bigrams,blue gray,2
PlagueShip,sci-fi,bigrams,came dane,2
PlagueShip,sci-fi,bigrams,almost dane,2
PlagueShip,sci-fi,bigrams,face dane,2
PlagueShip,sci-fi,bigrams,shadow shield,2
PlagueShip,sci-fi,bigrams,wait upon,2
PlagueShip,sci-fi,bigrams,dane hand,2
PlagueShip,sci-fi,bigrams,one else,2
PlagueShip,sci-fi,bigrams,added van,2
PlagueShip,sci-fi,bigrams,one way,2
PlagueShip,sci-fi,bigrams,dane ever,2
PlagueShip,sci-fi,bigrams,either dane,2
PlagueShip,sci-fi,bigrams,way life,2
PlagueShip,sci-fi,bigrams,day dane,2
PlagueShip,sci-fi,bigrams,wall dane,2
PlagueShip,sci-fi,bigrams,job though,2
PlagueShip,sci-fi,bigrams,came forest,2
PlagueShip,sci-fi,trigrams,dane could see,5
PlagueShip,sci-fi,trigrams,van cargo master,4
PlagueShip,sci-fi,trigrams,dane drew deep,3
PlagueShip,sci-fi,trigrams,drew deep breath,3
PlagueShip,sci-fi,trigrams,dane shook head,3
PlagueShip,sci-fi,trigrams,two path ray,3
PlagueShip,sci-fi,trigrams,added van cargo,2
PlagueShip,sci-fi,trigrams,far dane could,2
PlagueShip,sci-fi,trigrams,tri dee print,2
PlagueShip,sci-fi,trigrams,bark weed cinnamon,2
PlagueShip,sci-fi,trigrams,dane left cabin,2
PlagueShip,sci-fi,trigrams,yes sir dane,2
PlagueShip,sci-fi,trigrams,dane mess cabin,2
PlagueShip,sci-fi,trigrams,dane went back,2
PlagueShip,sci-fi,trigrams,must dane said,2
PlagueShip,sci-fi,trigrams,could reach dane,2
PlagueShip,sci-fi,trigrams,clean bill health,2
PlagueShip,sci-fi,trigrams,ship sick bay,2
PlagueShip,sci-fi,trigrams,drew sleep rod,2
PlagueShip,sci-fi,trigrams,done good job,2
PlagueShip,sci-fi,trigrams,big burn dane,2
PlagueShip,sci-fi,trigrams,ship cat none,2
PlagueShip,sci-fi,trigrams,top star rating,2
PlagueShip,sci-fi,trigrams,dane put cage,2
PlagueShip,sci-fi,trigrams,cargo master van,2
PlagueShip,sci-fi,trigrams,andre writing andrew,1
PlagueShip,sci-fi,trigrams,writing andrew north,1
PlagueShip,sci-fi,trigrams,andrew north plague,1
PlagueShip,sci-fi,trigrams,ship copyright andrew,1
PlagueShip,sci-fi,trigrams,copyright andrew north,1
PlagueShip,sci-fi,trigrams,andrew north reserved,1
PlagueShip,sci-fi,trigrams,perfumed planet dane,1
PlagueShip,sci-fi,trigrams,planet dane cargo,1
PlagueShip,sci-fi,trigrams,dane cargo master,1
PlagueShip,sci-fi,trigrams,bather rip shannon,1
PlagueShip,sci-fi,trigrams,rip shannon assistant,1
PlagueShip,sci-fi,trigrams,shannon assistant senior,1
PlagueShip,sci-fi,trigrams,paste skin dane,1
PlagueShip,sci-fi,trigrams,skin dane rather,1
PlagueShip,sci-fi,trigrams,dane rather prominent,1
PlagueShip,sci-fi,trigrams,speech ended rich,1
PlagueShip,sci-fi,trigrams,ended rich chuckle,1
PlagueShip,sci-fi,trigrams,rich chuckle dane,1
PlagueShip,sci-fi,trigrams,chuckle dane tried,1
PlagueShip,sci-fi,trigrams,dane tried estimate,1
PlagueShip,sci-fi,trigrams,better according van,1
PlagueShip,sci-fi,trigrams,according van talk,1
PlagueShip,sci-fi,trigrams,van talk right,1
PlagueShip,sci-fi,trigrams,right head say,1
PlagueShip,sci-fi,trigrams,head say nothing,1
PlagueShip,sci-fi,trigrams,say nothing worth,1
PlagueShip,sci-fi,trigrams,nothing worth hearing,1
PlagueShip,sci-fi,trigrams,worth hearing sit,1
PlagueShip,sci-fi,trigrams,circular motion dane,1
PlagueShip,sci-fi,trigrams,motion dane go,1
PlagueShip,sci-fi,trigrams,dane go talking,1
PlagueShip,sci-fi,trigrams,going credit happy,1
PlagueShip,sci-fi,trigrams,credit happy works,1
PlagueShip,sci-fi,trigrams,happy works perversely,1
PlagueShip,sci-fi,trigrams,works perversely dane,1
PlagueShip,sci-fi,trigrams,perversely dane view,1
PlagueShip,sci-fi,trigrams,dane view immediate,1
PlagueShip,sci-fi,trigrams,tag service glad,1
PlagueShip,sci-fi,trigrams,service glad one,1
PlagueShip,sci-fi,trigrams,glad one easy,1
PlagueShip,sci-fi,trigrams,good thing van,1
PlagueShip,sci-fi,trigrams,thing van bulk,1
PlagueShip,sci-fi,trigrams,van bulk cover,1
PlagueShip,sci-fi,trigrams,cream even frank,1
PlagueShip,sci-fi,trigrams,even frank helping,1
PlagueShip,sci-fi,trigrams,frank helping spread,1
PlagueShip,sci-fi,trigrams,spicy scent dane,1
PlagueShip,sci-fi,trigrams,scent dane gingerly,1
PlagueShip,sci-fi,trigrams,dane gingerly loose,1
PlagueShip,sci-fi,trigrams,warm stepped ruby,1
PlagueShip,sci-fi,trigrams,stepped ruby tinted,1
PlagueShip,sci-fi,trigrams,ruby tinted soil,1
PlagueShip,sci-fi,trigrams,distaste waved dane,1
PlagueShip,sci-fi,trigrams,waved dane corridor,1
PlagueShip,sci-fi,trigrams,dane corridor sake,1
PlagueShip,sci-fi,trigrams,sake olfactory dane,1
PlagueShip,sci-fi,trigrams,olfactory dane hurried,1
PlagueShip,sci-fi,trigrams,dane hurried port,1
PlagueShip,sci-fi,trigrams,crust waiting van,1
PlagueShip,sci-fi,trigrams,waiting van cargo,1
PlagueShip,sci-fi,trigrams,green grass forest,1
PlagueShip,sci-fi,trigrams,grass forest beyond,1
PlagueShip,sci-fi,trigrams,forest beyond take,1
PlagueShip,sci-fi,trigrams,flowing carpet west,1
PlagueShip,sci-fi,trigrams,carpet west shallow,1
PlagueShip,sci-fi,trigrams,west shallow water,1
PlagueShip,sci-fi,trigrams,another trader cam,1
PlagueShip,sci-fi,trigrams,trader cam bid,1
PlagueShip,sci-fi,trigrams,cam bid trading,1
PlagueShip,sci-fi,trigrams,make comfortable fortune,1
PlagueShip,sci-fi,trigrams,comfortable fortune least,1
PlagueShip,sci-fi,trigrams,fortune least slight,1
PlagueShip,sci-fi,trigrams,bidding gem cam,1
PlagueShip,sci-fi,trigrams,gem cam well,1
PlagueShip,sci-fi,trigrams,cam well way,1
PlagueShip,sci-fi,trigrams,well way becoming,1
PlagueShip,sci-fi,trigrams,way becoming one,1
PlagueShip,sci-fi,trigrams,reward trading cam,1
PlagueShip,sci-fi,trigrams,trading cam default,1
PlagueShip,sci-fi,trigrams,cam default legal,1
PlagueShip,sci-fi,trigrams,legal left cam,1
PlagueShip,sci-fi,trigrams,left cam guide,1
PlagueShip,sci-fi,trigrams,cam guide much,1
PlagueShip,sci-fi,trigrams,concerning known dane,1
PlagueShip,sci-fi,trigrams,known dane sat,1
PlagueShip,sci-fi,trigrams,dane sat end,1
PlagueShip,sci-fi,trigrams,soil thin red,1
PlagueShip,sci-fi,trigrams,thin red soil,1
PlagueShip,sci-fi,trigrams,red soil glittering,1
PlagueShip,sci-fi,trigrams,method approach dane,1
PlagueShip,sci-fi,trigrams,approach dane considered,1
TheWarOfTheWorlds,sci-fi,unigrams,saw,131
TheWarOfTheWorlds,sci-fi,unigrams,way,100
TheWarOfTheWorlds,sci-fi,unigrams,red,73
TheWarOfTheWorlds,sci-fi,unigrams,see,70
TheWarOfTheWorlds,sci-fi,unigrams,hill,60
TheWarOfTheWorlds,sci-fi,unigrams,lay,49
TheWarOfTheWorlds,sci-fi,unigrams,sky,47
TheWarOfTheWorlds,sci-fi,unigrams,may,43
TheWarOfTheWorlds,sci-fi,unigrams,ray,39
TheWarOfTheWorlds,sci-fi,unigrams,rose,32
TheWarOfTheWorlds,sci-fi,unigrams,ulla,28
TheWarOfTheWorlds,sci-fi,unigrams,lane,26
TheWarOfTheWorlds,sci-fi,unigrams,chance,23
TheWarOfTheWorlds,sci-fi,unigrams,park,22
TheWarOfTheWorlds,sci-fi,unigrams,miles,20
TheWarOfTheWorlds,sci-fi,unigrams,dawn,18
TheWarOfTheWorlds,sci-fi,unigrams,say,17
TheWarOfTheWorlds,sci-fi,unigrams,star,15
TheWarOfTheWorlds,sci-fi,unigrams,case,15
TheWarOfTheWorlds,sci-fi,unigrams,richmond,15
TheWarOfTheWorlds,sci-fi,unigrams,wood,13
TheWarOfTheWorlds,sci-fi,unigrams,storm,12
TheWarOfTheWorlds,sci-fi,unigrams,drew,11
TheWarOfTheWorlds,sci-fi,unigrams,hope,11
TheWarOfTheWorlds,sci-fi,unigrams,town,11
TheWarOfTheWorlds,sci-fi,unigrams,west,11
TheWarOfTheWorlds,sci-fi,bigrams,heat ray,37
TheWarOfTheWorlds,sci-fi,bigrams,red weed,26
TheWarOfTheWorlds,sci-fi,bigrams,could see,24
TheWarOfTheWorlds,sci-fi,bigrams,ulla ulla,21
TheWarOfTheWorlds,sci-fi,bigrams,blue sky,6
TheWarOfTheWorlds,sci-fi,bigrams,saw one,6
TheWarOfTheWorlds,sci-fi,bigrams,made way,6
TheWarOfTheWorlds,sci-fi,bigrams,brother saw,6
TheWarOfTheWorlds,sci-fi,bigrams,regent park,6
TheWarOfTheWorlds,sci-fi,bigrams,primrose hill,6
TheWarOfTheWorlds,sci-fi,bigrams,falling star,5
TheWarOfTheWorlds,sci-fi,bigrams,st john,5
TheWarOfTheWorlds,sci-fi,bigrams,john wood,5
TheWarOfTheWorlds,sci-fi,bigrams,st george,5
TheWarOfTheWorlds,sci-fi,bigrams,george hill,5
TheWarOfTheWorlds,sci-fi,bigrams,smoke rose,4
TheWarOfTheWorlds,sci-fi,bigrams,say said,4
TheWarOfTheWorlds,sci-fi,bigrams,lay still,4
TheWarOfTheWorlds,sci-fi,bigrams,pine wood,4
TheWarOfTheWorlds,sci-fi,bigrams,crest hill,4
TheWarOfTheWorlds,sci-fi,bigrams,back saw,4
TheWarOfTheWorlds,sci-fi,bigrams,chance escape,4
TheWarOfTheWorlds,sci-fi,bigrams,way towards,4
TheWarOfTheWorlds,sci-fi,bigrams,little way,4
TheWarOfTheWorlds,sci-fi,bigrams,saw nothing,3
TheWarOfTheWorlds,sci-fi,bigrams,see thing,3
TheWarOfTheWorlds,sci-fi,bigrams,see man,3
TheWarOfTheWorlds,sci-fi,bigrams,pit saw,3
TheWarOfTheWorlds,sci-fi,bigrams,saw people,3
TheWarOfTheWorlds,sci-fi,bigrams,towards saw,3
TheWarOfTheWorlds,sci-fi,bigrams,clear way,3
TheWarOfTheWorlds,sci-fi,bigrams,way one,3
TheWarOfTheWorlds,sci-fi,bigrams,red glow,3
TheWarOfTheWorlds,sci-fi,bigrams,blood red,3
TheWarOfTheWorlds,sci-fi,bigrams,hill would,3
TheWarOfTheWorlds,sci-fi,bigrams,slope hill,3
TheWarOfTheWorlds,sci-fi,bigrams,hill towards,3
TheWarOfTheWorlds,sci-fi,bigrams,red glare,3
TheWarOfTheWorlds,sci-fi,bigrams,foot hill,3
TheWarOfTheWorlds,sci-fi,bigrams,worked way,3
TheWarOfTheWorlds,sci-fi,bigrams,way along,3
TheWarOfTheWorlds,sci-fi,bigrams,man lay,3
TheWarOfTheWorlds,sci-fi,bigrams,saw dimly,3
TheWarOfTheWorlds,sci-fi,bigrams,make way,3
TheWarOfTheWorlds,sci-fi,bigrams,coming way,3
TheWarOfTheWorlds,sci-fi,bigrams,one may,3
TheWarOfTheWorlds,sci-fi,bigrams,along lane,3
TheWarOfTheWorlds,sci-fi,bigrams,way way,3
TheWarOfTheWorlds,sci-fi,bigrams,among saw,3
TheWarOfTheWorlds,sci-fi,bigrams,saw first,3
TheWarOfTheWorlds,sci-fi,bigrams,may seem,3
TheWarOfTheWorlds,sci-fi,bigrams,red creeper,3
TheWarOfTheWorlds,sci-fi,bigrams,top hill,3
TheWarOfTheWorlds,sci-fi,bigrams,street saw,3
TheWarOfTheWorlds,sci-fi,bigrams,sound ulla,3
TheWarOfTheWorlds,sci-fi,bigrams,coming eve,2
TheWarOfTheWorlds,sci-fi,bigrams,eve war,2
TheWarOfTheWorlds,sci-fi,bigrams,ray road,2
TheWarOfTheWorlds,sci-fi,bigrams,saw destruction,2
TheWarOfTheWorlds,sci-fi,bigrams,saw ruined,2
TheWarOfTheWorlds,sci-fi,bigrams,man hill,2
TheWarOfTheWorlds,sci-fi,bigrams,distance miles,2
TheWarOfTheWorlds,sci-fi,bigrams,red planet,2
TheWarOfTheWorlds,sci-fi,bigrams,millions miles,2
TheWarOfTheWorlds,sci-fi,bigrams,many miles,2
TheWarOfTheWorlds,sci-fi,bigrams,feeling way,2
TheWarOfTheWorlds,sci-fi,bigrams,miles away,2
TheWarOfTheWorlds,sci-fi,bigrams,red green,2
TheWarOfTheWorlds,sci-fi,bigrams,hundred miles,2
TheWarOfTheWorlds,sci-fi,bigrams,shooting star,2
TheWarOfTheWorlds,sci-fi,bigrams,rose early,2
TheWarOfTheWorlds,sci-fi,bigrams,soon dawn,2
TheWarOfTheWorlds,sci-fi,bigrams,black mark,2
TheWarOfTheWorlds,sci-fi,bigrams,saw black,2
TheWarOfTheWorlds,sci-fi,bigrams,cylinder lay,2
TheWarOfTheWorlds,sci-fi,bigrams,ginger beer,2
TheWarOfTheWorlds,sci-fi,bigrams,presently saw,2
TheWarOfTheWorlds,sci-fi,bigrams,way back,2
TheWarOfTheWorlds,sci-fi,bigrams,saw lad,2
TheWarOfTheWorlds,sci-fi,trigrams,ulla ulla ulla,14
TheWarOfTheWorlds,sci-fi,trigrams,st john wood,5
TheWarOfTheWorlds,sci-fi,trigrams,st george hill,5
TheWarOfTheWorlds,sci-fi,trigrams,deep blue sky,3
TheWarOfTheWorlds,sci-fi,trigrams,range heat ray,3
TheWarOfTheWorlds,sci-fi,trigrams,sound ulla ulla,3
TheWarOfTheWorlds,sci-fi,trigrams,one coming eve,2
TheWarOfTheWorlds,sci-fi,trigrams,coming eve war,2
TheWarOfTheWorlds,sci-fi,trigrams,heat ray road,2
TheWarOfTheWorlds,sci-fi,trigrams,saw ruined house,2
TheWarOfTheWorlds,sci-fi,trigrams,forty millions miles,2
TheWarOfTheWorlds,sci-fi,trigrams,one hundred miles,2
TheWarOfTheWorlds,sci-fi,trigrams,bridge saw one,2
TheWarOfTheWorlds,sci-fi,trigrams,smoky red flame,2
TheWarOfTheWorlds,sci-fi,trigrams,opposite slope hill,2
TheWarOfTheWorlds,sci-fi,trigrams,far could see,2
TheWarOfTheWorlds,sci-fi,trigrams,door could see,2
TheWarOfTheWorlds,sci-fi,trigrams,heat ray brought,2
TheWarOfTheWorlds,sci-fi,trigrams,ray brought bear,2
TheWarOfTheWorlds,sci-fi,trigrams,terrible heat ray,2
TheWarOfTheWorlds,sci-fi,trigrams,generator heat ray,2
TheWarOfTheWorlds,sci-fi,trigrams,tattered red flesh,2
TheWarOfTheWorlds,sci-fi,trigrams,looking back saw,2
TheWarOfTheWorlds,sci-fi,trigrams,heat ray came,2
TheWarOfTheWorlds,sci-fi,trigrams,green smoke rose,2
TheWarOfTheWorlds,sci-fi,trigrams,hot blue sky,2
TheWarOfTheWorlds,sci-fi,trigrams,one may picture,2
TheWarOfTheWorlds,sci-fi,trigrams,ram thunder child,2
TheWarOfTheWorlds,sci-fi,trigrams,saw first time,2
TheWarOfTheWorlds,sci-fi,trigrams,strange may seem,2
TheWarOfTheWorlds,sci-fi,trigrams,red weed grew,2
TheWarOfTheWorlds,sci-fi,trigrams,could see thing,2
TheWarOfTheWorlds,sci-fi,trigrams,must bear witness,2
TheWarOfTheWorlds,sci-fi,trigrams,mass red weed,2
TheWarOfTheWorlds,sci-fi,trigrams,summit primrose hill,2
TheWarOfTheWorlds,sci-fi,trigrams,eve war falling,1
TheWarOfTheWorlds,sci-fi,trigrams,war falling star,1
TheWarOfTheWorlds,sci-fi,trigrams,falling star common,1
TheWarOfTheWorlds,sci-fi,trigrams,star common cylinder,1
TheWarOfTheWorlds,sci-fi,trigrams,cylinder heat ray,1
TheWarOfTheWorlds,sci-fi,trigrams,heat ray heat,1
TheWarOfTheWorlds,sci-fi,trigrams,ray heat ray,1
TheWarOfTheWorlds,sci-fi,trigrams,ray road home,1
TheWarOfTheWorlds,sci-fi,trigrams,night fighting storm,1
TheWarOfTheWorlds,sci-fi,trigrams,fighting storm xi,1
TheWarOfTheWorlds,sci-fi,trigrams,storm xi window,1
TheWarOfTheWorlds,sci-fi,trigrams,xi window saw,1
TheWarOfTheWorlds,sci-fi,trigrams,window saw destruction,1
TheWarOfTheWorlds,sci-fi,trigrams,saw destruction fell,1
TheWarOfTheWorlds,sci-fi,trigrams,earth foot saw,1
TheWarOfTheWorlds,sci-fi,trigrams,foot saw ruined,1
TheWarOfTheWorlds,sci-fi,trigrams,days man hill,1
TheWarOfTheWorlds,sci-fi,trigrams,man hill dead,1
TheWarOfTheWorlds,sci-fi,trigrams,hill dead wreckage,1
TheWarOfTheWorlds,sci-fi,trigrams,eve war one,1
TheWarOfTheWorlds,sci-fi,trigrams,globe little serene,1
TheWarOfTheWorlds,sci-fi,trigrams,little serene assurance,1
TheWarOfTheWorlds,sci-fi,trigrams,serene assurance empire,1
TheWarOfTheWorlds,sci-fi,trigrams,slowly surely drew,1
TheWarOfTheWorlds,sci-fi,trigrams,surely drew us,1
TheWarOfTheWorlds,sci-fi,trigrams,drew us early,1
TheWarOfTheWorlds,sci-fi,trigrams,mean distance miles,1
TheWarOfTheWorlds,sci-fi,trigrams,distance miles light,1
TheWarOfTheWorlds,sci-fi,trigrams,miles light heat,1
TheWarOfTheWorlds,sci-fi,trigrams,space scarcely see,1
TheWarOfTheWorlds,sci-fi,trigrams,scarcely see nearest,1
TheWarOfTheWorlds,sci-fi,trigrams,see nearest distance,1
TheWarOfTheWorlds,sci-fi,trigrams,nearest distance miles,1
TheWarOfTheWorlds,sci-fi,trigrams,distance miles sunward,1
TheWarOfTheWorlds,sci-fi,trigrams,miles sunward morning,1
TheWarOfTheWorlds,sci-fi,trigrams,sunward morning star,1
TheWarOfTheWorlds,sci-fi,trigrams,morning star hope,1
TheWarOfTheWorlds,sci-fi,trigrams,star hope warmer,1
TheWarOfTheWorlds,sci-fi,trigrams,hope warmer planet,1
TheWarOfTheWorlds,sci-fi,trigrams,regard inferior carry,1
TheWarOfTheWorlds,sci-fi,trigrams,inferior carry warfare,1
TheWarOfTheWorlds,sci-fi,trigrams,carry warfare sunward,1
TheWarOfTheWorlds,sci-fi,trigrams,space fifty mercy,1
TheWarOfTheWorlds,sci-fi,trigrams,fifty mercy complain,1
TheWarOfTheWorlds,sci-fi,trigrams,mercy complain spirit,1
TheTimeMachine,sci-fi,unigrams,saw,88
TheTimeMachine,sci-fi,unigrams,see,45
TheTimeMachine,sci-fi,unigrams,way,38
TheTimeMachine,sci-fi,unigrams,may,33
TheTimeMachine,sci-fi,unigrams,sky,33
TheTimeMachine,sci-fi,unigrams,red,26
TheTimeMachine,sci-fi,unigrams,say,20
TheTimeMachine,sci-fi,unigrams,hill,20
TheTimeMachine,sci-fi,unigrams,lay,16
TheTimeMachine,sci-fi,unigrams,wood,15
TheTimeMachine,sci-fi,unigrams,rose,13
TheTimeMachine,sci-fi,unigrams,hall,13
TheTimeMachine,sci-fi,unigrams,forest,8
TheTimeMachine,sci-fi,unigrams,trace,7
TheTimeMachine,sci-fi,unigrams,hope,7
TheTimeMachine,sci-fi,unigrams,case,7
TheTimeMachine,sci-fi,unigrams,shadow,7
TheTimeMachine,sci-fi,unigrams,fancy,7
TheTimeMachine,sci-fi,unigrams,wait,6
TheTimeMachine,sci-fi,unigrams,ivory,6
TheTimeMachine,sci-fi,unigrams,drew,6
TheTimeMachine,sci-fi,bigrams,could see,15
TheTimeMachine,sci-fi,bigrams,great hall,5
TheTimeMachine,sci-fi,bigrams,provincial mayor,4
TheTimeMachine,sci-fi,bigrams,little way,4
TheTimeMachine,sci-fi,bigrams,round saw,3
TheTimeMachine,sci-fi,bigrams,across sky,3
TheTimeMachine,sci-fi,bigrams,saw white,3
TheTimeMachine,sci-fi,bigrams,saw little,3
TheTimeMachine,sci-fi,bigrams,may seem,3
TheTimeMachine,sci-fi,bigrams,fancied saw,3
TheTimeMachine,sci-fi,bigrams,saw black,3
TheTimeMachine,sci-fi,bigrams,one may,2
TheTimeMachine,sci-fi,bigrams,see said,2
TheTimeMachine,sci-fi,bigrams,cannot see,2
TheTimeMachine,sci-fi,bigrams,see time,2
TheTimeMachine,sci-fi,bigrams,led way,2
TheTimeMachine,sci-fi,bigrams,rang bell,2
TheTimeMachine,sci-fi,bigrams,saw first,2
TheTimeMachine,sci-fi,bigrams,feeling way,2
TheTimeMachine,sci-fi,bigrams,way among,2
TheTimeMachine,sci-fi,bigrams,dare say,2
TheTimeMachine,sci-fi,bigrams,away saw,2
TheTimeMachine,sci-fi,bigrams,shoulder rose,2
TheTimeMachine,sci-fi,bigrams,saw growing,2
TheTimeMachine,sci-fi,bigrams,world saw,2
TheTimeMachine,sci-fi,bigrams,saw vast,2
TheTimeMachine,sci-fi,bigrams,see could,2
TheTimeMachine,sci-fi,bigrams,bright red,2
TheTimeMachine,sci-fi,bigrams,saw old,2
TheTimeMachine,sci-fi,bigrams,dining hall,2
TheTimeMachine,sci-fi,bigrams,strange saw,2
TheTimeMachine,sci-fi,bigrams,needs see,2
TheTimeMachine,sci-fi,bigrams,lay like,2
TheTimeMachine,sci-fi,bigrams,may even,2
TheTimeMachine,sci-fi,bigrams,hill crest,2
TheTimeMachine,sci-fi,bigrams,face saw,2
TheTimeMachine,sci-fi,bigrams,perhaps may,2
TheTimeMachine,sci-fi,bigrams,feeling may,2
TheTimeMachine,sci-fi,bigrams,hill saw,2
TheTimeMachine,sci-fi,bigrams,lay path,2
TheTimeMachine,sci-fi,bigrams,came hill,2
TheTimeMachine,sci-fi,bigrams,see three,2
TheTimeMachine,sci-fi,bigrams,eastern sky,2
TheTimeMachine,sci-fi,bigrams,wall saw,2
TheTimeMachine,sci-fi,bigrams,well saw,2
TheTimeMachine,sci-fi,bigrams,saw three,2
TheTimeMachine,sci-fi,bigrams,south west,2
TheTimeMachine,sci-fi,bigrams,moon rose,2
TheTimeMachine,sci-fi,bigrams,lay beside,2
TheTimeMachine,sci-fi,trigrams,looking round saw,2
TheTimeMachine,sci-fi,trigrams,sun across sky,2
TheTimeMachine,sci-fi,trigrams,old moon rose,2
TheTimeMachine,sci-fi,trigrams,smell burning wood,2
TheTimeMachine,sci-fi,trigrams,put us way,1
TheTimeMachine,sci-fi,trigrams,us way marking,1
TheTimeMachine,sci-fi,trigrams,way marking lean,1
TheTimeMachine,sci-fi,trigrams,argumentative person red,1
TheTimeMachine,sci-fi,trigrams,person red hair,1
TheTimeMachine,sci-fi,trigrams,red hair mean,1
TheTimeMachine,sci-fi,trigrams,line thickness nil,1
TheTimeMachine,sci-fi,trigrams,thickness nil real,1
TheTimeMachine,sci-fi,trigrams,nil real existence,1
TheTimeMachine,sci-fi,trigrams,solid body may,1
TheTimeMachine,sci-fi,trigrams,body may exist,1
TheTimeMachine,sci-fi,trigrams,may exist real,1
TheTimeMachine,sci-fi,trigrams,people think wait,1
TheTimeMachine,sci-fi,trigrams,think wait moment,1
TheTimeMachine,sci-fi,trigrams,wait moment instantaneous,1
TheTimeMachine,sci-fi,trigrams,mean another way,1
TheTimeMachine,sci-fi,trigrams,another way looking,1
TheTimeMachine,sci-fi,trigrams,way looking time,1
TheTimeMachine,sci-fi,trigrams,side idea say,1
TheTimeMachine,sci-fi,trigrams,idea say fourth,1
TheTimeMachine,sci-fi,trigrams,say fourth dimension,1
TheTimeMachine,sci-fi,trigrams,said provincial mayor,1
TheTimeMachine,sci-fi,trigrams,provincial mayor simply,1
TheTimeMachine,sci-fi,trigrams,mayor simply space,1
TheTimeMachine,sci-fi,trigrams,three one may,1
TheTimeMachine,sci-fi,trigrams,one may call,1
TheTimeMachine,sci-fi,trigrams,may call length,1
TheTimeMachine,sci-fi,trigrams,geometry professor simon,1
TheTimeMachine,sci-fi,trigrams,professor simon new,1
TheTimeMachine,sci-fi,trigrams,simon new york,1
TheTimeMachine,sci-fi,trigrams,perspective thing see,1
TheTimeMachine,sci-fi,trigrams,thing see think,1
TheTimeMachine,sci-fi,trigrams,see think provincial,1
TheTimeMachine,sci-fi,trigrams,think provincial mayor,1
TheTimeMachine,sci-fi,trigrams,provincial mayor knitting,1
TheTimeMachine,sci-fi,trigrams,mayor knitting lapsed,1
TheTimeMachine,sci-fi,trigrams,yes think see,1
TheTimeMachine,sci-fi,trigrams,think see said,1
TheTimeMachine,sci-fi,trigrams,see said time,1
TheTimeMachine,sci-fi,trigrams,record line trace,1
TheTimeMachine,sci-fi,trigrams,line trace finger,1
TheTimeMachine,sci-fi,trigrams,trace finger movement,1
TheTimeMachine,sci-fi,trigrams,fell morning rose,1
TheTimeMachine,sci-fi,trigrams,morning rose gently,1
TheTimeMachine,sci-fi,trigrams,rose gently upward,1
TheTimeMachine,sci-fi,trigrams,surely mercury trace,1
TheTimeMachine,sci-fi,trigrams,mercury trace line,1
TheTimeMachine,sci-fi,trigrams,trace line space,1
TwentyThousandLeagues,sci-fi,unigrams,ned,324
TwentyThousandLeagues,sci-fi,unigrams,see,151
TwentyThousandLeagues,sci-fi,unigrams,saw,125
TwentyThousandLeagues,sci-fi,unigrams,miles,109
TwentyThousandLeagues,sci-fi,unigrams,say,76
TwentyThousandLeagues,sci-fi,unigrams,may,72
TwentyThousandLeagues,sci-fi,unigrams,rose,54
TwentyThousandLeagues,sci-fi,unigrams,red,52
TwentyThousandLeagues,sci-fi,unigrams,abraham,46
TwentyThousandLeagues,sci-fi,unigrams,lincoln,46
TwentyThousandLeagues,sci-fi,unigrams,coral,41
TwentyThousandLeagues,sci-fi,unigrams,way,41
TwentyThousandLeagues,sci-fi,unigrams,chance,29
TwentyThousandLeagues,sci-fi,unigrams,west,27
TwentyThousandLeagues,sci-fi,unigrams,rock,27
TwentyThousandLeagues,sci-fi,unigrams,lay,27
TwentyThousandLeagues,sci-fi,unigrams,hope,26
TwentyThousandLeagues,sci-fi,unigrams,bay,25
TwentyThousandLeagues,sci-fi,unigrams,french,25
TwentyThousandLeagues,sci-fi,unigrams,forest,23
TwentyThousandLeagues,sci-fi,unigrams,case,23
TwentyThousandLeagues,sci-fi,unigrams,shell,23
TwentyThousandLeagues,sci-fi,unigrams,sky,20
TwentyThousandLeagues,sci-fi,unigrams,pearl,19
TwentyThousandLeagues,sci-fi,unigrams,worthy,19
TwentyThousandLeagues,sci-fi,bigrams,ned land,196
TwentyThousandLeagues,sci-fi,bigrams,abraham lincoln,46
TwentyThousandLeagues,sci-fi,bigrams,said ned,31
TwentyThousandLeagues,sci-fi,bigrams,red sea,26
TwentyThousandLeagues,sci-fi,bigrams,could see,24
TwentyThousandLeagues,sci-fi,bigrams,friend ned,22
TwentyThousandLeagues,sci-fi,bigrams,miles hour,18
TwentyThousandLeagues,sci-fi,bigrams,two miles,14
TwentyThousandLeagues,sci-fi,bigrams,ned said,11
TwentyThousandLeagues,sci-fi,bigrams,five miles,10
TwentyThousandLeagues,sci-fi,bigrams,twenty miles,10
TwentyThousandLeagues,sci-fi,bigrams,th april,8
TwentyThousandLeagues,sci-fi,bigrams,north west,8
TwentyThousandLeagues,sci-fi,bigrams,well ned,8
TwentyThousandLeagues,sci-fi,bigrams,shall see,8
TwentyThousandLeagues,sci-fi,bigrams,could say,7
TwentyThousandLeagues,sci-fi,bigrams,see captain,7
TwentyThousandLeagues,sci-fi,bigrams,th may,7
TwentyThousandLeagues,sci-fi,bigrams,good hope,7
TwentyThousandLeagues,sci-fi,bigrams,saw nothing,6
TwentyThousandLeagues,sci-fi,bigrams,ned well,6
TwentyThousandLeagues,sci-fi,bigrams,cried ned,6
TwentyThousandLeagues,sci-fi,bigrams,captain rose,6
TwentyThousandLeagues,sci-fi,bigrams,six miles,6
TwentyThousandLeagues,sci-fi,bigrams,saw captain,6
TwentyThousandLeagues,sci-fi,bigrams,miles nautilus,6
TwentyThousandLeagues,sci-fi,bigrams,hundred miles,5
TwentyThousandLeagues,sci-fi,bigrams,fifteen miles,5
TwentyThousandLeagues,sci-fi,bigrams,would say,5
TwentyThousandLeagues,sci-fi,bigrams,miles south,5
TwentyThousandLeagues,sci-fi,bigrams,must say,5
TwentyThousandLeagues,sci-fi,bigrams,three miles,5
TwentyThousandLeagues,sci-fi,bigrams,captain ned,5
TwentyThousandLeagues,sci-fi,bigrams,worthy fellow,5
TwentyThousandLeagues,sci-fi,bigrams,might say,5
TwentyThousandLeagues,sci-fi,bigrams,master ned,5
TwentyThousandLeagues,sci-fi,bigrams,us see,5
TwentyThousandLeagues,sci-fi,bigrams,see nothing,5
TwentyThousandLeagues,sci-fi,bigrams,coral cemetery,5
TwentyThousandLeagues,sci-fi,bigrams,may nautilus,5
TwentyThousandLeagues,sci-fi,bigrams,chapter ned,4
TwentyThousandLeagues,sci-fi,bigrams,submarine forest,4
TwentyThousandLeagues,sci-fi,bigrams,see friend,4
TwentyThousandLeagues,sci-fi,bigrams,ten miles,4
TwentyThousandLeagues,sci-fi,bigrams,brave ned,4
TwentyThousandLeagues,sci-fi,bigrams,thirty miles,4
TwentyThousandLeagues,sci-fi,bigrams,miles leeward,4
TwentyThousandLeagues,sci-fi,bigrams,bear pressure,4
TwentyThousandLeagues,sci-fi,bigrams,miles windward,4
TwentyThousandLeagues,sci-fi,bigrams,made miles,4
TwentyThousandLeagues,sci-fi,bigrams,miles us,4
TwentyThousandLeagues,sci-fi,bigrams,us ned,4
TwentyThousandLeagues,sci-fi,bigrams,must see,4
TwentyThousandLeagues,sci-fi,bigrams,water saw,4
TwentyThousandLeagues,sci-fi,bigrams,still see,4
TwentyThousandLeagues,sci-fi,bigrams,forty miles,4
TwentyThousandLeagues,sci-fi,bigrams,south west,4
TwentyThousandLeagues,sci-fi,bigrams,see us,4
TwentyThousandLeagues,sci-fi,bigrams,st lawrence,4
TwentyThousandLeagues,sci-fi,bigrams,yes ned,4
TwentyThousandLeagues,sci-fi,bigrams,coral kingdom,3
TwentyThousandLeagues,sci-fi,bigrams,miles east,3
TwentyThousandLeagues,sci-fi,bigrams,french government,3
TwentyThousandLeagues,sci-fi,bigrams,may well,3
TwentyThousandLeagues,sci-fi,trigrams,said ned land,19
TwentyThousandLeagues,sci-fi,trigrams,sir said ned,7
TwentyThousandLeagues,sci-fi,trigrams,cape good hope,7
TwentyThousandLeagues,sci-fi,trigrams,cried ned land,6
TwentyThousandLeagues,sci-fi,trigrams,twenty miles hour,5
TwentyThousandLeagues,sci-fi,trigrams,chapter ned land,4
TwentyThousandLeagues,sci-fi,trigrams,ned land harpoon,4
TwentyThousandLeagues,sci-fi,trigrams,captain ned land,4
TwentyThousandLeagues,sci-fi,trigrams,us ned land,4
TwentyThousandLeagues,sci-fi,trigrams,friend ned said,4
TwentyThousandLeagues,sci-fi,trigrams,ned land captain,3
TwentyThousandLeagues,sci-fi,trigrams,board abraham lincoln,3
TwentyThousandLeagues,sci-fi,trigrams,ned land one,3
TwentyThousandLeagues,sci-fi,trigrams,speed fifteen miles,3
TwentyThousandLeagues,sci-fi,trigrams,fifteen miles hour,3
TwentyThousandLeagues,sci-fi,trigrams,could still see,3
TwentyThousandLeagues,sci-fi,trigrams,could even see,3
TwentyThousandLeagues,sci-fi,trigrams,could see nothing,3
TwentyThousandLeagues,sci-fi,trigrams,ned land came,3
TwentyThousandLeagues,sci-fi,trigrams,five miles hour,3
TwentyThousandLeagues,sci-fi,trigrams,ned land took,3
TwentyThousandLeagues,sci-fi,trigrams,speed twenty miles,3
TwentyThousandLeagues,sci-fi,trigrams,red sea mediterranean,3
TwentyThousandLeagues,sci-fi,trigrams,th may nautilus,3
TwentyThousandLeagues,sci-fi,trigrams,chapter pro con,2
TwentyThousandLeagues,sci-fi,trigrams,ned land chapter,2
TwentyThousandLeagues,sci-fi,trigrams,chapter submarine forest,2
TwentyThousandLeagues,sci-fi,trigrams,chapter coral kingdom,2
TwentyThousandLeagues,sci-fi,trigrams,chapter pearl ten,2
TwentyThousandLeagues,sci-fi,trigrams,pearl ten millions,2
TwentyThousandLeagues,sci-fi,trigrams,chapter red sea,2
TwentyThousandLeagues,sci-fi,trigrams,grey bearded gunner,2
TwentyThousandLeagues,sci-fi,trigrams,three hundred miles,2
TwentyThousandLeagues,sci-fi,trigrams,speed abraham lincoln,2
TwentyThousandLeagues,sci-fi,trigrams,abraham lincoln well,2
TwentyThousandLeagues,sci-fi,trigrams,ned land canadian,2
TwentyThousandLeagues,sci-fi,trigrams,ned land must,2
TwentyThousandLeagues,sci-fi,trigrams,ah brave ned,2
TwentyThousandLeagues,sci-fi,trigrams,abraham lincoln would,2
TwentyThousandLeagues,sci-fi,trigrams,seeing ned land,2
TwentyThousandLeagues,sci-fi,trigrams,ned land let,2
TwentyThousandLeagues,sci-fi,trigrams,well ned said,2
TwentyThousandLeagues,sci-fi,trigrams,pressure ned land,2
TwentyThousandLeagues,sci-fi,trigrams,towards abraham lincoln,2
TwentyThousandLeagues,sci-fi,trigrams,darkness ned land,2
TwentyThousandLeagues,sci-fi,trigrams,day ned land,2
TwentyThousandLeagues,sci-fi,trigrams,ned land shall,2
TwentyThousandLeagues,sci-fi,trigrams,ned said captain,2
TwentyThousandLeagues,sci-fi,trigrams,rate miles hour,2
TwentyThousandLeagues,sci-fi,trigrams,ned land mind,2
TwentyThousandLeagues,sci-fi,trigrams,see well enough,2
TwentyThousandLeagues,sci-fi,trigrams,speak french english,2
TwentyThousandLeagues,sci-fi,trigrams,french english german,2
TwentyThousandLeagues,sci-fi,trigrams,ned land two,2
TwentyThousandLeagues,sci-fi,trigrams,friend said ned,2
TwentyThousandLeagues,sci-fi,trigrams,two ned land,2
TwentyThousandLeagues,sci-fi,trigrams,well ned land,2
TwentyThousandLeagues,sci-fi,trigrams,five six miles,2
TwentyThousandLeagues,sci-fi,trigrams,sea beautiful sky,2
TwentyThousandLeagues,sci-fi,trigrams,see friend ned,2
TwentyThousandLeagues,sci-fi,trigrams,radiant orb rose,2
TwentyThousandLeagues,sci-fi,trigrams,ned land without,2
TwentyThousandLeagues,sci-fi,trigrams,surface water saw,2
TwentyThousandLeagues,sci-fi,trigrams,happy new year,2
TwentyThousandLeagues,sci-fi,trigrams,one could see,2
TwentyThousandLeagues,sci-fi,trigrams,made miles french,2
TwentyThousandLeagues,sci-fi,trigrams,ned land could,2
TwentyThousandLeagues,sci-fi,trigrams,continued ned land,2
TwentyThousandLeagues,sci-fi,trigrams,ned land every,2
TwentyThousandLeagues,sci-fi,trigrams,ned land knew,2
TwentyThousandLeagues,sci-fi,trigrams,fire dead wood,2
TwentyThousandLeagues,sci-fi,trigrams,ned land whose,2
TwentyThousandLeagues,sci-fi,trigrams,friend ned see,2
TwentyThousandLeagues,sci-fi,trigrams,clock ned land,2
TwentyThousandLeagues,sci-fi,trigrams,ned land carried,2
TwentyThousandLeagues,sci-fi,trigrams,sir friend ned,2
TwentyThousandLeagues,sci-fi,trigrams,central staircase ned,2
TwentyThousandLeagues,sci-fi,trigrams,staircase ned land,2
TwentyThousandLeagues,sci-fi,trigrams,good hope cape,2
TwentyThousandLeagues,sci-fi,trigrams,ned land told,2
TwentyThousandLeagues,sci-fi,trigrams,ned land would,2
TwentyThousandLeagues,sci-fi,trigrams,platform ned land,2
TwentyThousandLeagues,sci-fi,trigrams,man understand french,2
TwentyThousandLeagues,sci-fi,trigrams,peculiar red sea,2
TwentyThousandLeagues,sci-fi,trigrams,red sea indian,2
TwentyThousandLeagues,sci-fi,trigrams,could see nautilus,2
TwentyThousandLeagues,sci-fi,trigrams,shall see work,2
TwentyThousandLeagues,sci-fi,trigrams,destruction ned land,2
TwentyThousandLeagues,sci-fi,trigrams,first dawn day,2
TwentyThousandLeagues,sci-fi,trigrams,dugong ned land,2
TwentyThousandLeagues,sci-fi,trigrams,two miles nautilus,2
TwentyThousandLeagues,sci-fi,trigrams,friend ned answer,2
TwentyThousandLeagues,sci-fi,trigrams,twenty five miles,2
TwentyThousandLeagues,sci-fi,trigrams,ned land great,2
TwentyThousandLeagues,sci-fi,trigrams,distance twelve miles,2
TwentyThousandLeagues,sci-fi,trigrams,join ned land,2
TwentyThousandLeagues,sci-fi,trigrams,hope one day,2
TwentyThousandLeagues,sci-fi,trigrams,looking fixedly ned,2
TwentyThousandLeagues,sci-fi,trigrams,fixedly ned land,2
TwentyThousandLeagues,sci-fi,trigrams,ocean ned land,2
TwentyThousandLeagues,sci-fi,trigrams,window could see,2
TwentyThousandLeagues,sci-fi,trigrams,could see lower,2
TwentyThousandLeagues,sci-fi,trigrams,ten miles south,2
TwentyThousandLeagues,sci-fi,trigrams,ned land matter,2
TwentyThousandLeagues,sci-fi,trigrams,ned land provided,2
TwentyThousandLeagues,sci-fi,trigrams,ice one yard,2
TwentyThousandLeagues,sci-fi,trigrams,one yard thick,2
TwentyThousandLeagues,sci-fi,trigrams,next day april,2
TwentyThousandLeagues,sci-fi,trigrams,saw said canadian,2
TwentyThousandLeagues,sci-fi,trigrams,good said ned,2
TwentyThousandLeagues,sci-fi,trigrams,st may nautilus,2
TwentyThousandLeagues,sci-fi,trigrams,nautilus could see,2
TwentyThousandLeagues,sci-fi,trigrams,struck shell nautilus,2
TwentyThousandLeagues,sci-fi,trigrams,every moment see,2
TwentyThousandLeagues,sci-fi,trigrams,thousand sea jules,1
TwentyThousandLeagues,sci-fi,trigrams,sea jules contents,1
TwentyThousandLeagues,sci-fi,trigrams,jules contents part,1
TwentyThousandLeagues,sci-fi,trigrams,pro con chapter,1
TwentyThousandLeagues,sci-fi,trigrams,con chapter form,1
TwentyThousandLeagues,sci-fi,trigrams,resolution chapter ned,1
TwentyThousandLeagues,sci-fi,trigrams,chapter chapter ned,1
TwentyThousandLeagues,sci-fi,trigrams,submarine forest chapter,1
TwentyThousandLeagues,sci-fi,trigrams,forest chapter four,1
TwentyThousandLeagues,sci-fi,trigrams,chapter chapter coral,1
TwentyThousandLeagues,sci-fi,trigrams,coral kingdom part,1
TwentyThousandLeagues,sci-fi,trigrams,captain chapter pearl,1
TwentyThousandLeagues,sci-fi,trigrams,millions chapter red,1
TwentyThousandLeagues,sci-fi,trigrams,red sea chapter,1
TwentyThousandLeagues,sci-fi,trigrams,eight chapter bay,1
TwentyThousandLeagues,sci-fi,trigrams,chapter bay chapter,1
TwentyThousandLeagues,sci-fi,trigrams,bay chapter continent,1
TwentyThousandLeagues,sci-fi,trigrams,bearded gunner captain,1
TwentyThousandLeagues,sci-fi,trigrams,gunner captain state,1
